experiment,kind,context,config,original_gpu_us,control_gpu_us,fused_gpu_us,cosine,error
team-search,mlp,128,"{""compact"": true, ""ksplit"": 1, ""sgs"": 8, ""tn"": 16, ""workers"": 40}",310.48177083903283,726.4062502372326,772.2500000113541,0.9999999987871176,
team-search,mlp,128,"{""compact"": true, ""ksplit"": 2, ""sgs"": 8, ""tn"": 16, ""workers"": 40}",310.9244791517085,695.6432291076453,777.2734375066648,0.9999999996675794,
team-search,mlp,128,"{""compact"": true, ""ksplit"": 4, ""sgs"": 8, ""tn"": 16, ""workers"": 40}",310.6302083324408,636.3489584941817,708.5885416699966,0.999999998855765,
team-search,mlp,128,"{""compact"": true, ""ksplit"": 8, ""sgs"": 8, ""tn"": 16, ""workers"": 40}",310.5911459329036,630.2526041963574,692.6744792394857,0.9999999995089294,
team-search,mlp,128,"{""compact"": true, ""ksplit"": 1, ""sgs"": 8, ""tn"": 32, ""workers"": 40}",311.01041673764485,731.234375166423,769.0781251312728,0.9999999987871176,
team-search,mlp,128,"{""compact"": true, ""ksplit"": 2, ""sgs"": 8, ""tn"": 32, ""workers"": 40}",310.6484375621221,575.8020834605304,637.4244791800265,0.9999999996675794,
team-search,mlp,128,"{""compact"": true, ""ksplit"": 4, ""sgs"": 8, ""tn"": 32, ""workers"": 40}",310.8177081685426,559.625000221331,614.1171874105567,0.999999998855765,
team-search,mlp,128,"{""compact"": true, ""ksplit"": 8, ""sgs"": 8, ""tn"": 32, ""workers"": 40}",310.8750003093519,539.3385416141427,580.7864583857736,0.9999999995089294,
team-search,mlp,128,"{""compact"": true, ""ksplit"": 1, ""sgs"": 16, ""tn"": 16, ""workers"": 40}",310.4609376123335,601.552083196566,657.5755207904876,0.9999999987871176,
team-search,mlp,128,"{""compact"": true, ""ksplit"": 2, ""sgs"": 16, ""tn"": 16, ""workers"": 40}",310.61197898907267,520.671874880918,547.7187499991487,0.9999999996675794,
team-search,mlp,128,"{""compact"": true, ""ksplit"": 4, ""sgs"": 16, ""tn"": 16, ""workers"": 40}",310.8072917825666,519.4687499283646,574.7604165549092,0.999999998855765,
team-search,mlp,128,"{""compact"": true, ""ksplit"": 8, ""sgs"": 16, ""tn"": 16, ""workers"": 40}",311.8619791848687,504.98437491341974,578.6380208405717,0.9999999995089294,
team-search,mlp,128,"{""compact"": true, ""ksplit"": 1, ""sgs"": 16, ""tn"": 32, ""workers"": 40}",311.1927082386501,784.5651042543977,814.6562499860011,0.9999999987871176,
team-search,mlp,128,"{""compact"": true, ""ksplit"": 2, ""sgs"": 16, ""tn"": 32, ""workers"": 40}",311.7421876481785,607.6354168840226,654.802083317918,0.9999999996675794,
team-search,mlp,128,"{""compact"": true, ""ksplit"": 4, ""sgs"": 16, ""tn"": 32, ""workers"": 40}",310.9557292191312,563.5520832925067,591.2395831728645,0.999999998855765,
team-search,mlp,128,"{""compact"": true, ""ksplit"": 8, ""sgs"": 16, ""tn"": 32, ""workers"": 40}",310.7578125991495,532.1484375713226,554.9557292852114,0.9999999995089294,
team-search,mlp,128,"{""compact"": true, ""ksplit"": 1, ""sgs"": 32, ""tn"": 16, ""workers"": 40}",310.7317709805102,809.6692708932096,850.244791820387,0.9999999987871176,
team-search,mlp,128,"{""compact"": true, ""ksplit"": 2, ""sgs"": 32, ""tn"": 16, ""workers"": 40}",311.5833333140472,589.9088540672892,671.7812499914544,0.9999999996675794,
team-search,mlp,128,"{""compact"": true, ""ksplit"": 4, ""sgs"": 32, ""tn"": 16, ""workers"": 40}",311.49218750670116,567.6458333709888,603.4322916548263,0.999999998855765,
team-search,mlp,128,"{""compact"": true, ""ksplit"": 8, ""sgs"": 32, ""tn"": 16, ""workers"": 40}",311.14843761770317,550.0442708807896,577.4166667151803,0.9999999995089294,
team-search,mlp,128,"{""compact"": true, ""ksplit"": 1, ""sgs"": 32, ""tn"": 32, ""workers"": 40}",310.94010427068497,1772.1432291182282,1714.0052081572321,0.9999999987871176,
team-search,mlp,128,"{""compact"": true, ""ksplit"": 2, ""sgs"": 32, ""tn"": 32, ""workers"": 40}",311.3776042482641,1067.8541665356533,1110.8281249789798,0.9999999996675794,
team-search,mlp,128,"{""compact"": true, ""ksplit"": 4, ""sgs"": 32, ""tn"": 32, ""workers"": 40}",311.7265623586718,789.9088541876154,816.5598956111353,0.999999998855765,
team-search,mlp,128,"{""compact"": true, ""ksplit"": 8, ""sgs"": 32, ""tn"": 32, ""workers"": 40}",311.3151041134188,726.4739584229574,764.8489582265938,0.9999999995089294,
team-search,mlp,128,"{""compact"": true, ""ksplit"": 1, ""sgs"": 8, ""tn"": 16, ""workers"": 80}",311.65364578100707,609.2864582001312,634.171874992262,0.9999999987871176,
team-search,mlp,128,"{""compact"": true, ""ksplit"": 2, ""sgs"": 8, ""tn"": 16, ""workers"": 80}",311.3124999458705,480.97135436364624,531.7473957120455,0.9999999996675794,
team-search,mlp,128,"{""compact"": true, ""ksplit"": 4, ""sgs"": 8, ""tn"": 16, ""workers"": 80}",311.463541777357,493.89322919068945,535.1796875174841,0.999999998855765,
team-search,mlp,128,"{""compact"": true, ""ksplit"": 8, ""sgs"": 8, ""tn"": 16, ""workers"": 80}",313.3984374699139,481.23177072056933,524.5416666070923,0.9999999995089294,
team-search,mlp,128,"{""compact"": true, ""ksplit"": 1, ""sgs"": 8, ""tn"": 32, ""workers"": 80}",311.5989583193368,633.2421874617467,668.8854165872726,0.9999999987871176,
team-search,mlp,128,"{""compact"": true, ""ksplit"": 2, ""sgs"": 8, ""tn"": 32, ""workers"": 80}",311.28906238109266,518.7968750419714,561.367187401629,0.9999999996675794,
team-search,mlp,128,"{""compact"": true, ""ksplit"": 4, ""sgs"": 8, ""tn"": 32, ""workers"": 80}",312.0833332559414,544.4322916332567,575.591145945964,0.999999998855765,
team-search,mlp,128,"{""compact"": true, ""ksplit"": 8, ""sgs"": 8, ""tn"": 32, ""workers"": 80}",311.78906255036054,518.7916666500314,542.6666666039637,0.9999999995089294,
team-search,mlp,128,"{""compact"": true, ""ksplit"": 1, ""sgs"": 16, ""tn"": 16, ""workers"": 80}",311.73177075061176,605.781250101245,684.6744791459969,0.9999999987871176,
team-search,mlp,128,"{""compact"": true, ""ksplit"": 2, ""sgs"": 16, ""tn"": 16, ""workers"": 80}",312.0260416835663,508.48177085072166,562.6276041539313,0.9999999996675794,
team-search,mlp,128,"{""compact"": true, ""ksplit"": 4, ""sgs"": 16, ""tn"": 16, ""workers"": 80}",312.8307292286081,525.901041612542,570.1380208051887,0.999999998855765,
team-search,mlp,128,"{""compact"": true, ""ksplit"": 8, ""sgs"": 16, ""tn"": 16, ""workers"": 80}",312.335937564967,497.93489580451933,572.7291667767531,0.9999999995089294,
team-search,mlp,128,"{""compact"": true, ""ksplit"": 1, ""sgs"": 16, ""tn"": 32, ""workers"": 80}",312.3932290804987,772.0963541828496,860.3151041484125,0.9999999987871176,
team-search,mlp,128,"{""compact"": true, ""ksplit"": 2, ""sgs"": 16, ""tn"": 32, ""workers"": 80}",312.1536457229013,600.0078124657193,676.4869792164063,0.9999999996675794,
team-search,mlp,128,"{""compact"": true, ""ksplit"": 4, ""sgs"": 16, ""tn"": 32, ""workers"": 80}",311.6692708431401,567.906250012129,635.7786458011105,0.999999998855765,
team-search,mlp,128,"{""compact"": true, ""ksplit"": 8, ""sgs"": 16, ""tn"": 32, ""workers"": 80}",311.7057291888159,532.8046874524262,666.8307290738085,0.9999999995089294,
team-search,mlp,128,"{""compact"": true, ""ksplit"": 1, ""sgs"": 32, ""tn"": 16, ""workers"": 80}",312.0677082506518,780.0833332680668,913.7890625083855,0.9999999987871176,
team-search,mlp,128,"{""compact"": true, ""ksplit"": 2, ""sgs"": 32, ""tn"": 16, ""workers"": 80}",312.5625000279797,595.06249988317,764.8750001294502,0.9999999996675794,
team-search,mlp,128,"{""compact"": true, ""ksplit"": 4, ""sgs"": 32, ""tn"": 16, ""workers"": 80}",312.49479155803783,567.4140625160362,731.5677085557581,0.999999998855765,
team-search,mlp,128,"{""compact"": true, ""ksplit"": 8, ""sgs"": 32, ""tn"": 16, ""workers"": 80}",311.98958345157735,527.6432291339006,776.6093749523861,0.9999999995089294,
team-search,mlp,128,"{""compact"": true, ""ksplit"": 1, ""sgs"": 32, ""tn"": 32, ""workers"": 80}",312.41406259141513,1774.2135416938254,1731.5416666860983,0.9999999987871176,
team-search,mlp,128,"{""compact"": true, ""ksplit"": 2, ""sgs"": 32, ""tn"": 32, ""workers"": 80}",311.86197907118185,1065.1901043274847,1184.2656248859385,0.9999999996675794,
team-search,mlp,128,"{""compact"": true, ""ksplit"": 4, ""sgs"": 32, ""tn"": 32, ""workers"": 80}",312.3880208022456,801.0703125478358,915.6562499015308,0.999999998855765,
team-search,mlp,128,"{""compact"": true, ""ksplit"": 8, ""sgs"": 32, ""tn"": 32, ""workers"": 80}",312.68229179204354,735.2447916559868,840.1744793218313,0.9999999995089294,
staged-search,mlp,128,"{""compact"": false, ""ksplit"": 1, ""mode"": ""staged"", ""sgs"": 4, ""workers"": 40}",312.44270826391585,4378.390625049633,4468.273437623793,0.9999999983707,
staged-search,mlp,128,"{""compact"": true, ""ksplit"": 1, ""mode"": ""staged"", ""sgs"": 4, ""workers"": 40}",313.0104165620651,4380.500000081611,4489.914062446587,0.9999999983707,
staged-search,mlp,128,"{""compact"": false, ""ksplit"": 2, ""mode"": ""staged"", ""sgs"": 4, ""workers"": 40}",312.6432292788195,3670.18229161431,3911.5729165928315,0.9999999996615468,
staged-search,mlp,128,"{""compact"": true, ""ksplit"": 2, ""mode"": ""staged"", ""sgs"": 4, ""workers"": 40}",312.6822916215133,3654.013020820912,3924.380208331968,0.9999999996615468,
staged-search,mlp,128,"{""compact"": false, ""ksplit"": 4, ""mode"": ""staged"", ""sgs"": 4, ""workers"": 40}",312.6093748733183,3038.8463541726196,3265.1249999275933,0.9999999995075076,
staged-search,mlp,128,"{""compact"": true, ""ksplit"": 4, ""mode"": ""staged"", ""sgs"": 4, ""workers"": 40}",312.679687453965,3041.726562457825,3291.8697916102246,0.9999999995075076,
staged-search,mlp,128,"{""compact"": false, ""ksplit"": 1, ""mode"": ""staged"", ""sgs"": 8, ""workers"": 40}",312.6354167761747,2728.940104020694,2743.4192707573857,0.9999999983707,
staged-search,mlp,128,"{""compact"": true, ""ksplit"": 1, ""mode"": ""staged"", ""sgs"": 8, ""workers"": 40}",312.7916667722275,2732.940104124282,2746.9583331480862,0.9999999983707,
staged-search,mlp,128,"{""compact"": false, ""ksplit"": 2, ""mode"": ""staged"", ""sgs"": 8, ""workers"": 40}",313.2265627527886,2224.135416838635,2239.1432291897218,0.9999999996615468,
staged-search,mlp,128,"{""compact"": true, ""ksplit"": 2, ""mode"": ""staged"", ""sgs"": 8, ""workers"": 40}",313.00520822696853,2222.8281250136206,2234.4401040754747,0.9999999996615468,
staged-search,mlp,128,"{""compact"": false, ""ksplit"": 4, ""mode"": ""staged"", ""sgs"": 8, ""workers"": 40}",312.9348959305389,1961.7421876318986,1977.283854103007,0.9999999995075076,
staged-search,mlp,128,"{""compact"": true, ""ksplit"": 4, ""mode"": ""staged"", ""sgs"": 8, ""workers"": 40}",313.27864570585007,1962.5234376121625,1990.729166550409,0.9999999995075076,
staged-search,mlp,128,"{""compact"": false, ""ksplit"": 8, ""mode"": ""staged"", ""sgs"": 8, ""workers"": 40}",313.2578123654639,1647.9010417356221,1667.2630207494876,1.0,
staged-search,mlp,128,"{""compact"": true, ""ksplit"": 8, ""mode"": ""staged"", ""sgs"": 8, ""workers"": 40}",313.5651041361598,1653.356770816572,1669.484374986041,1.0,
staged-search,mlp,128,"{""compact"": false, ""ksplit"": 1, ""mode"": ""staged"", ""sgs"": 4, ""workers"": 80}",312.9817710032512,2682.153645935159,2716.1901042518366,0.9999999983707,
staged-search,mlp,128,"{""compact"": true, ""ksplit"": 1, ""mode"": ""staged"", ""sgs"": 4, ""workers"": 80}",314.36197900802654,2721.7447916427773,2774.999999985539,0.9999999983707,
staged-search,mlp,128,"{""compact"": false, ""ksplit"": 2, ""mode"": ""staged"", ""sgs"": 4, ""workers"": 80}",312.93750004124377,2250.2656250935615,2273.802083323062,0.9999999996615468,
staged-search,mlp,128,"{""compact"": true, ""ksplit"": 2, ""mode"": ""staged"", ""sgs"": 4, ""workers"": 80}",318.0911458571245,2267.68750002293,2313.091145879298,0.9999999996615468,
staged-search,mlp,128,"{""compact"": false, ""ksplit"": 4, ""mode"": ""staged"", ""sgs"": 4, ""workers"": 80}",312.89322907923633,1950.0572917081627,2002.2057289565964,0.9999999995075076,
staged-search,mlp,128,"{""compact"": true, ""ksplit"": 4, ""mode"": ""staged"", ""sgs"": 4, ""workers"": 80}",312.7369791968704,1947.6041665029697,1990.354166537145,0.9999999995075076,
staged-search,mlp,128,"{""compact"": false, ""ksplit"": 1, ""mode"": ""staged"", ""sgs"": 8, ""workers"": 80}",313.2057292418722,2257.807291755398,2265.208333483315,0.9999999983707,
staged-search,mlp,128,"{""compact"": true, ""ksplit"": 1, ""mode"": ""staged"", ""sgs"": 8, ""workers"": 80}",313.0130208433002,2261.703125157055,2326.463541578505,0.9999999983707,
staged-search,mlp,128,"{""compact"": false, ""ksplit"": 2, ""mode"": ""staged"", ""sgs"": 8, ""workers"": 80}",313.07291652638014,1437.5000000654836,1485.2239582978655,0.9999999996615468,
staged-search,mlp,128,"{""compact"": true, ""ksplit"": 2, ""mode"": ""staged"", ""sgs"": 8, ""workers"": 80}",313.67187523301254,1426.6953126593762,1456.4036458182272,0.9999999996615468,
staged-search,mlp,128,"{""compact"": false, ""ksplit"": 4, ""mode"": ""staged"", ""sgs"": 8, ""workers"": 80}",313.5833333658411,1228.7213542663267,1231.7578125475848,0.9999999995075076,
staged-search,mlp,128,"{""compact"": true, ""ksplit"": 4, ""mode"": ""staged"", ""sgs"": 8, ""workers"": 80}",313.81510427763715,1230.2187498676176,1242.6067709156996,0.9999999995075076,
staged-search,mlp,128,"{""compact"": false, ""ksplit"": 8, ""mode"": ""staged"", ""sgs"": 8, ""workers"": 80}",313.3489584001836,1122.8489583459123,1138.932291553374,1.0,
staged-search,mlp,128,"{""compact"": true, ""ksplit"": 8, ""mode"": ""staged"", ""sgs"": 8, ""workers"": 80}",313.23697908192116,1122.7447917008249,1135.968750190841,1.0,
narrow-search,mlp,128,"{""barrier"": ""serial"", ""compact"": false, ""narrow_scales"": true, ""sgs"": 16, ""split"": true, ""tn"": 16, ""unroll"": false, ""workers"": 40}",312.4244792047648,458.72395821788814,515.7682291496712,0.9999999999128053,
narrow-search,mlp,128,"{""barrier"": ""serial"", ""compact"": true, ""narrow_scales"": true, ""sgs"": 16, ""split"": true, ""tn"": 16, ""unroll"": false, ""workers"": 40}",312.44531248830754,468.6354168370599,535.3020833922528,0.9999999999128053,
narrow-search,mlp,128,"{""barrier"": ""serial"", ""compact"": false, ""narrow_scales"": true, ""sgs"": 16, ""split"": true, ""tn"": 32, ""unroll"": false, ""workers"": 40}",312.1328126098888,407.50520821575265,451.1614583861956,0.9999999999128053,
narrow-search,mlp,128,"{""barrier"": ""serial"", ""compact"": true, ""narrow_scales"": true, ""sgs"": 16, ""split"": true, ""tn"": 32, ""unroll"": false, ""workers"": 40}",312.58593759275755,411.89583339473756,451.58072919093684,0.9999999999128053,
narrow-search,mlp,128,"{""barrier"": ""serial"", ""compact"": false, ""narrow_scales"": true, ""sgs"": 32, ""split"": true, ""tn"": 16, ""unroll"": false, ""workers"": 40}",312.58333331152244,399.6588540644552,489.45052077442597,0.9999999993406435,
narrow-search,mlp,128,"{""barrier"": ""serial"", ""compact"": true, ""narrow_scales"": true, ""sgs"": 32, ""split"": true, ""tn"": 16, ""unroll"": false, ""workers"": 40}",312.5104166770143,399.31770822931867,488.95052083253177,0.9999999993406435,
narrow-search,mlp,128,"{""barrier"": ""serial"", ""compact"": true, ""narrow_scales"": true, ""sgs"": 32, ""split"": true, ""tn"": 32, ""unroll"": false, ""workers"": 40}",312.84114584195777,388.86718766661943,441.4661457872171,0.9999999993406435,
narrow-search,mlp,128,"{""barrier"": ""serial"", ""compact"": false, ""narrow_scales"": true, ""sgs"": 16, ""split"": true, ""tn"": 16, ""unroll"": false, ""workers"": 80}",314.0885418702055,434.23177095291976,474.2499997973937,0.9999999999128053,
narrow-search,mlp,128,"{""barrier"": ""serial"", ""compact"": true, ""narrow_scales"": true, ""sgs"": 16, ""split"": true, ""tn"": 16, ""unroll"": false, ""workers"": 80}",313.08072902902495,433.62239586031137,475.41145835339194,0.9999999999128053,
narrow-search,mlp,128,"{""barrier"": ""serial"", ""compact"": false, ""narrow_scales"": true, ""sgs"": 16, ""split"": true, ""tn"": 32, ""unroll"": false, ""workers"": 80}",312.9192709252493,414.09895828792287,480.16406230999564,0.9999999999128053,
narrow-search,mlp,128,"{""barrier"": ""serial"", ""compact"": true, ""narrow_scales"": true, ""sgs"": 16, ""split"": true, ""tn"": 32, ""unroll"": false, ""workers"": 80}",312.343749953925,413.3854164933837,487.4505208363189,0.9999999999128053,
narrow-search,mlp,128,"{""barrier"": ""serial"", ""compact"": false, ""narrow_scales"": true, ""sgs"": 32, ""split"": true, ""tn"": 16, ""unroll"": false, ""workers"": 80}",313.0104165620651,398.72656253692185,686.0156250354521,0.9999999993406435,
narrow-search,mlp,128,"{""barrier"": ""serial"", ""compact"": true, ""narrow_scales"": true, ""sgs"": 32, ""split"": true, ""tn"": 16, ""unroll"": false, ""workers"": 80}",312.97656266815466,398.50781240602373,685.8229166368801,0.9999999993406435,
narrow-search,mlp,128,"{""barrier"": ""serial"", ""compact"": true, ""narrow_scales"": true, ""sgs"": 32, ""split"": true, ""tn"": 32, ""unroll"": false, ""workers"": 80}",313.6510416652527,392.0104165331395,630.4296874191095,0.9999999993406435,
narrow-search,mlp,128,"{""barrier"": ""simd"", ""compact"": false, ""narrow_scales"": true, ""sgs"": 16, ""split"": true, ""tn"": 16, ""unroll"": true, ""workers"": 40}",312.86718751744047,467.8984374208994,504.49479175540546,0.9999999999128053,
narrow-search,mlp,128,"{""barrier"": ""simd"", ""compact"": true, ""narrow_scales"": true, ""sgs"": 16, ""split"": true, ""tn"": 16, ""unroll"": true, ""workers"": 40}",312.89062513906174,456.669270704424,503.033854045043,0.9999999999128053,
narrow-search,mlp,128,"{""barrier"": ""simd"", ""compact"": false, ""narrow_scales"": true, ""sgs"": 16, ""split"": true, ""tn"": 32, ""unroll"": true, ""workers"": 40}",312.8125002831439,407.5963540230987,444.1536459012241,0.9999999999128053,
narrow-search,mlp,128,"{""barrier"": ""simd"", ""compact"": true, ""narrow_scales"": true, ""sgs"": 16, ""split"": true, ""tn"": 32, ""unroll"": true, ""workers"": 40}",314.0885415859884,409.99218748538624,466.7291664759432,0.9999999999128053,
narrow-search,mlp,128,"{""barrier"": ""simd"", ""compact"": false, ""narrow_scales"": true, ""sgs"": 16, ""split"": true, ""tn"": 16, ""unroll"": true, ""workers"": 80}",312.8828125227301,435.4869791427518,480.9947915873636,0.9999999999128053,
narrow-search,mlp,128,"{""barrier"": ""simd"", ""compact"": true, ""narrow_scales"": true, ""sgs"": 16, ""split"": true, ""tn"": 16, ""unroll"": true, ""workers"": 80}",313.4010416943056,434.95052068465156,480.65104164152217,0.9999999999128053,
narrow-search,mlp,128,"{""barrier"": ""simd"", ""compact"": false, ""narrow_scales"": true, ""sgs"": 16, ""split"": true, ""tn"": 32, ""unroll"": true, ""workers"": 80}",312.851562398464,411.64843759133873,465.9270832689799,0.9999999999128053,
narrow-search,mlp,128,"{""barrier"": ""simd"", ""compact"": true, ""narrow_scales"": true, ""sgs"": 16, ""split"": true, ""tn"": 32, ""unroll"": true, ""workers"": 80}",313.0703125293621,412.1223957440634,466.80468739168646,0.9999999999128053,
narrow-search,mlp,128,"{""barrier"": ""simd"", ""compact"": false, ""narrow_scales"": true, ""sgs"": 16, ""split"": true, ""tn"": 16, ""unroll"": true, ""workers"": 120}",313.02083351647525,444.7109374154934,533.1406250093096,0.9999999999128053,
narrow-search,mlp,128,"{""barrier"": ""simd"", ""compact"": true, ""narrow_scales"": true, ""sgs"": 16, ""split"": true, ""tn"": 16, ""unroll"": true, ""workers"": 120}",313.4270833129449,448.65885428180263,569.0000000981854,0.9999999999128053,
narrow-search,mlp,128,"{""barrier"": ""simd"", ""compact"": false, ""narrow_scales"": true, ""sgs"": 16, ""split"": true, ""tn"": 32, ""unroll"": true, ""workers"": 120}",313.473958499344,420.62239572260296,545.7890626416884,0.9999999999128053,
narrow-search,mlp,128,"{""barrier"": ""simd"", ""compact"": true, ""narrow_scales"": true, ""sgs"": 16, ""split"": true, ""tn"": 32, ""unroll"": true, ""workers"": 120}",314.5390624013089,421.1953123558487,555.5260416940655,0.9999999999128053,
sync-search,gdn,128,"{""barrier"": ""serial"", ""noinline"": false, ""sgs"": 8, ""split"": true, ""task_barrier"": false, ""tn"": 16, ""workers"": 40}",323.33072914525474,493.03645835152565,577.7005208074115,0.9999999242661617,
sync-search,gdn,128,"{""barrier"": ""simd"", ""noinline"": false, ""sgs"": 8, ""split"": true, ""task_barrier"": false, ""tn"": 16, ""workers"": 40}",322.54427094358107,493.36458329207744,555.0833333245464,0.9999999242661617,
sync-search,gdn,128,"{""barrier"": ""serial"", ""noinline"": false, ""sgs"": 8, ""split"": true, ""task_barrier"": false, ""tn"": 32, ""workers"": 40}",323.08854167695245,422.4869790050434,496.29166676368186,0.9999999242661617,
sync-search,gdn,128,"{""barrier"": ""simd"", ""noinline"": false, ""sgs"": 8, ""split"": true, ""task_barrier"": false, ""tn"": 32, ""workers"": 40}",322.2942707452603,421.99218745508915,473.567708183964,0.9999999242661617,
sync-search,gdn,128,"{""barrier"": ""serial"", ""noinline"": false, ""sgs"": 16, ""split"": true, ""task_barrier"": false, ""tn"": 16, ""workers"": 40}",323.4375000147338,342.7057291105484,401.9635416057099,0.9999999785106313,
sync-search,gdn,128,"{""barrier"": ""simd"", ""noinline"": false, ""sgs"": 16, ""split"": true, ""task_barrier"": false, ""tn"": 16, ""workers"": 40}",322.6041667971913,338.64062504562753,362.14322932437426,0.9999999785106313,
sync-search,gdn,128,"{""barrier"": ""serial"", ""noinline"": false, ""sgs"": 16, ""split"": true, ""task_barrier"": false, ""tn"": 32, ""workers"": 40}",323.55729172195424,314.7526043107973,357.6223959385061,0.9999999785106313,
sync-search,gdn,128,"{""barrier"": ""simd"", ""noinline"": false, ""sgs"": 16, ""split"": true, ""task_barrier"": false, ""tn"": 32, ""workers"": 40}",323.1875000437867,317.4635415916782,332.19791657757014,0.9999999785106313,
sync-search,gdn,128,"{""barrier"": ""serial"", ""noinline"": false, ""sgs"": 8, ""split"": true, ""task_barrier"": false, ""tn"": 16, ""workers"": 60}",322.96354180516573,402.5598959742638,473.25260413799697,0.9999999242661617,
sync-search,gdn,128,"{""barrier"": ""simd"", ""noinline"": false, ""sgs"": 8, ""split"": true, ""task_barrier"": false, ""tn"": 16, ""workers"": 60}",322.5755206699432,408.13541653506036,437.60937489878415,0.9999999242661617,
sync-search,gdn,128,"{""barrier"": ""serial"", ""noinline"": false, ""sgs"": 8, ""split"": true, ""task_barrier"": false, ""tn"": 32, ""workers"": 60}",322.6718752102897,383.5208334521667,445.09374987455885,0.9999999242661617,
sync-search,gdn,128,"{""barrier"": ""simd"", ""noinline"": false, ""sgs"": 8, ""split"": true, ""task_barrier"": false, ""tn"": 32, ""workers"": 60}",323.14843747371924,384.05208346148356,405.03124989754724,0.9999999242661617,
sync-search,gdn,128,"{""barrier"": ""serial"", ""noinline"": false, ""sgs"": 16, ""split"": true, ""task_barrier"": false, ""tn"": 16, ""workers"": 60}",323.0338542152822,352.51822924919907,445.47395822291946,0.9999999785106313,
sync-search,gdn,128,"{""barrier"": ""simd"", ""noinline"": false, ""sgs"": 16, ""split"": true, ""task_barrier"": false, ""tn"": 16, ""workers"": 60}",323.33593742350786,352.58593749176725,412.6796874857064,0.9999999785106313,
sync-search,gdn,128,"{""barrier"": ""serial"", ""noinline"": false, ""sgs"": 16, ""split"": true, ""task_barrier"": false, ""tn"": 32, ""workers"": 60}",322.1067708523151,402.96354166002857,454.80989598445376,0.9999999785106313,
sync-search,gdn,128,"{""barrier"": ""simd"", ""noinline"": false, ""sgs"": 16, ""split"": true, ""task_barrier"": false, ""tn"": 32, ""workers"": 60}",323.69010403954235,403.1927083474329,426.85416661925046,0.9999999785106313,
sync-search,gdn,128,"{""barrier"": ""serial"", ""noinline"": false, ""sgs"": 8, ""split"": true, ""task_barrier"": false, ""tn"": 16, ""workers"": 80}",323.5703123323219,373.5416667041136,424.41666664672084,0.9999999242661617,
sync-search,gdn,128,"{""barrier"": ""simd"", ""noinline"": false, ""sgs"": 8, ""split"": true, ""task_barrier"": false, ""tn"": 16, ""workers"": 80}",323.51302081679023,378.869791688885,384.57552102499903,0.9999999242661617,
sync-search,gdn,128,"{""barrier"": ""serial"", ""noinline"": false, ""sgs"": 8, ""split"": true, ""task_barrier"": false, ""tn"": 32, ""workers"": 80}",324.2708333459632,404.6171875415894,457.2838541321289,0.9999999242661617,
sync-search,gdn,128,"{""barrier"": ""simd"", ""noinline"": false, ""sgs"": 8, ""split"": true, ""task_barrier"": false, ""tn"": 32, ""workers"": 80}",323.75260406070083,411.7838540764751,410.2656247937375,0.9999999242661617,
sync-search,gdn,128,"{""barrier"": ""serial"", ""noinline"": false, ""sgs"": 16, ""split"": true, ""task_barrier"": false, ""tn"": 16, ""workers"": 80}",323.6588540289631,327.43229172638166,372.53645848522865,0.9999999785106313,
sync-search,gdn,128,"{""barrier"": ""simd"", ""noinline"": false, ""sgs"": 16, ""split"": true, ""task_barrier"": false, ""tn"": 16, ""workers"": 80}",323.3437500966829,328.97916668162,330.40624998648127,0.9999999785106313,
sync-search,gdn,128,"{""barrier"": ""serial"", ""noinline"": false, ""sgs"": 16, ""split"": true, ""task_barrier"": false, ""tn"": 32, ""workers"": 80}",323.8880207732109,336.91666675395027,404.6380209956624,0.9999999785106313,
sync-search,gdn,128,"{""barrier"": ""simd"", ""noinline"": false, ""sgs"": 16, ""split"": true, ""task_barrier"": false, ""tn"": 32, ""workers"": 80}",329.1276042318714,337.0416664552067,372.7838541180972,0.9999999785106313,
sync-search,gdn,128,"{""barrier"": ""serial"", ""noinline"": false, ""sgs"": 8, ""split"": true, ""task_barrier"": false, ""tn"": 16, ""workers"": 120}",323.11458340927857,397.17708341413527,501.77343746327097,0.9999999242661617,
sync-search,gdn,128,"{""barrier"": ""simd"", ""noinline"": false, ""sgs"": 8, ""split"": true, ""task_barrier"": false, ""tn"": 16, ""workers"": 120}",323.09374989836215,400.3567708537048,436.0755208381306,0.9999999242661617,
sync-search,gdn,128,"{""barrier"": ""serial"", ""noinline"": false, ""sgs"": 8, ""split"": true, ""task_barrier"": false, ""tn"": 32, ""workers"": 120}",323.2395833947521,404.4661457669463,489.4322917152749,0.9999999242661617,
sync-search,gdn,128,"{""barrier"": ""simd"", ""noinline"": false, ""sgs"": 8, ""split"": true, ""task_barrier"": false, ""tn"": 32, ""workers"": 120}",324.10677107463925,402.59114570062593,426.55729174612134,0.9999999242661617,
sync-search,gdn,128,"{""barrier"": ""serial"", ""noinline"": false, ""sgs"": 16, ""split"": true, ""task_barrier"": false, ""tn"": 16, ""workers"": 120}",323.64843741561344,346.94791673928194,411.7630208497758,0.9999999785106313,
sync-search,gdn,128,"{""barrier"": ""simd"", ""noinline"": false, ""sgs"": 16, ""split"": true, ""task_barrier"": false, ""tn"": 16, ""workers"": 120}",322.65624997762643,347.6249999607717,326.195312368327,0.9999999785106313,
sync-search,gdn,128,"{""barrier"": ""serial"", ""noinline"": false, ""sgs"": 16, ""split"": true, ""task_barrier"": false, ""tn"": 32, ""workers"": 120}",323.2994791346755,347.6041665635421,1498.2968748995518,0.9999999785106313,
sync-search,gdn,128,"{""barrier"": ""simd"", ""noinline"": false, ""sgs"": 16, ""split"": true, ""task_barrier"": false, ""tn"": 32, ""workers"": 120}",323.7890626337503,346.67708337110525,1065.723958106446,0.9999999785106313,
sync-search,gdn,128,"{""barrier"": ""serial"", ""noinline"": true, ""sgs"": 16, ""split"": true, ""task_barrier"": false, ""tn"": 16, ""workers"": 80}",323.044270714945,330.05989575940475,374.4921875750151,0.9999999785106313,
sync-search,gdn,128,"{""barrier"": ""simd"", ""noinline"": true, ""sgs"": 16, ""split"": true, ""task_barrier"": false, ""tn"": 16, ""workers"": 80}",323.0833332850125,330.6953126411827,331.9427083283699,0.9999999785106313,
gdn-refine,gdn,128,"{""barrier"": ""simd"", ""compact"": false, ""sgs"": 16, ""split"": true, ""task_barrier"": false, ""tn"": 16, ""workers"": 96}",325.270833286595,382.60590300372616,382.0590278943807,0.9999999785106313,
gdn-refine,gdn,128,"{""barrier"": ""simd"", ""compact"": false, ""sgs"": 16, ""split"": true, ""task_barrier"": true, ""tn"": 16, ""workers"": 96}",323.07812493096816,379.2413194787514,380.69097233043675,0.9999999785106313,
gdn-refine,gdn,128,"{""barrier"": ""simd"", ""compact"": true, ""sgs"": 16, ""split"": true, ""task_barrier"": false, ""tn"": 16, ""workers"": 96}",322.9722220794429,373.68229163803335,376.78819444408873,0.9999999785106313,
gdn-refine,gdn,128,"{""barrier"": ""simd"", ""compact"": true, ""sgs"": 16, ""split"": true, ""task_barrier"": true, ""tn"": 16, ""workers"": 96}",330.27951383246545,378.91145836965734,380.2343750673269,0.9999999785106313,
gdn-refine,gdn,128,"{""barrier"": ""simd"", ""compact"": false, ""sgs"": 16, ""split"": true, ""task_barrier"": false, ""tn"": 16, ""workers"": 112}",326.33333334312437,354.1979165220255,345.5972221975874,0.9999999785106313,
gdn-refine,gdn,128,"{""barrier"": ""simd"", ""compact"": false, ""sgs"": 16, ""split"": true, ""task_barrier"": true, ""tn"": 16, ""workers"": 112}",328.51562502855813,354.4340275993818,344.215277815844,0.9999999785106313,
gdn-refine,gdn,128,"{""barrier"": ""simd"", ""compact"": true, ""sgs"": 16, ""split"": true, ""task_barrier"": false, ""tn"": 16, ""workers"": 112}",332.4618055178992,352.54166671923787,349.5729166994958,0.9999999785106313,
gdn-refine,gdn,128,"{""barrier"": ""simd"", ""compact"": true, ""sgs"": 16, ""split"": true, ""task_barrier"": true, ""tn"": 16, ""workers"": 112}",324.6076388071136,349.0555556027175,342.0364583159123,0.9999999785106313,
gdn-refine,gdn,128,"{""barrier"": ""simd"", ""compact"": false, ""sgs"": 16, ""split"": true, ""task_barrier"": false, ""tn"": 16, ""workers"": 120}",332.4288193198299,345.3524305238413,340.8489583686484,0.9999999785106313,
gdn-refine,gdn,128,"{""barrier"": ""simd"", ""compact"": false, ""sgs"": 16, ""split"": true, ""task_barrier"": true, ""tn"": 16, ""workers"": 120}",324.9305555073079,346.53298602430976,356.0711805524382,0.9999999785106313,
gdn-refine,gdn,128,"{""barrier"": ""simd"", ""compact"": true, ""sgs"": 16, ""split"": true, ""task_barrier"": false, ""tn"": 16, ""workers"": 120}",323.4600693910276,343.39236113585986,317.4357639181835,0.9999999785106313,
gdn-refine,gdn,128,"{""barrier"": ""simd"", ""compact"": true, ""sgs"": 16, ""split"": true, ""task_barrier"": true, ""tn"": 16, ""workers"": 120}",323.5121527798886,345.9218750473762,337.9791665641581,0.9999999785106313,
gdn-refine,gdn,128,"{""barrier"": ""simd"", ""compact"": false, ""sgs"": 16, ""split"": true, ""task_barrier"": false, ""tn"": 16, ""workers"": 128}",325.5017360667504,369.5243053698505,471.0590277833641,0.9999999785106313,
gdn-refine,gdn,128,"{""barrier"": ""simd"", ""compact"": false, ""sgs"": 16, ""split"": true, ""task_barrier"": true, ""tn"": 16, ""workers"": 128}",325.15277776686463,371.5833332762486,454.329861061827,0.9999999785106313,
gdn-refine,gdn,128,"{""barrier"": ""simd"", ""compact"": true, ""sgs"": 16, ""split"": true, ""task_barrier"": false, ""tn"": 16, ""workers"": 128}",329.4149303959178,369.2986110763741,471.64236104890733,0.9999999785106313,
gdn-refine,gdn,128,"{""barrier"": ""simd"", ""compact"": true, ""sgs"": 16, ""split"": true, ""task_barrier"": true, ""tn"": 16, ""workers"": 128}",325.8524304404394,367.350694432389,444.3246526761868,0.9999999785106313,
gdn-refine,gdn,128,"{""barrier"": ""simd"", ""sgs"": 8, ""split"": true, ""task_barrier"": false, ""tn"": 16, ""workers"": 160}",324.5954861389085,380.80902777437586,432.319444409283,0.9999999242661617,
gdn-refine,gdn,128,"{""barrier"": ""simd"", ""sgs"": 8, ""split"": true, ""task_barrier"": false, ""tn"": 32, ""workers"": 160}",324.08854156074085,403.8263887953993,428.9930555690565,0.9999999242661617,
gdn-refine,gdn,128,"{""barrier"": ""simd"", ""sgs"": 8, ""split"": true, ""task_barrier"": false, ""tn"": 16, ""workers"": 192}",328.4965277619752,398.86631930130534,459.7048611761541,0.9999999242661617,
gdn-refine,gdn,128,"{""barrier"": ""simd"", ""sgs"": 8, ""split"": true, ""task_barrier"": false, ""tn"": 32, ""workers"": 192}",328.71874998363637,396.31770831268415,450.067708319087,0.9999999242661617,
gdn-refine,gdn,128,"{""barrier"": ""simd"", ""sgs"": 8, ""split"": true, ""task_barrier"": false, ""tn"": 16, ""workers"": 240}",323.2500000649452,374.69965267670585,453.607638860376,0.9999999242661617,
gdn-refine,gdn,128,"{""barrier"": ""simd"", ""sgs"": 8, ""split"": true, ""task_barrier"": false, ""tn"": 32, ""workers"": 240}",329.7847222256678,392.8628471309518,450.52256943260244,0.9999999242661617,
gdn-slice,gdn,128,"{""barrier"": ""simd"", ""compact"": true, ""gdn_sl"": 4, ""sgs"": 16, ""split"": true, ""task_barrier"": false, ""tn"": 16, ""workers"": 40}",327.11284715484607,361.01909722674463,354.0243056932013,0.9999999785106313,
gdn-slice,gdn,128,"{""barrier"": ""simd"", ""compact"": true, ""gdn_sl"": 8, ""sgs"": 16, ""split"": true, ""task_barrier"": false, ""tn"": 16, ""workers"": 40}",328.16319446737907,336.7743056135926,356.1475695050831,0.9999999785106313,
gdn-slice,gdn,128,"{""barrier"": ""simd"", ""compact"": true, ""gdn_sl"": 4, ""sgs"": 16, ""split"": true, ""task_barrier"": false, ""tn"": 32, ""workers"": 40}",328.47916675867356,311.1666666200108,315.17013883330947,0.9999999785106313,
gdn-slice,gdn,128,"{""barrier"": ""simd"", ""compact"": true, ""gdn_sl"": 8, ""sgs"": 16, ""split"": true, ""task_barrier"": false, ""tn"": 32, ""workers"": 40}",328.02083330807363,292.0052083936753,335.7656251334144,0.9999999785106313,
gdn-slice,gdn,128,"{""barrier"": ""simd"", ""compact"": true, ""gdn_sl"": 4, ""sgs"": 32, ""split"": true, ""task_barrier"": false, ""tn"": 16, ""workers"": 40}",327.1215277133403,315.3975695416496,361.1701389066487,0.9999999760273228,
gdn-slice,gdn,128,"{""barrier"": ""simd"", ""compact"": true, ""gdn_sl"": 4, ""sgs"": 32, ""split"": true, ""task_barrier"": false, ""tn"": 32, ""workers"": 40}",325.00694442205713,353.0416667748189,379.61111119481455,0.9999999760273228,
gdn-slice,gdn,128,"{""barrier"": ""simd"", ""compact"": true, ""gdn_sl"": 4, ""sgs"": 16, ""split"": true, ""task_barrier"": false, ""tn"": 16, ""workers"": 80}",328.75173606801883,318.9965276912214,328.1440972007961,0.9999999785106313,
gdn-slice,gdn,128,"{""barrier"": ""simd"", ""compact"": true, ""gdn_sl"": 8, ""sgs"": 16, ""split"": true, ""task_barrier"": false, ""tn"": 16, ""workers"": 80}",326.01041664293007,314.43576388786215,327.2552083899427,0.9999999785106313,
gdn-slice,gdn,128,"{""barrier"": ""simd"", ""compact"": true, ""gdn_sl"": 4, ""sgs"": 16, ""split"": true, ""task_barrier"": false, ""tn"": 32, ""workers"": 80}",326.93402764986484,305.29166671537195,353.30034715267783,0.9999999785106313,
gdn-slice,gdn,128,"{""barrier"": ""simd"", ""compact"": true, ""gdn_sl"": 8, ""sgs"": 16, ""split"": true, ""task_barrier"": false, ""tn"": 32, ""workers"": 80}",327.74652769755147,300.24999989564094,357.5815971620007,0.9999999785106313,
gdn-slice,gdn,128,"{""barrier"": ""simd"", ""compact"": true, ""gdn_sl"": 4, ""sgs"": 16, ""split"": true, ""task_barrier"": false, ""tn"": 16, ""workers"": 120}",327.17881939940224,334.243055438795,321.4565971347838,0.9999999785106313,
gdn-slice,gdn,128,"{""barrier"": ""simd"", ""compact"": true, ""gdn_sl"": 8, ""sgs"": 16, ""split"": true, ""task_barrier"": false, ""tn"": 16, ""workers"": 120}",326.32118063702364,331.22916662856977,326.5937500979514,0.9999999785106313,
gdn-slice,gdn,128,"{""barrier"": ""simd"", ""compact"": true, ""gdn_sl"": 4, ""sgs"": 16, ""split"": true, ""task_barrier"": false, ""tn"": 32, ""workers"": 120}",326.5208333687042,314.09374992108496,416.8489582525581,0.9999999785106313,
gdn-slice,gdn,128,"{""barrier"": ""simd"", ""compact"": true, ""gdn_sl"": 8, ""sgs"": 16, ""split"": true, ""task_barrier"": false, ""tn"": 32, ""workers"": 120}",329.74652784408437,311.7621527053416,409.45486125565367,0.9999999785106313,
leader-search,gdn,128,"{""barrier"": ""leader"", ""compact"": true, ""gdn_sl"": 2, ""sgs"": 16, ""split"": true, ""task_barrier"": false, ""tn"": 16, ""workers"": 40}",328.0902777002363,344.8871527780284,398.28472218535654,0.9999999785106313,
leader-search,gdn,128,"{""barrier"": ""leader"", ""compact"": true, ""gdn_sl"": 4, ""sgs"": 16, ""split"": true, ""task_barrier"": false, ""tn"": 16, ""workers"": 40}",324.9461805125975,366.08159723527933,365.00000017743633,0.9999999785106313,
leader-search,gdn,128,"{""barrier"": ""leader"", ""compact"": true, ""gdn_sl"": 8, ""sgs"": 16, ""split"": true, ""task_barrier"": false, ""tn"": 16, ""workers"": 40}",325.984375005343,337.048611110428,359.53124991768465,0.9999999785106313,
leader-search,gdn,128,"{""barrier"": ""leader"", ""compact"": true, ""gdn_sl"": 2, ""sgs"": 16, ""split"": true, ""task_barrier"": false, ""tn"": 32, ""workers"": 40}",326.02777802518784,297.1215278648742,348.56597229312075,0.9999999785106313,
leader-search,gdn,128,"{""barrier"": ""leader"", ""compact"": true, ""gdn_sl"": 4, ""sgs"": 16, ""split"": true, ""task_barrier"": false, ""tn"": 32, ""workers"": 40}",326.6718748591302,326.04340284099936,326.8246527644199,0.9999999785106313,
leader-search,gdn,128,"{""barrier"": ""leader"", ""compact"": true, ""gdn_sl"": 8, ""sgs"": 16, ""split"": true, ""task_barrier"": false, ""tn"": 32, ""workers"": 40}",328.5520836016076,296.39756947593315,331.1215277790325,0.9999999785106313,
leader-search,gdn,128,"{""barrier"": ""leader"", ""compact"": true, ""gdn_sl"": 2, ""sgs"": 16, ""split"": true, ""task_barrier"": false, ""tn"": 16, ""workers"": 80}",325.38194462479925,326.3836804687041,330.0208332272329,0.9999999785106313,
leader-search,gdn,128,"{""barrier"": ""leader"", ""compact"": true, ""gdn_sl"": 4, ""sgs"": 16, ""split"": true, ""task_barrier"": false, ""tn"": 16, ""workers"": 80}",324.9756944114779,321.862847461792,330.0190971913253,0.9999999785106313,
leader-search,gdn,128,"{""barrier"": ""leader"", ""compact"": true, ""gdn_sl"": 8, ""sgs"": 16, ""split"": true, ""task_barrier"": false, ""tn"": 16, ""workers"": 80}",326.67187501071265,318.0538193040168,329.19791669883125,0.9999999785106313,
leader-search,gdn,128,"{""barrier"": ""leader"", ""compact"": true, ""gdn_sl"": 2, ""sgs"": 16, ""split"": true, ""task_barrier"": false, ""tn"": 32, ""workers"": 80}",330.2621527533726,318.644097357416,358.7256944683759,0.9999999785106313,
leader-search,gdn,128,"{""barrier"": ""leader"", ""compact"": true, ""gdn_sl"": 4, ""sgs"": 16, ""split"": true, ""task_barrier"": false, ""tn"": 32, ""workers"": 80}",323.95138892601,302.63368053814094,355.95659725610557,0.9999999785106313,
leader-search,gdn,128,"{""barrier"": ""leader"", ""compact"": true, ""gdn_sl"": 8, ""sgs"": 16, ""split"": true, ""task_barrier"": false, ""tn"": 32, ""workers"": 80}",324.067708485624,296.38368065813364,359.45659730411234,0.9999999785106313,
leader-search,gdn,128,"{""barrier"": ""leader"", ""compact"": true, ""gdn_sl"": 2, ""sgs"": 16, ""split"": true, ""task_barrier"": false, ""tn"": 16, ""workers"": 120}",323.8906249028635,346.40972224527405,327.5225694020871,0.9999999785106313,
leader-search,gdn,128,"{""barrier"": ""leader"", ""compact"": true, ""gdn_sl"": 4, ""sgs"": 16, ""split"": true, ""task_barrier"": false, ""tn"": 16, ""workers"": 120}",327.9791665515101,339.30208333761885,335.8576388639752,0.9999999785106313,
leader-search,gdn,128,"{""barrier"": ""leader"", ""compact"": true, ""gdn_sl"": 8, ""sgs"": 16, ""split"": true, ""task_barrier"": false, ""tn"": 16, ""workers"": 120}",325.7690972304772,338.6041665862649,326.68055553131126,0.9999999785106313,
leader-search,gdn,128,"{""barrier"": ""leader"", ""compact"": true, ""gdn_sl"": 2, ""sgs"": 16, ""split"": true, ""task_barrier"": false, ""tn"": 32, ""workers"": 120}",327.1753472139001,324.315972269081,408.7656250248983,0.9999999785106313,
leader-search,gdn,128,"{""barrier"": ""leader"", ""compact"": true, ""gdn_sl"": 4, ""sgs"": 16, ""split"": true, ""task_barrier"": false, ""tn"": 32, ""workers"": 120}",322.4461805757528,309.44791653079545,402.1440972792334,0.9999999785106313,
leader-search,gdn,128,"{""barrier"": ""leader"", ""compact"": true, ""gdn_sl"": 8, ""sgs"": 16, ""split"": true, ""task_barrier"": false, ""tn"": 32, ""workers"": 120}",324.3263890529609,306.435763832269,408.53645835644176,0.9999999785106313,
mlp-inner,mlp,128,"{""barrier"": ""simd"", ""compact"": false, ""decode"": 2, ""k_unroll"": 1, ""narrow_scales"": true, ""sgs"": 16, ""split"": true, ""task_barrier"": false, ""tn"": 32, ""workers"": 40}",313.4583332666807,475.8888888621489,518.5815971723665,0.9999999999128053,
mlp-inner,mlp,128,"{""barrier"": ""simd"", ""compact"": false, ""decode"": 3, ""k_unroll"": 1, ""narrow_scales"": true, ""sgs"": 16, ""split"": true, ""task_barrier"": false, ""tn"": 32, ""workers"": 40}",313.67013889394,419.8402778001764,458.4236111971525,0.9999999999128053,
mlp-inner,mlp,128,"{""barrier"": ""simd"", ""compact"": false, ""decode"": 2, ""k_unroll"": 2, ""narrow_scales"": true, ""sgs"": 16, ""split"": true, ""task_barrier"": false, ""tn"": 32, ""workers"": 40}",313.74999995629577,477.64756940675096,604.6857638087507,0.9999999999128053,
mlp-inner,mlp,128,"{""barrier"": ""simd"", ""compact"": false, ""decode"": 3, ""k_unroll"": 2, ""narrow_scales"": true, ""sgs"": 16, ""split"": true, ""task_barrier"": false, ""tn"": 32, ""workers"": 40}",313.31770833276096,414.8055555409276,464.4201388070239,0.9999999999128053,
mlp-inner,mlp,128,"{""barrier"": ""simd"", ""compact"": false, ""decode"": 2, ""k_unroll"": 4, ""narrow_scales"": true, ""sgs"": 16, ""split"": true, ""task_barrier"": false, ""tn"": 32, ""workers"": 40}",320.7430556055139,476.987847074876,524.8680555496321,0.9999999999128053,
mlp-inner,mlp,128,"{""barrier"": ""simd"", ""compact"": false, ""decode"": 3, ""k_unroll"": 4, ""narrow_scales"": true, ""sgs"": 16, ""split"": true, ""task_barrier"": false, ""tn"": 32, ""workers"": 40}",316.51562490727275,417.1718748769611,456.83680559704953,0.9999999999128053,
mlp-inner,mlp,128,"{""barrier"": ""leader"", ""compact"": false, ""decode"": 2, ""k_unroll"": 1, ""narrow_scales"": true, ""sgs"": 16, ""split"": true, ""task_barrier"": false, ""tn"": 32, ""workers"": 40}",321.22743046632723,478.09722237464786,584.3836804615421,0.9999999999128053,
mlp-inner,mlp,128,"{""barrier"": ""leader"", ""compact"": false, ""decode"": 3, ""k_unroll"": 1, ""narrow_scales"": true, ""sgs"": 16, ""split"": true, ""task_barrier"": false, ""tn"": 32, ""workers"": 40}",314.7656249969562,410.0416667445946,442.56423605778156,0.9999999999128053,
mlp-inner,mlp,128,"{""barrier"": ""leader"", ""compact"": false, ""decode"": 2, ""k_unroll"": 2, ""narrow_scales"": true, ""sgs"": 16, ""split"": true, ""task_barrier"": false, ""tn"": 32, ""workers"": 40}",316.9843751796482,481.0850693199124,596.0138889804512,0.9999999999128053,
mlp-inner,mlp,128,"{""barrier"": ""leader"", ""compact"": false, ""decode"": 3, ""k_unroll"": 2, ""narrow_scales"": true, ""sgs"": 16, ""split"": true, ""task_barrier"": false, ""tn"": 32, ""workers"": 40}",314.87326388438913,410.07465275318583,462.92013894344564,0.9999999999128053,
mlp-inner,mlp,128,"{""barrier"": ""leader"", ""compact"": false, ""decode"": 2, ""k_unroll"": 4, ""narrow_scales"": true, ""sgs"": 16, ""split"": true, ""task_barrier"": false, ""tn"": 32, ""workers"": 40}",314.29340269066114,486.8038192853419,521.7100694305069,0.9999999999128053,
mlp-inner,mlp,128,"{""barrier"": ""leader"", ""compact"": false, ""decode"": 3, ""k_unroll"": 4, ""narrow_scales"": true, ""sgs"": 16, ""split"": true, ""task_barrier"": false, ""tn"": 32, ""workers"": 40}",315.48437489921827,409.8940971744014,441.5399304586269,0.9999999999128053,
mlp-inner,mlp,128,"{""barrier"": ""simd"", ""compact"": true, ""decode"": 2, ""k_unroll"": 1, ""narrow_scales"": true, ""sgs"": 32, ""split"": true, ""task_barrier"": false, ""tn"": 32, ""workers"": 40}",315.33680548060755,460.57812494382233,505.6961806152079,0.9999999993406435,
mlp-inner,mlp,128,"{""barrier"": ""simd"", ""compact"": true, ""decode"": 3, ""k_unroll"": 1, ""narrow_scales"": true, ""sgs"": 32, ""split"": true, ""task_barrier"": false, ""tn"": 32, ""workers"": 40}",316.2482638193372,388.0503471312598,427.6996527702674,0.9999999993406435,
mlp-inner,mlp,128,"{""barrier"": ""simd"", ""compact"": true, ""decode"": 2, ""k_unroll"": 2, ""narrow_scales"": true, ""sgs"": 32, ""split"": true, ""task_barrier"": false, ""tn"": 32, ""workers"": 40}",316.1527778274831,468.40798616661533,534.1458332092467,0.9999999993406435,
mlp-inner,mlp,128,"{""barrier"": ""simd"", ""compact"": true, ""decode"": 3, ""k_unroll"": 2, ""narrow_scales"": true, ""sgs"": 32, ""split"": true, ""task_barrier"": false, ""tn"": 32, ""workers"": 40}",316.2170138845492,379.3836804485788,428.37499991795386,0.9999999993406435,
mlp-inner,mlp,128,"{""barrier"": ""simd"", ""compact"": true, ""decode"": 2, ""k_unroll"": 4, ""narrow_scales"": true, ""sgs"": 32, ""split"": true, ""task_barrier"": false, ""tn"": 32, ""workers"": 40}",319.2795138981334,471.12326391622145,509.23784734398697,0.9999999993406435,
mlp-inner,mlp,128,"{""barrier"": ""simd"", ""compact"": true, ""decode"": 3, ""k_unroll"": 4, ""narrow_scales"": true, ""sgs"": 32, ""split"": true, ""task_barrier"": false, ""tn"": 32, ""workers"": 40}",318.32986125361157,384.187500041359,448.40451384213037,0.9999999993406435,
mlp-inner,mlp,128,"{""barrier"": ""leader"", ""compact"": true, ""decode"": 2, ""k_unroll"": 1, ""narrow_scales"": true, ""sgs"": 32, ""split"": true, ""task_barrier"": false, ""tn"": 32, ""workers"": 40}",314.94270827655174,460.3524306124503,509.76041654848814,0.9999999993406435,
mlp-inner,mlp,128,"{""barrier"": ""leader"", ""compact"": true, ""decode"": 3, ""k_unroll"": 1, ""narrow_scales"": true, ""sgs"": 32, ""split"": true, ""task_barrier"": false, ""tn"": 32, ""workers"": 40}",316.33333336837194,387.05555554467236,470.0989582791711,0.9999999993406435,
mlp-inner,mlp,128,"{""barrier"": ""leader"", ""compact"": true, ""decode"": 2, ""k_unroll"": 2, ""narrow_scales"": true, ""sgs"": 32, ""split"": true, ""task_barrier"": false, ""tn"": 32, ""workers"": 40}",317.28993049758475,462.3541667190996,532.1319443586011,0.9999999993406435,
mlp-inner,mlp,128,"{""barrier"": ""leader"", ""compact"": true, ""decode"": 3, ""k_unroll"": 2, ""narrow_scales"": true, ""sgs"": 32, ""split"": true, ""task_barrier"": false, ""tn"": 32, ""workers"": 40}",316.7708334027945,378.9670139061248,450.3246527747251,0.9999999993406435,
mlp-inner,mlp,128,"{""barrier"": ""leader"", ""compact"": true, ""decode"": 2, ""k_unroll"": 4, ""narrow_scales"": true, ""sgs"": 32, ""split"": true, ""task_barrier"": false, ""tn"": 32, ""workers"": 40}",317.1701389798424,461.24826387009915,511.5277778031668,0.9999999993406435,
mlp-inner,mlp,128,"{""barrier"": ""leader"", ""compact"": true, ""decode"": 3, ""k_unroll"": 4, ""narrow_scales"": true, ""sgs"": 32, ""split"": true, ""task_barrier"": false, ""tn"": 32, ""workers"": 40}",315.24826382186194,386.9687499976256,470.05555544880434,0.9999999993406435,
payload-search,mlp,128,"{""barrier"": ""simd"", ""compact"": false, ""sgs"": 8, ""split"": true, ""task_barrier"": false, ""tn"": 16, ""workers"": 40}",298.60416651672494,624.9713541706114,673.7864583215014,0.9999999995089294,
payload-search,mlp,128,"{""barrier"": ""simd"", ""compact"": true, ""sgs"": 8, ""split"": true, ""task_barrier"": false, ""tn"": 16, ""workers"": 40}",298.7395832860784,623.0442707533257,683.2161459442432,0.9999999995089294,
payload-search,mlp,128,"{""barrier"": ""simd"", ""compact"": false, ""sgs"": 8, ""split"": true, ""task_barrier"": false, ""tn"": 32, ""workers"": 40}",296.72135417513346,561.3203123857602,584.7265623515341,0.9999999995089294,
payload-search,mlp,128,"{""barrier"": ""simd"", ""compact"": true, ""sgs"": 8, ""split"": true, ""task_barrier"": false, ""tn"": 32, ""workers"": 40}",298.05208322386534,551.6614581893009,572.6927084879208,0.9999999995089294,
payload-search,mlp,128,"{""barrier"": ""simd"", ""compact"": false, ""sgs"": 16, ""split"": true, ""task_barrier"": false, ""tn"": 16, ""workers"": 40}",297.2994792003192,449.02343745434337,492.007812454176,0.9999999999128053,
payload-search,mlp,128,"{""barrier"": ""simd"", ""compact"": true, ""sgs"": 16, ""split"": true, ""task_barrier"": false, ""tn"": 16, ""workers"": 40}",298.84635432608775,462.01562508940697,494.47135410218834,0.9999999999128053,
payload-search,mlp,128,"{""barrier"": ""simd"", ""compact"": false, ""sgs"": 16, ""split"": true, ""task_barrier"": false, ""tn"": 32, ""workers"": 40}",297.9869790351586,393.062499995267,414.7994791310339,0.9999999999128053,
payload-search,mlp,128,"{""barrier"": ""simd"", ""compact"": true, ""sgs"": 16, ""split"": true, ""task_barrier"": false, ""tn"": 32, ""workers"": 40}",298.33072915153025,394.4375000060063,414.8359375335531,0.9999999999128053,
payload-search,mlp,128,"{""barrier"": ""simd"", ""compact"": false, ""sgs"": 8, ""split"": true, ""task_barrier"": false, ""tn"": 16, ""workers"": 80}",300.07552072675026,479.533854274905,513.2213540832709,0.9999999995089294,
payload-search,mlp,128,"{""barrier"": ""simd"", ""compact"": true, ""sgs"": 8, ""split"": true, ""task_barrier"": false, ""tn"": 16, ""workers"": 80}",299.2447919609731,492.8697917421232,520.8984374576175,0.9999999995089294,
payload-search,mlp,128,"{""barrier"": ""simd"", ""compact"": false, ""sgs"": 8, ""split"": true, ""task_barrier"": false, ""tn"": 32, ""workers"": 80}",299.85416665567755,493.1927082338916,503.9401044086844,0.9999999995089294,
payload-search,mlp,128,"{""barrier"": ""simd"", ""compact"": true, ""sgs"": 8, ""split"": true, ""task_barrier"": false, ""tn"": 32, ""workers"": 80}",299.2161460610987,472.88802068123914,497.4114582978473,0.9999999995089294,
payload-search,mlp,128,"{""barrier"": ""simd"", ""compact"": false, ""sgs"": 16, ""split"": true, ""task_barrier"": false, ""tn"": 16, ""workers"": 80}",298.14843747999475,405.43229164313743,432.1692707094371,0.9999999999128053,
payload-search,mlp,128,"{""barrier"": ""simd"", ""compact"": true, ""sgs"": 16, ""split"": true, ""task_barrier"": false, ""tn"": 16, ""workers"": 80}",301.2057293290127,406.24739591521575,432.7395834025083,0.9999999999128053,
payload-search,mlp,128,"{""barrier"": ""simd"", ""compact"": false, ""sgs"": 16, ""split"": true, ""task_barrier"": false, ""tn"": 32, ""workers"": 80}",301.4348958458868,401.6510416136043,433.9479167470017,0.9999999999128053,
payload-search,mlp,128,"{""barrier"": ""simd"", ""compact"": true, ""sgs"": 16, ""split"": true, ""task_barrier"": false, ""tn"": 32, ""workers"": 80}",301.72395833005794,398.2343748702988,435.2265624447682,0.9999999999128053,
gdn-prefix-search,gdn-prefix,128,"{""barrier"": ""simd"", ""compact"": false, ""gdn_sl"": 2, ""sgs"": 16, ""split"": true, ""task_barrier"": false, ""tn"": 16, ""workers"": 40}",642.6493054429253,660.9444444999705,708.473958373664,0.9999998887864232,
gdn-prefix-search,gdn-prefix,128,"{""barrier"": ""simd"", ""compact"": false, ""gdn_sl"": 4, ""sgs"": 16, ""split"": true, ""task_barrier"": false, ""tn"": 16, ""workers"": 40}",649.4236110180888,682.8784721619741,688.4253472965914,0.9999998887864232,
gdn-prefix-search,gdn-prefix,128,"{""barrier"": ""simd"", ""compact"": false, ""gdn_sl"": 8, ""sgs"": 16, ""split"": true, ""task_barrier"": false, ""tn"": 16, ""workers"": 40}",644.0694445094172,654.7378472608519,684.427083342598,0.9999998887864232,
gdn-prefix-search,gdn-prefix,128,"{""barrier"": ""simd"", ""compact"": true, ""gdn_sl"": 2, ""sgs"": 16, ""split"": true, ""task_barrier"": false, ""tn"": 16, ""workers"": 40}",645.0624999085145,653.0555556309992,686.1961807468712,0.9999998887864232,
gdn-prefix-search,gdn-prefix,128,"{""barrier"": ""simd"", ""compact"": true, ""gdn_sl"": 4, ""sgs"": 16, ""split"": true, ""task_barrier"": false, ""tn"": 16, ""workers"": 40}",641.1197916804667,669.0607638499083,677.9791667668178,0.9999998887864232,
gdn-prefix-search,gdn-prefix,128,"{""barrier"": ""simd"", ""compact"": true, ""gdn_sl"": 8, ""sgs"": 16, ""split"": true, ""task_barrier"": false, ""tn"": 16, ""workers"": 40}",645.8090277495406,654.1475693590352,686.4253471500584,0.9999998887864232,
gdn-prefix-search,gdn-prefix,128,"{""barrier"": ""simd"", ""compact"": false, ""gdn_sl"": 2, ""sgs"": 16, ""split"": true, ""task_barrier"": false, ""tn"": 32, ""workers"": 40}",642.3593750544873,656.4618056093726,679.5208331595859,0.9999998887864232,
gdn-prefix-search,gdn-prefix,128,"{""barrier"": ""simd"", ""compact"": false, ""gdn_sl"": 4, ""sgs"": 16, ""split"": true, ""task_barrier"": false, ""tn"": 32, ""workers"": 40}",645.2690973522598,662.1840277981997,669.0277778034215,0.9999998887864232,
gdn-prefix-search,gdn-prefix,128,"{""barrier"": ""simd"", ""compact"": false, ""gdn_sl"": 8, ""sgs"": 16, ""split"": true, ""task_barrier"": false, ""tn"": 32, ""workers"": 40}",645.6579861454278,648.378472268026,683.2152777557591,0.9999998887864232,
gdn-prefix-search,gdn-prefix,128,"{""barrier"": ""simd"", ""compact"": true, ""gdn_sl"": 2, ""sgs"": 16, ""split"": true, ""task_barrier"": false, ""tn"": 32, ""workers"": 40}",646.281250131627,633.2465278925762,643.2552083500317,0.9999998887864232,
gdn-prefix-search,gdn-prefix,128,"{""barrier"": ""simd"", ""compact"": true, ""gdn_sl"": 4, ""sgs"": 16, ""split"": true, ""task_barrier"": false, ""tn"": 32, ""workers"": 40}",641.8940972328832,642.5052083992947,646.7187499386758,0.9999998887864232,
gdn-prefix-search,gdn-prefix,128,"{""barrier"": ""simd"", ""compact"": true, ""gdn_sl"": 8, ""sgs"": 16, ""split"": true, ""task_barrier"": false, ""tn"": 32, ""workers"": 40}",642.602430578639,632.3298611050632,647.9392361598002,0.9999998887864232,
gdn-prefix-search,gdn-prefix,128,"{""barrier"": ""simd"", ""compact"": false, ""gdn_sl"": 2, ""sgs"": 16, ""split"": true, ""task_barrier"": false, ""tn"": 16, ""workers"": 80}",642.3124999249316,648.8611111687229,648.7031251557104,0.9999998887864232,
gdn-prefix-search,gdn-prefix,128,"{""barrier"": ""simd"", ""compact"": false, ""gdn_sl"": 4, ""sgs"": 16, ""split"": true, ""task_barrier"": false, ""tn"": 16, ""workers"": 80}",654.6684027550024,653.3506943924294,658.796875010618,0.9999998887864232,
gdn-prefix-search,gdn-prefix,128,"{""barrier"": ""simd"", ""compact"": false, ""gdn_sl"": 8, ""sgs"": 16, ""split"": true, ""task_barrier"": false, ""tn"": 16, ""workers"": 80}",647.3420138490837,643.1684028408805,654.9079860178608,0.9999998887864232,
gdn-prefix-search,gdn-prefix,128,"{""barrier"": ""simd"", ""compact"": true, ""gdn_sl"": 2, ""sgs"": 16, ""split"": true, ""task_barrier"": false, ""tn"": 16, ""workers"": 80}",643.6336803972154,651.7118054034654,648.7413197267718,0.9999998887864232,
gdn-prefix-search,gdn-prefix,128,"{""barrier"": ""simd"", ""compact"": true, ""gdn_sl"": 4, ""sgs"": 16, ""split"": true, ""task_barrier"": false, ""tn"": 16, ""workers"": 80}",647.8749998374648,646.3958332005859,645.4027778393842,0.9999998887864232,
gdn-prefix-search,gdn-prefix,128,"{""barrier"": ""simd"", ""compact"": true, ""gdn_sl"": 8, ""sgs"": 16, ""split"": true, ""task_barrier"": false, ""tn"": 16, ""workers"": 80}",643.9444444292045,635.4982640080683,647.2517359649524,0.9999998887864232,
gdn-prefix-search,gdn-prefix,128,"{""barrier"": ""simd"", ""compact"": false, ""gdn_sl"": 2, ""sgs"": 16, ""split"": true, ""task_barrier"": false, ""tn"": 32, ""workers"": 80}",643.5347221819635,661.7222221999933,695.2708334514076,0.9999998887864232,
gdn-prefix-search,gdn-prefix,128,"{""barrier"": ""simd"", ""compact"": false, ""gdn_sl"": 4, ""sgs"": 16, ""split"": true, ""task_barrier"": false, ""tn"": 32, ""workers"": 80}",654.869791674173,656.0017360849694,695.2326388424505,0.9999998887864232,
gdn-prefix-search,gdn-prefix,128,"{""barrier"": ""simd"", ""compact"": false, ""gdn_sl"": 8, ""sgs"": 16, ""split"": true, ""task_barrier"": false, ""tn"": 32, ""workers"": 80}",647.0364584174604,644.1545139068694,696.0694443402341,0.9999998887864232,
gdn-prefix-search,gdn-prefix,128,"{""barrier"": ""simd"", ""compact"": true, ""gdn_sl"": 2, ""sgs"": 16, ""split"": true, ""task_barrier"": false, ""tn"": 32, ""workers"": 80}",644.5329861056356,641.1770833665287,682.4218749746555,0.9999998887864232,
gdn-prefix-search,gdn-prefix,128,"{""barrier"": ""simd"", ""compact"": true, ""gdn_sl"": 4, ""sgs"": 16, ""split"": true, ""task_barrier"": false, ""tn"": 32, ""workers"": 80}",647.8263888235839,632.9895835127294,678.9131945576324,0.9999998887864232,
gdn-prefix-search,gdn-prefix,128,"{""barrier"": ""simd"", ""compact"": true, ""gdn_sl"": 8, ""sgs"": 16, ""split"": true, ""task_barrier"": false, ""tn"": 32, ""workers"": 80}",646.4079862098515,624.1684027372685,686.0486109871999,0.9999998887864232,
gdn-prefix-search,gdn-prefix,128,"{""barrier"": ""simd"", ""compact"": false, ""gdn_sl"": 2, ""sgs"": 16, ""split"": true, ""task_barrier"": false, ""tn"": 16, ""workers"": 120}",647.0729166494493,664.7517360912994,671.7638890449962,0.9999998887864232,
gdn-prefix-search,gdn-prefix,128,"{""barrier"": ""simd"", ""compact"": false, ""gdn_sl"": 4, ""sgs"": 16, ""split"": true, ""task_barrier"": false, ""tn"": 16, ""workers"": 120}",649.6319443461592,664.249999886124,647.5104164943938,0.9999998887864232,
gdn-prefix-search,gdn-prefix,128,"{""barrier"": ""simd"", ""compact"": false, ""gdn_sl"": 8, ""sgs"": 16, ""split"": true, ""task_barrier"": false, ""tn"": 16, ""workers"": 120}",646.5138888340031,666.7534721979488,683.4375000532115,0.9999998887864232,
gdn-prefix-search,gdn-prefix,128,"{""barrier"": ""simd"", ""compact"": true, ""gdn_sl"": 2, ""sgs"": 16, ""split"": true, ""task_barrier"": false, ""tn"": 16, ""workers"": 120}",643.7499998431425,665.1423610719576,647.8402777550704,0.9999998887864232,
gdn-prefix-search,gdn-prefix,128,"{""barrier"": ""simd"", ""compact"": true, ""gdn_sl"": 4, ""sgs"": 16, ""split"": true, ""task_barrier"": false, ""tn"": 16, ""workers"": 120}",644.6024306493806,656.5711805327131,662.5208332025068,0.9999998887864232,
gdn-prefix-search,gdn-prefix,128,"{""barrier"": ""simd"", ""compact"": true, ""gdn_sl"": 8, ""sgs"": 16, ""split"": true, ""task_barrier"": false, ""tn"": 16, ""workers"": 120}",641.7100695064922,652.8541666739329,643.3281250034876,0.9999998887864232,
gdn-prefix-search,gdn-prefix,128,"{""barrier"": ""simd"", ""compact"": false, ""gdn_sl"": 2, ""sgs"": 16, ""split"": true, ""task_barrier"": false, ""tn"": 32, ""workers"": 120}",642.5642361970555,671.3350695690679,740.3124999806702,0.9999998887864232,
gdn-prefix-search,gdn-prefix,128,"{""barrier"": ""simd"", ""compact"": false, ""gdn_sl"": 4, ""sgs"": 16, ""split"": true, ""task_barrier"": false, ""tn"": 32, ""workers"": 120}",645.8177082701392,656.6875000544314,1175.189236202338,0.9999998887864232,
gdn-prefix-search,gdn-prefix,128,"{""barrier"": ""simd"", ""compact"": false, ""gdn_sl"": 8, ""sgs"": 16, ""split"": true, ""task_barrier"": false, ""tn"": 32, ""workers"": 120}",649.539930653494,658.53993055498,1168.111111004085,0.9999998887864232,
gdn-prefix-search,gdn-prefix,128,"{""barrier"": ""simd"", ""compact"": true, ""gdn_sl"": 2, ""sgs"": 16, ""split"": true, ""task_barrier"": false, ""tn"": 32, ""workers"": 120}",642.8333335103767,649.7552083904642,736.3559027074492,0.9999998887864232,
gdn-prefix-search,gdn-prefix,128,"{""barrier"": ""simd"", ""compact"": true, ""gdn_sl"": 4, ""sgs"": 16, ""split"": true, ""task_barrier"": false, ""tn"": 32, ""workers"": 120}",640.015625056852,632.3142360997736,727.8177084799609,0.9999998887864232,
gdn-prefix-search,gdn-prefix,128,"{""barrier"": ""simd"", ""compact"": true, ""gdn_sl"": 8, ""sgs"": 16, ""split"": true, ""task_barrier"": false, ""tn"": 32, ""workers"": 120}",644.0555556158264,630.1059027767527,728.8749998224375,0.9999998887864232,
gdn-prefix-search,gdn-prefix,128,"{""barrier"": ""simd"", ""compact"": true, ""gdn_sl"": 2, ""sgs"": 32, ""split"": true, ""task_barrier"": false, ""tn"": 16, ""workers"": 40}",642.350694495993,664.9461806015703,689.4895833890283,0.9999999052310029,
gdn-prefix-search,gdn-prefix,128,"{""barrier"": ""simd"", ""compact"": true, ""gdn_sl"": 4, ""sgs"": 32, ""split"": true, ""task_barrier"": false, ""tn"": 16, ""workers"": 40}",643.7395834761143,642.3437500491976,695.5434026849616,0.9999999052310029,
gdn-prefix-search,gdn-prefix,128,"{""barrier"": ""simd"", ""compact"": true, ""gdn_sl"": 2, ""sgs"": 32, ""split"": true, ""task_barrier"": false, ""tn"": 32, ""workers"": 40}",643.5850693833345,704.9809027724526,703.8315970930853,0.9999999052310029,
gdn-prefix-search,gdn-prefix,128,"{""barrier"": ""simd"", ""compact"": true, ""gdn_sl"": 4, ""sgs"": 32, ""split"": true, ""task_barrier"": false, ""tn"": 32, ""workers"": 40}",641.9548610665515,672.49305554166,753.1128471024809,0.9999999052310029,
gdn-prefix-search,gdn-prefix,128,"{""barrier"": ""simd"", ""compact"": true, ""gdn_sl"": 4, ""gemm_overrides"": {""3"": {""groups"": 40, ""ksplit"": 8, ""tn"": 16}}, ""sgs"": 16, ""split"": true, ""task_barrier"": false, ""tn"": 32, ""workers"": 40}",646.2170138471871,676.4114582817152,653.6128474105377,0.9999998951928227,
gdn-prefix-search,gdn-prefix,128,"{""barrier"": ""simd"", ""compact"": true, ""gdn_sl"": 4, ""gemm_overrides"": {""3"": {""groups"": 40, ""ksplit"": 16, ""tn"": 16}}, ""sgs"": 16, ""split"": true, ""task_barrier"": false, ""tn"": 32, ""workers"": 40}",640.237847089035,651.449652878,648.588541632004,0.9999998887864232,
gdn-prefix-search,gdn-prefix,128,"{""barrier"": ""simd"", ""compact"": true, ""gdn_sl"": 4, ""gemm_overrides"": {""3"": {""groups"": 80, ""ksplit"": 8, ""tn"": 16}}, ""sgs"": 16, ""split"": true, ""task_barrier"": false, ""tn"": 32, ""workers"": 40}",645.5208334349057,669.4843751802182,661.5625001510731,0.9999998951928227,
gdn-prefix-search,gdn-prefix,128,"{""barrier"": ""simd"", ""compact"": true, ""gdn_sl"": 4, ""gemm_overrides"": {""3"": {""groups"": 80, ""ksplit"": 16, ""tn"": 16}}, ""sgs"": 16, ""split"": true, ""task_barrier"": false, ""tn"": 32, ""workers"": 40}",642.6197915819406,653.2083334604977,660.4010416519183,0.9999998887864232,
gdn-prefix-search,gdn-prefix,128,"{""barrier"": ""simd"", ""compact"": true, ""gdn_sl"": 4, ""gemm_overrides"": {""3"": {""groups"": 120, ""ksplit"": 8, ""tn"": 16}}, ""sgs"": 16, ""split"": true, ""task_barrier"": false, ""tn"": 32, ""workers"": 40}",639.7239582914457,656.9513887673869,656.4774306525578,0.9999998951928227,
gdn-prefix-search,gdn-prefix,128,"{""barrier"": ""simd"", ""compact"": true, ""gdn_sl"": 4, ""gemm_overrides"": {""3"": {""groups"": 120, ""ksplit"": 16, ""tn"": 16}}, ""sgs"": 16, ""split"": true, ""task_barrier"": false, ""tn"": 32, ""workers"": 40}",648.1093749547048,655.9149306137139,649.9635415669521,0.9999998887864232,
gdn-prefix-search,gdn-prefix,128,"{""barrier"": ""simd"", ""compact"": true, ""gdn_sl"": 4, ""gemm_overrides"": {""3"": {""groups"": 40, ""ksplit"": 8, ""tn"": 32}}, ""sgs"": 16, ""split"": true, ""task_barrier"": false, ""tn"": 32, ""workers"": 40}",644.7812500027794,665.7291666745854,670.1232637548552,0.9999998951928227,
gdn-prefix-search,gdn-prefix,128,"{""barrier"": ""simd"", ""compact"": true, ""gdn_sl"": 4, ""gemm_overrides"": {""3"": {""groups"": 40, ""ksplit"": 16, ""tn"": 32}}, ""sgs"": 16, ""split"": true, ""task_barrier"": false, ""tn"": 32, ""workers"": 40}",652.8854167224077,667.7604166422194,661.3472221488337,0.9999998887864232,
gdn-prefix-search,gdn-prefix,128,"{""barrier"": ""simd"", ""compact"": true, ""gdn_sl"": 4, ""gemm_overrides"": {""3"": {""groups"": 80, ""ksplit"": 8, ""tn"": 32}}, ""sgs"": 16, ""split"": true, ""task_barrier"": false, ""tn"": 32, ""workers"": 40}",644.4704861981639,674.5729165231751,668.9548611878612,0.9999998951928227,
gdn-prefix-search,gdn-prefix,128,"{""barrier"": ""simd"", ""compact"": true, ""gdn_sl"": 4, ""gemm_overrides"": {""3"": {""groups"": 80, ""ksplit"": 16, ""tn"": 32}}, ""sgs"": 16, ""split"": true, ""task_barrier"": false, ""tn"": 32, ""workers"": 40}",648.7847222160781,653.7812499800566,646.696180562382,0.9999998887864232,
gdn-prefix-search,gdn-prefix,128,"{""barrier"": ""simd"", ""compact"": true, ""gdn_sl"": 4, ""gemm_overrides"": {""3"": {""groups"": 120, ""ksplit"": 8, ""tn"": 32}}, ""sgs"": 16, ""split"": true, ""task_barrier"": false, ""tn"": 32, ""workers"": 40}",642.3454861230008,668.1388889546724,674.8506944707818,0.9999998951928227,
gdn-prefix-search,gdn-prefix,128,"{""barrier"": ""simd"", ""compact"": true, ""gdn_sl"": 4, ""gemm_overrides"": {""3"": {""groups"": 120, ""ksplit"": 16, ""tn"": 32}}, ""sgs"": 16, ""split"": true, ""task_barrier"": false, ""tn"": 32, ""workers"": 40}",645.1562501676259,655.1718750718768,666.656249980709,0.9999998887864232,
interleave-search,gdn-prefix,128,"{""barrier"": ""simd"", ""compact"": true, ""gdn_sl"": 2, ""schedule"": ""interleave"", ""sgs"": 16, ""split"": true, ""task_barrier"": false, ""tn"": 16, ""workers"": 40}",644.0017360394753,657.5694444563851,829.3246529168149,0.9999998887864232,
interleave-search,gdn-prefix,128,"{""barrier"": ""simd"", ""compact"": true, ""gdn_sl"": 4, ""schedule"": ""interleave"", ""sgs"": 16, ""split"": true, ""task_barrier"": false, ""tn"": 16, ""workers"": 40}",640.7187499538244,672.6493055566607,836.0468749515348,0.9999998887864232,
interleave-search,gdn-prefix,128,"{""barrier"": ""simd"", ""compact"": true, ""gdn_sl"": 2, ""schedule"": ""interleave"", ""sgs"": 16, ""split"": true, ""task_barrier"": false, ""tn"": 32, ""workers"": 40}",638.1076389061491,622.1041667989388,757.9722221559374,0.9999998887864232,
interleave-search,gdn-prefix,128,"{""barrier"": ""simd"", ""compact"": true, ""gdn_sl"": 4, ""schedule"": ""interleave"", ""sgs"": 16, ""split"": true, ""task_barrier"": false, ""tn"": 32, ""workers"": 40}",642.6718749708016,657.998263780731,752.0538193830362,0.9999998887864232,
interleave-search,gdn-prefix,128,"{""barrier"": ""simd"", ""compact"": true, ""gdn_sl"": 2, ""schedule"": ""interleave"", ""sgs"": 16, ""split"": true, ""task_barrier"": false, ""tn"": 16, ""workers"": 80}",641.8003470495629,644.2239582611364,810.6336806577019,0.9999998887864232,
interleave-search,gdn-prefix,128,"{""barrier"": ""simd"", ""compact"": true, ""gdn_sl"": 4, ""schedule"": ""interleave"", ""sgs"": 16, ""split"": true, ""task_barrier"": false, ""tn"": 16, ""workers"": 80}",643.9947917442623,650.2725694493469,810.7760416654249,0.9999998887864232,
interleave-search,gdn-prefix,128,"{""barrier"": ""simd"", ""compact"": true, ""gdn_sl"": 2, ""schedule"": ""interleave"", ""sgs"": 16, ""split"": true, ""task_barrier"": false, ""tn"": 32, ""workers"": 80}",642.8836805980609,640.1684027347679,752.5937498561083,0.9999998887864232,
interleave-search,gdn-prefix,128,"{""barrier"": ""simd"", ""compact"": true, ""gdn_sl"": 4, ""schedule"": ""interleave"", ""sgs"": 16, ""split"": true, ""task_barrier"": false, ""tn"": 32, ""workers"": 80}",641.5138887708357,628.3454860446606,754.7673609830478,0.9999998887864232,
interleave-search,gdn-prefix,128,"{""barrier"": ""simd"", ""compact"": true, ""gdn_sl"": 2, ""schedule"": ""interleave"", ""sgs"": 16, ""split"": true, ""task_barrier"": false, ""tn"": 16, ""workers"": 120}",637.9843750134265,657.7482640371576,796.1458333814638,0.9999998887864232,
interleave-search,gdn-prefix,128,"{""barrier"": ""simd"", ""compact"": true, ""gdn_sl"": 4, ""schedule"": ""interleave"", ""sgs"": 16, ""split"": true, ""task_barrier"": false, ""tn"": 16, ""workers"": 120}",638.972222115323,653.2777777010779,801.5434027583979,0.9999998887864232,
interleave-search,gdn-prefix,128,"{""barrier"": ""simd"", ""compact"": true, ""gdn_sl"": 2, ""schedule"": ""interleave"", ""sgs"": 16, ""split"": true, ""task_barrier"": false, ""tn"": 32, ""workers"": 120}",643.213541707155,652.2343749869227,826.0833333224582,0.9999998887864232,
interleave-search,gdn-prefix,128,"{""barrier"": ""simd"", ""compact"": true, ""gdn_sl"": 4, ""schedule"": ""interleave"", ""sgs"": 16, ""split"": true, ""task_barrier"": false, ""tn"": 32, ""workers"": 120}",637.559027950374,635.6336805311003,824.1475694224695,0.9999998887864232,
interleave-search,gdn-prefix,128,"{""barrier"": ""simd"", ""compact"": true, ""gdn_sl"": 4, ""gemm_overrides"": {""0"": {""groups"": 40, ""tn"": 32}, ""2"": {""groups"": 40, ""tn"": 32}}, ""schedule"": ""interleave"", ""sgs"": 16, ""split"": true, ""task_barrier"": false, ""tn"": 16, ""workers"": 80}",638.3437499456098,641.2256944562008,729.223958349697,0.9999998887864232,
interleave-search,gdn-prefix,128,"{""barrier"": ""simd"", ""compact"": true, ""gdn_sl"": 4, ""gemm_overrides"": {""0"": {""groups"": 80, ""tn"": 32}, ""2"": {""groups"": 80, ""tn"": 32}}, ""schedule"": ""interleave"", ""sgs"": 16, ""split"": true, ""task_barrier"": false, ""tn"": 16, ""workers"": 80}",641.8819444130955,622.7899305789227,731.2638888379297,0.9999998887864232,
attention-refine,attention,128,"{""barrier"": ""simd"", ""compact"": false, ""sgs"": 4, ""split"": true, ""task_barrier"": false, ""tn"": 16, ""workers"": 40}",306.1171875060609,709.7265624906868,787.7291666318342,0.9999999800847503,
attention-refine,attention,8192,"{""barrier"": ""simd"", ""compact"": false, ""sgs"": 4, ""split"": true, ""task_barrier"": false, ""tn"": 16, ""workers"": 40}",746.8489583857263,1113.5572916032288,1870.4505207551847,0.9999999989251256,
attention-refine,attention,128,"{""barrier"": ""simd"", ""compact"": true, ""sgs"": 4, ""split"": true, ""task_barrier"": false, ""tn"": 16, ""workers"": 40}",303.07291672215797,709.2187499324609,788.3671874537868,0.9999999800847503,
attention-refine,attention,8192,"{""barrier"": ""simd"", ""compact"": true, ""sgs"": 4, ""split"": true, ""task_barrier"": false, ""tn"": 16, ""workers"": 40}",746.7369792948375,1112.0338542127683,1871.2708332486727,0.9999999989251256,
attention-refine,attention,128,"{""barrier"": ""simd"", ""compact"": false, ""sgs"": 4, ""split"": true, ""task_barrier"": false, ""tn"": 32, ""workers"": 40}",305.28385406114467,559.4531249926149,609.3359374972351,0.9999999800847503,
attention-refine,attention,8192,"{""barrier"": ""simd"", ""compact"": false, ""sgs"": 4, ""split"": true, ""task_barrier"": false, ""tn"": 32, ""workers"": 40}",759.6588544060978,977.6901039799668,1710.317708329967,0.9999999989251256,
attention-refine,attention,128,"{""barrier"": ""simd"", ""compact"": true, ""sgs"": 4, ""split"": true, ""task_barrier"": false, ""tn"": 32, ""workers"": 40}",302.4505207349648,554.0807291595229,606.3515623395688,0.9999999800847503,
attention-refine,attention,8192,"{""barrier"": ""simd"", ""compact"": true, ""sgs"": 4, ""split"": true, ""task_barrier"": false, ""tn"": 32, ""workers"": 40}",745.9140625201144,967.169270722934,1702.0234375308974,0.9999999989251256,
attention-refine,attention,128,"{""barrier"": ""simd"", ""compact"": false, ""sgs"": 8, ""split"": true, ""task_barrier"": false, ""tn"": 16, ""workers"": 40}",303.67447925527813,424.43229193622756,461.6692710328607,0.9999999803347203,
attention-refine,attention,8192,"{""barrier"": ""simd"", ""compact"": false, ""sgs"": 8, ""split"": true, ""task_barrier"": false, ""tn"": 16, ""workers"": 40}",751.7187501093758,808.0885415893135,1178.9348958473056,0.9999999989238245,
attention-refine,attention,128,"{""barrier"": ""simd"", ""compact"": true, ""sgs"": 8, ""split"": true, ""task_barrier"": false, ""tn"": 16, ""workers"": 40}",304.2526040530902,425.3541665661942,465.0520834843519,0.9999999803347203,
attention-refine,attention,8192,"{""barrier"": ""simd"", ""compact"": true, ""sgs"": 8, ""split"": true, ""task_barrier"": false, ""tn"": 16, ""workers"": 40}",748.7161460062453,803.7031250296423,1170.6093750945001,0.9999999989238245,
attention-refine,attention,128,"{""barrier"": ""simd"", ""compact"": false, ""sgs"": 8, ""split"": true, ""task_barrier"": false, ""tn"": 32, ""workers"": 40}",305.20312503767855,369.5729164405748,397.4817707899092,0.9999999803347203,
attention-refine,attention,8192,"{""barrier"": ""simd"", ""compact"": false, ""sgs"": 8, ""split"": true, ""task_barrier"": false, ""tn"": 32, ""workers"": 40}",747.4583335351781,772.736979115507,1111.817708306262,0.9999999989238245,
attention-refine,attention,128,"{""barrier"": ""simd"", ""compact"": true, ""sgs"": 8, ""split"": true, ""task_barrier"": false, ""tn"": 32, ""workers"": 40}",302.18489598610176,360.497395774928,389.8229168157741,0.9999999803347203,
attention-refine,attention,8192,"{""barrier"": ""simd"", ""compact"": true, ""sgs"": 8, ""split"": true, ""task_barrier"": false, ""tn"": 32, ""workers"": 40}",746.4192710244788,770.5182292170321,1108.9322916291167,0.9999999989238245,
attention-refine,attention,128,"{""barrier"": ""simd"", ""compact"": false, ""sgs"": 4, ""split"": true, ""task_barrier"": false, ""tn"": 16, ""workers"": 80}",303.3046875202672,436.734375227843,472.0182291180208,0.9999999800847503,
attention-refine,attention,8192,"{""barrier"": ""simd"", ""compact"": false, ""sgs"": 4, ""split"": true, ""task_barrier"": false, ""tn"": 16, ""workers"": 80}",747.0520833408045,856.2369791320634,1094.2994791776073,0.9999999989251256,
attention-refine,attention,128,"{""barrier"": ""simd"", ""compact"": true, ""sgs"": 4, ""split"": true, ""task_barrier"": false, ""tn"": 16, ""workers"": 80}",304.2994792394893,437.36458337662043,471.16927078150184,0.9999999800847503,
attention-refine,attention,8192,"{""barrier"": ""simd"", ""compact"": true, ""sgs"": 4, ""split"": true, ""task_barrier"": false, ""tn"": 16, ""workers"": 80}",749.7604166815108,853.6145833772935,1094.2994792912941,0.9999999989251256,
attention-refine,attention,128,"{""barrier"": ""simd"", ""compact"": false, ""sgs"": 4, ""split"": true, ""task_barrier"": false, ""tn"": 32, ""workers"": 80}",302.58333333677,380.14843750033833,405.0182291166493,0.9999999800847503,
attention-refine,attention,8192,"{""barrier"": ""simd"", ""compact"": false, ""sgs"": 4, ""split"": true, ""task_barrier"": false, ""tn"": 32, ""workers"": 80}",749.3750000548971,803.8411459097006,1033.2187501944645,0.9999999989251256,
attention-refine,attention,128,"{""barrier"": ""simd"", ""compact"": true, ""sgs"": 4, ""split"": true, ""task_barrier"": false, ""tn"": 32, ""workers"": 80}",302.72656243823803,378.8723959132767,402.7604166481069,0.9999999800847503,
attention-refine,attention,8192,"{""barrier"": ""simd"", ""compact"": true, ""sgs"": 4, ""split"": true, ""task_barrier"": false, ""tn"": 32, ""workers"": 80}",750.216145718241,807.0937501543085,1031.536458356186,0.9999999989251256,
attention-refine,attention,128,"{""barrier"": ""simd"", ""compact"": false, ""sgs"": 8, ""split"": true, ""task_barrier"": false, ""tn"": 16, ""workers"": 80}",304.25260422362044,317.37239595486244,325.1484376960434,0.9999999803347203,
attention-refine,attention,8192,"{""barrier"": ""simd"", ""compact"": false, ""sgs"": 8, ""split"": true, ""task_barrier"": false, ""tn"": 16, ""workers"": 80}",749.6432290281518,739.0130207909351,804.2656251063818,0.9999999989238245,
attention-refine,attention,128,"{""barrier"": ""simd"", ""compact"": true, ""sgs"": 8, ""split"": true, ""task_barrier"": false, ""tn"": 16, ""workers"": 80}",306.1458331785616,323.42708334454073,320.97395819619123,0.9999999803347203,
attention-refine,attention,8192,"{""barrier"": ""simd"", ""compact"": true, ""sgs"": 8, ""split"": true, ""task_barrier"": false, ""tn"": 16, ""workers"": 80}",749.0833335168645,736.6536457311668,798.6223957345828,0.9999999989238245,
attention-refine,attention,128,"{""barrier"": ""simd"", ""compact"": false, ""sgs"": 8, ""split"": true, ""task_barrier"": false, ""tn"": 32, ""workers"": 80}",301.3255209793897,325.34375014847683,336.2734373126841,0.9999999803347203,
attention-refine,attention,8192,"{""barrier"": ""simd"", ""compact"": false, ""sgs"": 8, ""split"": true, ""task_barrier"": false, ""tn"": 32, ""workers"": 80}",750.2135416643796,751.8619791540004,823.9583333420342,0.9999999989238245,
attention-refine,attention,128,"{""barrier"": ""simd"", ""compact"": true, ""sgs"": 8, ""split"": true, ""task_barrier"": false, ""tn"": 32, ""workers"": 80}",303.7421874410029,324.63020846762447,335.3411457283073,0.9999999803347203,
attention-refine,attention,8192,"{""barrier"": ""simd"", ""compact"": true, ""sgs"": 8, ""split"": true, ""task_barrier"": false, ""tn"": 32, ""workers"": 80}",750.2968751396111,752.4609374627289,832.0598959130621,0.9999999989238245,
attention-refine,attention,128,"{""barrier"": ""simd"", ""compact"": false, ""sgs"": 4, ""split"": true, ""task_barrier"": false, ""tn"": 16, ""workers"": 120}",302.9192707231232,365.1197915814919,397.7942708388582,0.9999999800847503,
attention-refine,attention,8192,"{""barrier"": ""simd"", ""compact"": false, ""sgs"": 4, ""split"": true, ""task_barrier"": false, ""tn"": 16, ""workers"": 120}",749.9687499716856,788.3281249974061,1035.625000156415,0.9999999989251256,
attention-refine,attention,128,"{""barrier"": ""simd"", ""compact"": true, ""sgs"": 4, ""split"": true, ""task_barrier"": false, ""tn"": 16, ""workers"": 120}",304.5572915993944,366.2890624696047,398.2630208270166,0.9999999800847503,
attention-refine,attention,8192,"{""barrier"": ""simd"", ""compact"": true, ""sgs"": 4, ""split"": true, ""task_barrier"": false, ""tn"": 16, ""workers"": 120}",757.3359375783184,794.0729167899008,1042.494791477111,0.9999999989251256,
attention-refine,attention,128,"{""barrier"": ""simd"", ""compact"": false, ""sgs"": 4, ""split"": true, ""task_barrier"": false, ""tn"": 32, ""workers"": 120}",304.2552083343253,356.85937496054976,376.7708332134134,0.9999999800847503,
attention-refine,attention,8192,"{""barrier"": ""simd"", ""compact"": false, ""sgs"": 4, ""split"": true, ""task_barrier"": false, ""tn"": 32, ""workers"": 120}",751.7786458492992,792.6276041985147,1028.984374954689,0.9999999989251256,
attention-refine,attention,128,"{""barrier"": ""simd"", ""compact"": true, ""sgs"": 4, ""split"": true, ""task_barrier"": false, ""tn"": 32, ""workers"": 120}",303.14583341350954,355.2291666437668,376.48958340241734,0.9999999800847503,
attention-refine,attention,8192,"{""barrier"": ""simd"", ""compact"": true, ""sgs"": 4, ""split"": true, ""task_barrier"": false, ""tn"": 32, ""workers"": 120}",748.1588542077588,793.9010416748715,1018.6718751015178,0.9999999989251256,
attention-refine,attention,128,"{""barrier"": ""simd"", ""compact"": false, ""sgs"": 8, ""split"": true, ""task_barrier"": false, ""tn"": 16, ""workers"": 120}",302.7890624593965,337.70052078807566,365.65885409345356,0.9999999803347203,
attention-refine,attention,8192,"{""barrier"": ""simd"", ""compact"": false, ""sgs"": 8, ""split"": true, ""task_barrier"": false, ""tn"": 16, ""workers"": 120}",750.6458334773924,753.1328125196524,837.45312491601,0.9999999989238245,
attention-refine,attention,128,"{""barrier"": ""simd"", ""compact"": true, ""sgs"": 8, ""split"": true, ""task_barrier"": false, ""tn"": 16, ""workers"": 120}",304.6249999556494,337.1796875057953,366.38802077959554,0.9999999803347203,
attention-refine,attention,8192,"{""barrier"": ""simd"", ""compact"": true, ""sgs"": 8, ""split"": true, ""task_barrier"": false, ""tn"": 16, ""workers"": 120}",754.3307292507961,756.6276041757192,825.6458331743488,0.9999999989238245,
attention-refine,attention,128,"{""barrier"": ""simd"", ""compact"": false, ""sgs"": 8, ""split"": true, ""task_barrier"": false, ""tn"": 32, ""workers"": 120}",305.63020817453435,324.4843750280779,359.5130207827424,0.9999999803347203,
attention-refine,attention,8192,"{""barrier"": ""simd"", ""compact"": false, ""sgs"": 8, ""split"": true, ""task_barrier"": false, ""tn"": 32, ""workers"": 120}",748.7161457220282,758.8281249581996,821.4531248995627,0.9999999989238245,
attention-refine,attention,128,"{""barrier"": ""simd"", ""compact"": true, ""sgs"": 8, ""split"": true, ""task_barrier"": false, ""tn"": 32, ""workers"": 120}",304.3229165768935,331.8567707424336,367.01822915574667,0.9999999803347203,
attention-refine,attention,8192,"{""barrier"": ""simd"", ""compact"": true, ""sgs"": 8, ""split"": true, ""task_barrier"": false, ""tn"": 32, ""workers"": 120}",751.1067707355323,764.7109375170658,911.4348956700269,0.9999999989238245,
attention-refine,attention,128,"{""barrier"": ""simd"", ""compact"": false, ""sgs"": 4, ""split"": true, ""task_barrier"": false, ""tn"": 16, ""workers"": 160}",304.13802079465313,325.4713541878118,345.9348957903785,0.9999999800847503,
attention-refine,attention,8192,"{""barrier"": ""simd"", ""compact"": false, ""sgs"": 4, ""split"": true, ""task_barrier"": false, ""tn"": 16, ""workers"": 160}",753.7317708852243,768.1666664893783,785.4140626477601,0.9999999989251256,
attention-refine,attention,128,"{""barrier"": ""simd"", ""compact"": true, ""sgs"": 4, ""split"": true, ""task_barrier"": false, ""tn"": 16, ""workers"": 160}",306.56510404014625,337.95572920780614,352.6484374560823,0.9999999800847503,
attention-refine,attention,8192,"{""barrier"": ""simd"", ""compact"": true, ""sgs"": 4, ""split"": true, ""task_barrier"": false, ""tn"": 16, ""workers"": 160}",752.9114583348928,755.9270832189213,774.7630207290968,0.9999999989251256,
attention-refine,attention,128,"{""barrier"": ""simd"", ""compact"": false, ""sgs"": 4, ""split"": true, ""task_barrier"": false, ""tn"": 32, ""workers"": 160}",305.8125000166001,344.45833347263033,356.72395841856996,0.9999999800847503,
attention-refine,attention,8192,"{""barrier"": ""simd"", ""compact"": false, ""sgs"": 4, ""split"": true, ""task_barrier"": false, ""tn"": 32, ""workers"": 160}",747.9322916310593,771.1015627478446,801.674479077974,0.9999999989251256,
attention-refine,attention,128,"{""barrier"": ""simd"", ""compact"": true, ""sgs"": 4, ""split"": true, ""task_barrier"": false, ""tn"": 32, ""workers"": 160}",303.1067709002855,341.7135416725614,359.3255208897972,0.9999999800847503,
attention-refine,attention,8192,"{""barrier"": ""simd"", ""compact"": true, ""sgs"": 4, ""split"": true, ""task_barrier"": false, ""tn"": 32, ""workers"": 160}",748.6718750442378,776.9296876745102,799.5104166411693,0.9999999989251256,
attention-refine,attention,128,"{""barrier"": ""simd"", ""compact"": false, ""sgs"": 8, ""split"": true, ""task_barrier"": false, ""tn"": 16, ""workers"": 160}",303.57552088844386,317.6901041115343,1213.1692708408082,0.9999999803347203,
attention-refine,attention,8192,"{""barrier"": ""simd"", ""compact"": false, ""sgs"": 8, ""split"": true, ""task_barrier"": false, ""tn"": 16, ""workers"": 160}",746.7161458976079,745.752604188965,964.3984375315995,0.9999999989238245,
attention-refine,attention,128,"{""barrier"": ""simd"", ""compact"": true, ""sgs"": 8, ""split"": true, ""task_barrier"": false, ""tn"": 16, ""workers"": 160}",305.2578124993488,318.02083344700804,1361.4140625008986,0.9999999803347203,
attention-refine,attention,8192,"{""barrier"": ""simd"", ""compact"": true, ""sgs"": 8, ""split"": true, ""task_barrier"": false, ""tn"": 16, ""workers"": 160}",753.8281248571366,744.8098959343952,2879.080729087491,0.9999999989238245,
attention-refine,attention,128,"{""barrier"": ""simd"", ""compact"": false, ""sgs"": 8, ""split"": true, ""task_barrier"": false, ""tn"": 32, ""workers"": 160}",303.9296876750086,340.28645848138694,376.46875000518776,0.9999999803347203,
attention-refine,attention,8192,"{""barrier"": ""simd"", ""compact"": false, ""sgs"": 8, ""split"": true, ""task_barrier"": false, ""tn"": 32, ""workers"": 160}",748.5859374014581,765.0364583469127,845.7395832692782,0.9999999989238245,
attention-refine,attention,128,"{""barrier"": ""simd"", ""compact"": true, ""sgs"": 8, ""split"": true, ""task_barrier"": false, ""tn"": 32, ""workers"": 160}",306.20572920270206,338.16406255482434,427.05468746362385,0.9999999803347203,
attention-refine,attention,8192,"{""barrier"": ""simd"", ""compact"": true, ""sgs"": 8, ""split"": true, ""task_barrier"": false, ""tn"": 32, ""workers"": 160}",749.5052083186238,766.8359374974898,1439.8854167438913,0.9999999989238245,
mixed-prefix,gdn-prefix,128,"{""barrier"": ""simd"", ""compact"": true, ""gdn_sl"": 2, ""gemm_overrides"": {""0"": {""groups"": 40, ""tn"": 16}, ""2"": {""groups"": 40, ""tn"": 16}, ""3"": {""groups"": 80, ""tn"": 16}}, ""sgs"": 16, ""split"": true, ""task_barrier"": false, ""tn"": 16, ""workers"": 40}",642.3038194801242,651.1180555814159,673.5086806202162,0.9999998887864232,
mixed-prefix,gdn-prefix,128,"{""barrier"": ""simd"", ""compact"": true, ""gdn_sl"": 4, ""gemm_overrides"": {""0"": {""groups"": 40, ""tn"": 16}, ""2"": {""groups"": 40, ""tn"": 16}, ""3"": {""groups"": 80, ""tn"": 16}}, ""sgs"": 16, ""split"": true, ""task_barrier"": false, ""tn"": 16, ""workers"": 40}",641.6545137805466,670.2621529560323,672.2899307002687,0.9999998887864232,
mixed-prefix,gdn-prefix,128,"{""barrier"": ""simd"", ""compact"": true, ""gdn_sl"": 2, ""gemm_overrides"": {""0"": {""groups"": 40, ""tn"": 32}, ""2"": {""groups"": 40, ""tn"": 32}, ""3"": {""groups"": 80, ""tn"": 16}}, ""sgs"": 16, ""split"": true, ""task_barrier"": false, ""tn"": 16, ""workers"": 40}",645.7673611445595,618.092013913459,643.9236110509228,0.9999998887864232,
mixed-prefix,gdn-prefix,128,"{""barrier"": ""simd"", ""compact"": true, ""gdn_sl"": 4, ""gemm_overrides"": {""0"": {""groups"": 40, ""tn"": 32}, ""2"": {""groups"": 40, ""tn"": 32}, ""3"": {""groups"": 80, ""tn"": 16}}, ""sgs"": 16, ""split"": true, ""task_barrier"": false, ""tn"": 16, ""workers"": 40}",646.6944446401612,636.4322916094048,644.0208333060582,0.9999998887864232,
mixed-prefix,gdn-prefix,128,"{""barrier"": ""simd"", ""compact"": true, ""gdn_sl"": 2, ""gemm_overrides"": {""0"": {""groups"": 40, ""tn"": 16}, ""2"": {""groups"": 40, ""tn"": 16}, ""3"": {""groups"": 80, ""tn"": 32}}, ""sgs"": 16, ""split"": true, ""task_barrier"": false, ""tn"": 16, ""workers"": 40}",642.440972114855,649.0486110427204,673.4826387552554,0.9999998887864232,
mixed-prefix,gdn-prefix,128,"{""barrier"": ""simd"", ""compact"": true, ""gdn_sl"": 4, ""gemm_overrides"": {""0"": {""groups"": 40, ""tn"": 16}, ""2"": {""groups"": 40, ""tn"": 16}, ""3"": {""groups"": 80, ""tn"": 32}}, ""sgs"": 16, ""split"": true, ""task_barrier"": false, ""tn"": 16, ""workers"": 40}",643.1458332751087,685.5781249062906,682.9947916836924,0.9999998887864232,
mixed-prefix,gdn-prefix,128,"{""barrier"": ""simd"", ""compact"": true, ""gdn_sl"": 2, ""gemm_overrides"": {""0"": {""groups"": 40, ""tn"": 32}, ""2"": {""groups"": 40, ""tn"": 32}, ""3"": {""groups"": 80, ""tn"": 32}}, ""sgs"": 16, ""split"": true, ""task_barrier"": false, ""tn"": 16, ""workers"": 40}",644.496527835751,620.9253473343779,652.3454860219621,0.9999998887864232,
mixed-prefix,gdn-prefix,128,"{""barrier"": ""simd"", ""compact"": true, ""gdn_sl"": 4, ""gemm_overrides"": {""0"": {""groups"": 40, ""tn"": 32}, ""2"": {""groups"": 40, ""tn"": 32}, ""3"": {""groups"": 80, ""tn"": 32}}, ""sgs"": 16, ""split"": true, ""task_barrier"": false, ""tn"": 16, ""workers"": 40}",649.1406250764461,656.0746527384254,655.1805554029974,0.9999998887864232,
mixed-prefix,gdn-prefix,128,"{""barrier"": ""simd"", ""compact"": true, ""gdn_sl"": 2, ""gemm_overrides"": {""0"": {""groups"": 80, ""tn"": 16}, ""2"": {""groups"": 80, ""tn"": 16}, ""3"": {""groups"": 80, ""tn"": 16}}, ""sgs"": 16, ""split"": true, ""task_barrier"": false, ""tn"": 16, ""workers"": 40}",645.5243056583034,644.7881944116792,687.8211805390796,0.9999998887864232,
mixed-prefix,gdn-prefix,128,"{""barrier"": ""simd"", ""compact"": true, ""gdn_sl"": 4, ""gemm_overrides"": {""0"": {""groups"": 80, ""tn"": 16}, ""2"": {""groups"": 80, ""tn"": 16}, ""3"": {""groups"": 80, ""tn"": 16}}, ""sgs"": 16, ""split"": true, ""task_barrier"": false, ""tn"": 16, ""workers"": 40}",644.1006945199964,645.7465278041733,715.0486110655644,0.9999998887864232,
mixed-prefix,gdn-prefix,128,"{""barrier"": ""simd"", ""compact"": true, ""gdn_sl"": 2, ""gemm_overrides"": {""0"": {""groups"": 80, ""tn"": 32}, ""2"": {""groups"": 80, ""tn"": 32}, ""3"": {""groups"": 80, ""tn"": 16}}, ""sgs"": 16, ""split"": true, ""task_barrier"": false, ""tn"": 16, ""workers"": 40}",650.0243057795766,641.0520832105249,657.6996528716942,0.9999998887864232,
mixed-prefix,gdn-prefix,128,"{""barrier"": ""simd"", ""compact"": true, ""gdn_sl"": 4, ""gemm_overrides"": {""0"": {""groups"": 80, ""tn"": 32}, ""2"": {""groups"": 80, ""tn"": 32}, ""3"": {""groups"": 80, ""tn"": 16}}, ""sgs"": 16, ""split"": true, ""task_barrier"": false, ""tn"": 16, ""workers"": 40}",645.0486110149237,629.3802085413821,646.8541666890815,0.9999998887864232,
mixed-prefix,gdn-prefix,128,"{""barrier"": ""simd"", ""compact"": true, ""gdn_sl"": 2, ""gemm_overrides"": {""0"": {""groups"": 80, ""tn"": 16}, ""2"": {""groups"": 80, ""tn"": 16}, ""3"": {""groups"": 80, ""tn"": 32}}, ""sgs"": 16, ""split"": true, ""task_barrier"": false, ""tn"": 16, ""workers"": 40}",645.100694479576,647.0364584174604,685.0434026546282,0.9999998887864232,
mixed-prefix,gdn-prefix,128,"{""barrier"": ""simd"", ""compact"": true, ""gdn_sl"": 4, ""gemm_overrides"": {""0"": {""groups"": 80, ""tn"": 16}, ""2"": {""groups"": 80, ""tn"": 16}, ""3"": {""groups"": 80, ""tn"": 32}}, ""sgs"": 16, ""split"": true, ""task_barrier"": false, ""tn"": 16, ""workers"": 40}",643.0850692898579,652.4652777291825,679.5972222259176,0.9999998887864232,
mixed-prefix,gdn-prefix,128,"{""barrier"": ""simd"", ""compact"": true, ""gdn_sl"": 2, ""gemm_overrides"": {""0"": {""groups"": 80, ""tn"": 32}, ""2"": {""groups"": 80, ""tn"": 32}, ""3"": {""groups"": 80, ""tn"": 32}}, ""sgs"": 16, ""split"": true, ""task_barrier"": false, ""tn"": 16, ""workers"": 40}",641.1388888333628,634.640625018316,648.9965279191287,0.9999998887864232,
mixed-prefix,gdn-prefix,128,"{""barrier"": ""simd"", ""compact"": true, ""gdn_sl"": 4, ""gemm_overrides"": {""0"": {""groups"": 80, ""tn"": 32}, ""2"": {""groups"": 80, ""tn"": 32}, ""3"": {""groups"": 80, ""tn"": 32}}, ""sgs"": 16, ""split"": true, ""task_barrier"": false, ""tn"": 16, ""workers"": 40}",647.4774305615938,634.5590278063659,650.5034721916066,0.9999998887864232,
mixed-prefix,gdn-prefix,128,"{""barrier"": ""simd"", ""compact"": true, ""gdn_sl"": 2, ""gemm_overrides"": {""0"": {""groups"": 40, ""tn"": 16}, ""2"": {""groups"": 40, ""tn"": 16}, ""3"": {""groups"": 80, ""tn"": 16}}, ""sgs"": 16, ""split"": true, ""task_barrier"": false, ""tn"": 16, ""workers"": 80}",643.574652751037,646.9201390473245,663.1215276229341,0.9999998887864232,
mixed-prefix,gdn-prefix,128,"{""barrier"": ""simd"", ""compact"": true, ""gdn_sl"": 4, ""gemm_overrides"": {""0"": {""groups"": 40, ""tn"": 16}, ""2"": {""groups"": 40, ""tn"": 16}, ""3"": {""groups"": 80, ""tn"": 16}}, ""sgs"": 16, ""split"": true, ""task_barrier"": false, ""tn"": 16, ""workers"": 80}",645.8697916211046,679.3055556499894,662.9722222442069,0.9999998887864232,
mixed-prefix,gdn-prefix,128,"{""barrier"": ""simd"", ""compact"": true, ""gdn_sl"": 2, ""gemm_overrides"": {""0"": {""groups"": 40, ""tn"": 32}, ""2"": {""groups"": 40, ""tn"": 32}, ""3"": {""groups"": 80, ""tn"": 16}}, ""sgs"": 16, ""split"": true, ""task_barrier"": false, ""tn"": 16, ""workers"": 80}",641.5763888677853,617.3368054381475,645.0069444478382,0.9999998887864232,
mixed-prefix,gdn-prefix,128,"{""barrier"": ""simd"", ""compact"": true, ""gdn_sl"": 4, ""gemm_overrides"": {""0"": {""groups"": 40, ""tn"": 32}, ""2"": {""groups"": 40, ""tn"": 32}, ""3"": {""groups"": 80, ""tn"": 16}}, ""sgs"": 16, ""split"": true, ""task_barrier"": false, ""tn"": 16, ""workers"": 80}",642.991319561285,639.9305555457128,645.873263882398,0.9999998887864232,
mixed-prefix,gdn-prefix,128,"{""barrier"": ""simd"", ""compact"": true, ""gdn_sl"": 2, ""gemm_overrides"": {""0"": {""groups"": 40, ""tn"": 16}, ""2"": {""groups"": 40, ""tn"": 16}, ""3"": {""groups"": 80, ""tn"": 32}}, ""sgs"": 16, ""split"": true, ""task_barrier"": false, ""tn"": 16, ""workers"": 80}",645.600694535157,660.8420137202605,671.6579860797841,0.9999998887864232,
mixed-prefix,gdn-prefix,128,"{""barrier"": ""simd"", ""compact"": true, ""gdn_sl"": 4, ""gemm_overrides"": {""0"": {""groups"": 40, ""tn"": 16}, ""2"": {""groups"": 40, ""tn"": 16}, ""3"": {""groups"": 80, ""tn"": 32}}, ""sgs"": 16, ""split"": true, ""task_barrier"": false, ""tn"": 16, ""workers"": 80}",641.4826388739433,677.3211805466417,666.925347218239,0.9999998887864232,
mixed-prefix,gdn-prefix,128,"{""barrier"": ""simd"", ""compact"": true, ""gdn_sl"": 2, ""gemm_overrides"": {""0"": {""groups"": 40, ""tn"": 32}, ""2"": {""groups"": 40, ""tn"": 32}, ""3"": {""groups"": 80, ""tn"": 32}}, ""sgs"": 16, ""split"": true, ""task_barrier"": false, ""tn"": 16, ""workers"": 80}",645.2899305789591,623.7690970844293,652.5277776745497,0.9999998887864232,
mixed-prefix,gdn-prefix,128,"{""barrier"": ""simd"", ""compact"": true, ""gdn_sl"": 4, ""gemm_overrides"": {""0"": {""groups"": 40, ""tn"": 32}, ""2"": {""groups"": 40, ""tn"": 32}, ""3"": {""groups"": 80, ""tn"": 32}}, ""sgs"": 16, ""split"": true, ""task_barrier"": false, ""tn"": 16, ""workers"": 80}",646.1857637608167,648.6579861757491,648.9895834723333,0.9999998887864232,
mixed-prefix,gdn-prefix,128,"{""barrier"": ""simd"", ""compact"": true, ""gdn_sl"": 2, ""gemm_overrides"": {""0"": {""groups"": 80, ""tn"": 16}, ""2"": {""groups"": 80, ""tn"": 16}, ""3"": {""groups"": 80, ""tn"": 16}}, ""sgs"": 16, ""split"": true, ""task_barrier"": false, ""tn"": 16, ""workers"": 80}",642.1406249425369,644.9531249093828,645.102430477588,0.9999998887864232,
mixed-prefix,gdn-prefix,128,"{""barrier"": ""simd"", ""compact"": true, ""gdn_sl"": 4, ""gemm_overrides"": {""0"": {""groups"": 80, ""tn"": 16}, ""2"": {""groups"": 80, ""tn"": 16}, ""3"": {""groups"": 80, ""tn"": 16}}, ""sgs"": 16, ""split"": true, ""task_barrier"": false, ""tn"": 16, ""workers"": 80}",648.9253471878934,644.144097160885,644.9739583634558,0.9999998887864232,
mixed-prefix,gdn-prefix,128,"{""barrier"": ""simd"", ""compact"": true, ""gdn_sl"": 2, ""gemm_overrides"": {""0"": {""groups"": 80, ""tn"": 32}, ""2"": {""groups"": 80, ""tn"": 32}, ""3"": {""groups"": 80, ""tn"": 16}}, ""sgs"": 16, ""split"": true, ""task_barrier"": false, ""tn"": 16, ""workers"": 80}",642.9340279131187,634.157985928141,668.2482640295954,0.9999998887864232,
mixed-prefix,gdn-prefix,128,"{""barrier"": ""simd"", ""compact"": true, ""gdn_sl"": 4, ""gemm_overrides"": {""0"": {""groups"": 80, ""tn"": 32}, ""2"": {""groups"": 80, ""tn"": 32}, ""3"": {""groups"": 80, ""tn"": 16}}, ""sgs"": 16, ""split"": true, ""task_barrier"": false, ""tn"": 16, ""workers"": 80}",648.4635416654783,626.0468750269865,668.006944276082,0.9999998887864232,
mixed-prefix,gdn-prefix,128,"{""barrier"": ""simd"", ""compact"": true, ""gdn_sl"": 2, ""gemm_overrides"": {""0"": {""groups"": 80, ""tn"": 16}, ""2"": {""groups"": 80, ""tn"": 16}, ""3"": {""groups"": 80, ""tn"": 32}}, ""sgs"": 16, ""split"": true, ""task_barrier"": false, ""tn"": 16, ""workers"": 80}",645.4722222315468,653.5902777689747,651.1180553919379,0.9999998887864232,
mixed-prefix,gdn-prefix,128,"{""barrier"": ""simd"", ""compact"": true, ""gdn_sl"": 4, ""gemm_overrides"": {""0"": {""groups"": 80, ""tn"": 16}, ""2"": {""groups"": 80, ""tn"": 16}, ""3"": {""groups"": 80, ""tn"": 32}}, ""sgs"": 16, ""split"": true, ""task_barrier"": false, ""tn"": 16, ""workers"": 80}",645.5989583855626,647.8993057802048,654.5468750876656,0.9999998887864232,
mixed-prefix,gdn-prefix,128,"{""barrier"": ""simd"", ""compact"": true, ""gdn_sl"": 2, ""gemm_overrides"": {""0"": {""groups"": 80, ""tn"": 32}, ""2"": {""groups"": 80, ""tn"": 32}, ""3"": {""groups"": 80, ""tn"": 32}}, ""sgs"": 16, ""split"": true, ""task_barrier"": false, ""tn"": 16, ""workers"": 80}",643.9270833501117,637.2951388584625,674.5364583290817,0.9999998887864232,
mixed-prefix,gdn-prefix,128,"{""barrier"": ""simd"", ""compact"": true, ""gdn_sl"": 4, ""gemm_overrides"": {""0"": {""groups"": 80, ""tn"": 32}, ""2"": {""groups"": 80, ""tn"": 32}, ""3"": {""groups"": 80, ""tn"": 32}}, ""sgs"": 16, ""split"": true, ""task_barrier"": false, ""tn"": 16, ""workers"": 80}",640.8246528432452,626.9270832793458,668.0121526869698,0.9999998887864232,
mixed-prefix,gdn-prefix,128,"{""barrier"": ""simd"", ""compact"": true, ""gdn_sl"": 2, ""gemm_overrides"": {""0"": {""groups"": 40, ""tn"": 16}, ""2"": {""groups"": 40, ""tn"": 16}, ""3"": {""groups"": 80, ""tn"": 16}}, ""sgs"": 16, ""split"": true, ""task_barrier"": false, ""tn"": 16, ""workers"": 120}",647.5260417270571,653.3975694082983,657.9861111125259,0.9999998887864232,
mixed-prefix,gdn-prefix,128,"{""barrier"": ""simd"", ""compact"": true, ""gdn_sl"": 4, ""gemm_overrides"": {""0"": {""groups"": 40, ""tn"": 16}, ""2"": {""groups"": 40, ""tn"": 16}, ""3"": {""groups"": 80, ""tn"": 16}}, ""sgs"": 16, ""split"": true, ""task_barrier"": false, ""tn"": 16, ""workers"": 120}",643.8142360896867,665.7968749550491,655.4756945054881,0.9999998887864232,
mixed-prefix,gdn-prefix,128,"{""barrier"": ""simd"", ""compact"": true, ""gdn_sl"": 2, ""gemm_overrides"": {""0"": {""groups"": 40, ""tn"": 32}, ""2"": {""groups"": 40, ""tn"": 32}, ""3"": {""groups"": 80, ""tn"": 16}}, ""sgs"": 16, ""split"": true, ""task_barrier"": false, ""tn"": 16, ""workers"": 120}",642.2499999037731,617.8524306884962,659.8489584348499,0.9999998887864232,
mixed-prefix,gdn-prefix,128,"{""barrier"": ""simd"", ""compact"": true, ""gdn_sl"": 4, ""gemm_overrides"": {""0"": {""groups"": 40, ""tn"": 32}, ""2"": {""groups"": 40, ""tn"": 32}, ""3"": {""groups"": 80, ""tn"": 16}}, ""sgs"": 16, ""split"": true, ""task_barrier"": false, ""tn"": 16, ""workers"": 120}",642.0520833595825,646.8402777954907,654.7743056444233,0.9999998887864232,
mixed-prefix,gdn-prefix,128,"{""barrier"": ""simd"", ""compact"": true, ""gdn_sl"": 2, ""gemm_overrides"": {""0"": {""groups"": 40, ""tn"": 16}, ""2"": {""groups"": 40, ""tn"": 16}, ""3"": {""groups"": 80, ""tn"": 32}}, ""sgs"": 16, ""split"": true, ""task_barrier"": false, ""tn"": 16, ""workers"": 120}",654.7048610627826,668.935763845487,678.7760418092148,0.9999998887864232,
mixed-prefix,gdn-prefix,128,"{""barrier"": ""simd"", ""compact"": true, ""gdn_sl"": 4, ""gemm_overrides"": {""0"": {""groups"": 40, ""tn"": 16}, ""2"": {""groups"": 40, ""tn"": 16}, ""3"": {""groups"": 80, ""tn"": 32}}, ""sgs"": 16, ""split"": true, ""task_barrier"": false, ""tn"": 16, ""workers"": 120}",644.2812500229896,676.7048611588203,664.069444458922,0.9999998887864232,
mixed-prefix,gdn-prefix,128,"{""barrier"": ""simd"", ""compact"": true, ""gdn_sl"": 2, ""gemm_overrides"": {""0"": {""groups"": 40, ""tn"": 32}, ""2"": {""groups"": 40, ""tn"": 32}, ""3"": {""groups"": 80, ""tn"": 32}}, ""sgs"": 16, ""split"": true, ""task_barrier"": false, ""tn"": 16, ""workers"": 120}",642.9861111882929,624.2604166194118,661.7795138860553,0.9999998887864232,
mixed-prefix,gdn-prefix,128,"{""barrier"": ""simd"", ""compact"": true, ""gdn_sl"": 4, ""gemm_overrides"": {""0"": {""groups"": 40, ""tn"": 32}, ""2"": {""groups"": 40, ""tn"": 32}, ""3"": {""groups"": 80, ""tn"": 32}}, ""sgs"": 16, ""split"": true, ""task_barrier"": false, ""tn"": 16, ""workers"": 120}",643.7048610905549,637.3958332612043,661.6371527646455,0.9999998887864232,
mixed-prefix,gdn-prefix,128,"{""barrier"": ""simd"", ""compact"": true, ""gdn_sl"": 2, ""gemm_overrides"": {""0"": {""groups"": 80, ""tn"": 16}, ""2"": {""groups"": 80, ""tn"": 16}, ""3"": {""groups"": 80, ""tn"": 16}}, ""sgs"": 16, ""split"": true, ""task_barrier"": false, ""tn"": 16, ""workers"": 120}",644.6145832038989,646.9965277725956,646.3020832446394,0.9999998887864232,
mixed-prefix,gdn-prefix,128,"{""barrier"": ""simd"", ""compact"": true, ""gdn_sl"": 4, ""gemm_overrides"": {""0"": {""groups"": 80, ""tn"": 16}, ""2"": {""groups"": 80, ""tn"": 16}, ""3"": {""groups"": 80, ""tn"": 16}}, ""sgs"": 16, ""split"": true, ""task_barrier"": false, ""tn"": 16, ""workers"": 120}",651.1302082875167,649.2604167457708,649.9010415836892,0.9999998887864232,
mixed-prefix,gdn-prefix,128,"{""barrier"": ""simd"", ""compact"": true, ""gdn_sl"": 2, ""gemm_overrides"": {""0"": {""groups"": 80, ""tn"": 32}, ""2"": {""groups"": 80, ""tn"": 32}, ""3"": {""groups"": 80, ""tn"": 16}}, ""sgs"": 16, ""split"": true, ""task_barrier"": false, ""tn"": 16, ""workers"": 120}",643.3871528770396,637.6128472235602,680.0190971792593,0.9999998887864232,
mixed-prefix,gdn-prefix,128,"{""barrier"": ""simd"", ""compact"": true, ""gdn_sl"": 4, ""gemm_overrides"": {""0"": {""groups"": 80, ""tn"": 32}, ""2"": {""groups"": 80, ""tn"": 32}, ""3"": {""groups"": 80, ""tn"": 16}}, ""sgs"": 16, ""split"": true, ""task_barrier"": false, ""tn"": 16, ""workers"": 120}",655.5347221516664,642.0208332353164,693.003472216939,0.9999998887864232,
mixed-prefix,gdn-prefix,128,"{""barrier"": ""simd"", ""compact"": true, ""gdn_sl"": 2, ""gemm_overrides"": {""0"": {""groups"": 80, ""tn"": 16}, ""2"": {""groups"": 80, ""tn"": 16}, ""3"": {""groups"": 80, ""tn"": 32}}, ""sgs"": 16, ""split"": true, ""task_barrier"": false, ""tn"": 16, ""workers"": 120}",641.5572917148893,646.3750000117822,648.2934026810957,0.9999998887864232,
mixed-prefix,gdn-prefix,128,"{""barrier"": ""simd"", ""compact"": true, ""gdn_sl"": 4, ""gemm_overrides"": {""0"": {""groups"": 80, ""tn"": 16}, ""2"": {""groups"": 80, ""tn"": 16}, ""3"": {""groups"": 80, ""tn"": 32}}, ""sgs"": 16, ""split"": true, ""task_barrier"": false, ""tn"": 16, ""workers"": 120}",645.2690970111993,639.3645833592624,648.7899306648615,0.9999998887864232,
mixed-prefix,gdn-prefix,128,"{""barrier"": ""simd"", ""compact"": true, ""gdn_sl"": 2, ""gemm_overrides"": {""0"": {""groups"": 80, ""tn"": 32}, ""2"": {""groups"": 80, ""tn"": 32}, ""3"": {""groups"": 80, ""tn"": 32}}, ""sgs"": 16, ""split"": true, ""task_barrier"": false, ""tn"": 16, ""workers"": 120}",641.6093751037503,632.8802083999108,682.7760417612202,0.9999998887864232,
mixed-prefix,gdn-prefix,128,"{""barrier"": ""simd"", ""compact"": true, ""gdn_sl"": 4, ""gemm_overrides"": {""0"": {""groups"": 80, ""tn"": 32}, ""2"": {""groups"": 80, ""tn"": 32}, ""3"": {""groups"": 80, ""tn"": 32}}, ""sgs"": 16, ""split"": true, ""task_barrier"": false, ""tn"": 16, ""workers"": 120}",642.6822916788902,625.5625000145907,682.9496529311049,0.9999998887864232,
scalar-prefix,gdn-prefix,128,"{""barrier"": ""simd"", ""compact"": true, ""gdn_sl"": 2, ""scalar_sgs"": 1, ""sgs"": 16, ""split"": true, ""task_barrier"": false, ""tn"": 16, ""workers"": 40}",637.489583292942,645.7916667083433,700.706597020447,0.9999998887864232,
scalar-prefix,gdn-prefix,128,"{""barrier"": ""simd"", ""compact"": true, ""gdn_sl"": 2, ""scalar_sgs"": 4, ""sgs"": 16, ""split"": true, ""task_barrier"": false, ""tn"": 16, ""workers"": 40}",639.6805556505569,659.3072917742878,686.137152494363,0.9999998887864232,
scalar-prefix,gdn-prefix,128,"{""barrier"": ""simd"", ""compact"": true, ""gdn_sl"": 4, ""scalar_sgs"": 1, ""sgs"": 16, ""split"": true, ""task_barrier"": false, ""tn"": 16, ""workers"": 40}",638.824652924086,672.5086802816804,700.6180555132838,0.9999998887864232,
scalar-prefix,gdn-prefix,128,"{""barrier"": ""simd"", ""compact"": true, ""gdn_sl"": 4, ""scalar_sgs"": 4, ""sgs"": 16, ""split"": true, ""task_barrier"": false, ""tn"": 16, ""workers"": 40}",639.1736108829112,683.1666667039826,690.8767359163903,0.9999998887864232,
scalar-prefix,gdn-prefix,128,"{""barrier"": ""simd"", ""compact"": true, ""gdn_sl"": 2, ""scalar_sgs"": 1, ""sgs"": 16, ""split"": true, ""task_barrier"": false, ""tn"": 32, ""workers"": 40}",639.3315967822369,622.6822914262206,673.75520832987,0.9999998887864232,
scalar-prefix,gdn-prefix,128,"{""barrier"": ""simd"", ""compact"": true, ""gdn_sl"": 2, ""scalar_sgs"": 4, ""sgs"": 16, ""split"": true, ""task_barrier"": false, ""tn"": 32, ""workers"": 40}",637.532985820144,617.3020835831267,660.4027779151996,0.9999998887864232,
scalar-prefix,gdn-prefix,128,"{""barrier"": ""simd"", ""compact"": true, ""gdn_sl"": 4, ""scalar_sgs"": 1, ""sgs"": 16, ""split"": true, ""task_barrier"": false, ""tn"": 32, ""workers"": 40}",638.2899305966324,627.930555462323,664.022569253575,0.9999998887864232,
scalar-prefix,gdn-prefix,128,"{""barrier"": ""simd"", ""compact"": true, ""gdn_sl"": 4, ""scalar_sgs"": 4, ""sgs"": 16, ""split"": true, ""task_barrier"": false, ""tn"": 32, ""workers"": 40}",637.8402777803179,627.2256941125912,643.4947917265769,0.9999998887864232,
scalar-prefix,gdn-prefix,128,"{""barrier"": ""simd"", ""compact"": true, ""gdn_sl"": 2, ""scalar_sgs"": 1, ""sgs"": 16, ""split"": true, ""task_barrier"": false, ""tn"": 16, ""workers"": 80}",638.5138888163056,643.9513889138956,657.3611109009411,0.9999998887864232,
scalar-prefix,gdn-prefix,128,"{""barrier"": ""simd"", ""compact"": true, ""gdn_sl"": 2, ""scalar_sgs"": 4, ""sgs"": 16, ""split"": true, ""task_barrier"": false, ""tn"": 16, ""workers"": 80}",637.99826345227,643.8003473097828,648.4670137372935,0.9999998887864232,
scalar-prefix,gdn-prefix,128,"{""barrier"": ""simd"", ""compact"": true, ""gdn_sl"": 4, ""scalar_sgs"": 1, ""sgs"": 16, ""split"": true, ""task_barrier"": false, ""tn"": 16, ""workers"": 80}",638.8750000496657,641.8107638334428,666.423611164646,0.9999998887864232,
scalar-prefix,gdn-prefix,128,"{""barrier"": ""simd"", ""compact"": true, ""gdn_sl"": 4, ""scalar_sgs"": 4, ""sgs"": 16, ""split"": true, ""task_barrier"": false, ""tn"": 16, ""workers"": 80}",639.1874999280844,639.9149307677968,645.5138887607367,0.9999998887864232,
scalar-prefix,gdn-prefix,128,"{""barrier"": ""simd"", ""compact"": true, ""gdn_sl"": 2, ""scalar_sgs"": 1, ""sgs"": 16, ""split"": true, ""task_barrier"": false, ""tn"": 32, ""workers"": 80}",638.2552083626555,636.9999998696585,686.4305557125286,0.9999998887864232,
scalar-prefix,gdn-prefix,128,"{""barrier"": ""simd"", ""compact"": true, ""gdn_sl"": 2, ""scalar_sgs"": 4, ""sgs"": 16, ""split"": true, ""task_barrier"": false, ""tn"": 32, ""workers"": 80}",640.1805554408687,635.8229168199614,684.2361109799336,0.9999998887864232,
scalar-prefix,gdn-prefix,128,"{""barrier"": ""simd"", ""compact"": true, ""gdn_sl"": 4, ""scalar_sgs"": 1, ""sgs"": 16, ""split"": true, ""task_barrier"": false, ""tn"": 32, ""workers"": 80}",638.7499998557663,623.5399305296596,681.6284721935517,0.9999998887864232,
scalar-prefix,gdn-prefix,128,"{""barrier"": ""simd"", ""compact"": true, ""gdn_sl"": 4, ""scalar_sgs"": 4, ""sgs"": 16, ""split"": true, ""task_barrier"": false, ""tn"": 32, ""workers"": 80}",645.2100697060814,625.3767360249185,680.9531250079696,0.9999998887864232,
scalar-prefix,gdn-prefix,128,"{""barrier"": ""simd"", ""compact"": true, ""gdn_sl"": 2, ""scalar_sgs"": 1, ""sgs"": 16, ""split"": true, ""task_barrier"": false, ""tn"": 16, ""workers"": 120}",641.6302084441364,656.6232638457828,670.993055564395,0.9999998887864232,
scalar-prefix,gdn-prefix,128,"{""barrier"": ""simd"", ""compact"": true, ""gdn_sl"": 2, ""scalar_sgs"": 4, ""sgs"": 16, ""split"": true, ""task_barrier"": false, ""tn"": 16, ""workers"": 120}",639.8750000850365,655.5225694076702,673.7065972023023,0.9999998887864232,
scalar-prefix,gdn-prefix,128,"{""barrier"": ""simd"", ""compact"": true, ""gdn_sl"": 4, ""scalar_sgs"": 1, ""sgs"": 16, ""split"": true, ""task_barrier"": false, ""tn"": 16, ""workers"": 120}",642.6215275041613,656.3437499759553,669.9704861148348,0.9999998887864232,
scalar-prefix,gdn-prefix,128,"{""barrier"": ""simd"", ""compact"": true, ""gdn_sl"": 4, ""scalar_sgs"": 4, ""sgs"": 16, ""split"": true, ""task_barrier"": false, ""tn"": 16, ""workers"": 120}",645.7170138673973,653.7326388903845,635.9531251594793,0.9999998887864232,
scalar-prefix,gdn-prefix,128,"{""barrier"": ""simd"", ""compact"": true, ""gdn_sl"": 2, ""scalar_sgs"": 1, ""sgs"": 16, ""split"": true, ""task_barrier"": false, ""tn"": 32, ""workers"": 120}",640.6423610011794,648.6354166857685,743.781249790724,0.9999998887864232,
scalar-prefix,gdn-prefix,128,"{""barrier"": ""simd"", ""compact"": true, ""gdn_sl"": 2, ""scalar_sgs"": 4, ""sgs"": 16, ""split"": true, ""task_barrier"": false, ""tn"": 32, ""workers"": 120}",642.4722225043903,650.331597019734,721.3697917147025,0.9999998887864232,
scalar-prefix,gdn-prefix,128,"{""barrier"": ""simd"", ""compact"": true, ""gdn_sl"": 4, ""scalar_sgs"": 1, ""sgs"": 16, ""split"": true, ""task_barrier"": false, ""tn"": 32, ""workers"": 120}",641.0555555097138,633.4930553748563,733.4739584621275,0.9999998887864232,
scalar-prefix,gdn-prefix,128,"{""barrier"": ""simd"", ""compact"": true, ""gdn_sl"": 4, ""scalar_sgs"": 4, ""sgs"": 16, ""split"": true, ""task_barrier"": false, ""tn"": 32, ""workers"": 120}",640.3993055149234,637.2499998785012,738.449652772033,0.9999998887864232,
short-decode-search,mlp,128,"{""barrier"": ""simd"", ""compact"": false, ""narrow_scales"": true, ""sgs"": 16, ""short_decode"": false, ""split"": true, ""task_barrier"": false, ""tn"": 32, ""workers"": 40}",311.76432287338685,406.01822905728113,439.22005215790705,0.9999999999128053,
short-decode-search,mlp,128,"{""barrier"": ""simd"", ""compact"": false, ""narrow_scales"": true, ""sgs"": 16, ""short_decode"": true, ""split"": true, ""task_barrier"": false, ""tn"": 32, ""workers"": 40}",312.1718749525826,406.7513019663238,439.9062501079243,0.9999999999128053,
short-decode-search,mlp,128,"{""barrier"": ""simd"", ""compact"": true, ""narrow_scales"": true, ""sgs"": 32, ""short_decode"": false, ""split"": true, ""task_barrier"": false, ""tn"": 32, ""workers"": 40}",312.51302084456256,377.4947916781457,440.9843750750042,0.9999999993406435,
short-decode-search,mlp,128,"{""barrier"": ""simd"", ""compact"": true, ""narrow_scales"": true, ""sgs"": 32, ""short_decode"": true, ""split"": true, ""task_barrier"": false, ""tn"": 32, ""workers"": 40}",312.4999997226041,377.1940104115856,455.2395831183276,0.9999999993406435,
