ctx,layer,pair,original_us,previous_us,control_us,queue_us,mlx_mxfp8_us,mlx_bf16_us,mlx_best_us,queue_mlx_ratio,queue_original_ratio,queue_previous_ratio
128,3,0,655.2864583209157,645.3463541110978,674.505208269693,651.4231770997867,1317.139312504878,1280.4036563238697,1280.4036563238697,0.508763915100078,0.994104439101293,1.0094163745560463
128,3,1,630.9218750102445,645.1549479970708,640.1263021398336,651.9361978862435,1287.3958124828278,1224.940093834448,1224.940093834448,0.5322188416949257,1.033307329652594,1.0105110406581015
128,3,2,630.2460937295109,673.5390624962747,665.6497396761551,651.3138021109626,1292.7486875469185,1217.5612187093066,1217.5612187093066,0.5349331040630525,1.033427749241225,0.967002269619017
128,3,3,665.7578124431893,682.1888021659106,662.5937499338761,676.657552132383,1336.1887812379791,1247.742187501899,1247.742187501899,0.5423055811610547,1.0163719290791255,0.9918919073195481
128,3,4,643.4492187108845,662.4505206709728,652.7408853871748,668.0494791362435,1308.24087500514,1260.3177187884285,1260.3177187884285,0.530064339473426,1.0382318599665787,1.0084518892967278
128,3,5,632.7252604532987,659.0976562583819,671.5182292973623,683.6276040412486,1301.2369687430692,1231.5234375819273,1231.5234375819273,0.5551072624192507,1.0804493620998825,1.0372174708101987
128,3,6,632.7486978843808,684.4661458162591,671.975260367617,650.8619792293757,1326.3932187328464,1259.4114374451237,1259.4114374451237,0.5167985297558771,1.0286263431367892,0.9509045600103293
128,3,7,630.701823043637,648.5651042312384,638.0026042461395,650.3138019470498,1290.5273438263976,1229.7929687292708,1229.7929687292708,0.5287994146031024,1.0310954847233031,1.002696256249994
128,3,8,646.2486978853121,645.7500000251457,684.9765625083819,652.9505208600312,1294.1237188215382,1219.1562499310749,1219.1562499310749,0.5355757483070327,1.0103703465811988,1.0111506323416262
128,7,0,628.4049479290843,644.3736979272217,630.441406276077,661.7382812546566,1294.933593726455,1230.842468771698,1230.842468771698,0.5376303613532519,1.0530443521099295,1.0269480014210577
128,7,1,664.591145934537,684.1927083441988,654.5533853350207,672.0494790934026,1333.6679687654396,1253.0872500065016,1253.0872500065016,0.5363149925034476,1.0112224383434687,0.982251741208725
128,7,2,629.6588541008532,644.4296875270084,630.0377603620291,651.5911458991468,1292.4947811825405,1229.9804687927463,1229.9804687927463,0.529757311137386,1.0348320231748551,1.0111128622885461
128,7,3,642.1653644647449,645.4335937742144,631.2955729663372,646.6015625046566,1289.3724061768808,1226.802093697188,1226.802093697188,0.5270626499796776,1.0069081864039948,1.0018095877588467
128,7,4,661.7604166967794,661.0950521426275,648.5247395467013,675.335937528871,1332.744781166184,1303.2486874635651,1303.2486874635651,0.5181942203550091,1.0205142533303135,1.0215413582964936
128,7,5,626.1796874459833,645.0703124282882,630.7005209382623,649.4934896472842,1290.1601562589349,1221.7734374644351,1221.7734374644351,0.5315989607657438,1.0372318084867804,1.0068568916190632
128,7,6,629.9544270150363,643.0742187658325,630.9361980529502,650.2864583162591,1291.9010312089085,1228.2604062647806,1228.2604062647806,0.5294369622267824,1.0322754002977066,1.0112152522056757
128,7,7,653.4739582566544,677.8463541995734,656.2786458525807,674.7083334485069,1344.3203124552383,1282.2044374161123,1282.2044374161123,0.5262096384630937,1.0324946004711524,0.9953706017128734
128,7,8,629.4505208497867,645.1393228489906,630.34114590846,646.7330729356036,1291.3945312220676,1224.2838438396575,1224.2838438396575,0.5282541921874002,1.027456569679988,1.002470396750232
128,11,0,645.046874997206,684.8072916036472,636.6536456625909,648.6744792200625,1329.4986874825554,1263.7370000447845,1263.7370000447845,0.5132986366602186,1.005623783888376,0.9472365250390797
128,11,1,631.9960937835276,648.5455728834495,640.4296874534339,647.5598958786577,1292.5169374966572,1279.054687529424,1279.054687529424,0.5062800693295305,1.0246264213469347,0.998480173104244
128,11,2,634.148437413387,649.8268230352551,634.0794271090999,648.1210937490687,1289.3828125015716,1227.102874963748,1227.102874963748,0.5281717669907797,1.022033731396823,0.997375101756774
128,11,3,633.3945312071592,674.8997395625338,674.2070311447605,651.0950521333143,1327.2695312025462,1282.7200313267895,1282.7200313267895,0.5075893696458845,1.0279454906129684,0.9647285573933552
128,11,4,630.5065104970708,645.8841145504266,671.7565105063841,675.2005208982155,1295.345062430897,1245.3111875174727,1245.3111875174727,0.5421942143186134,1.0708858824723464,1.045389576376553
128,11,5,632.4140625074506,649.057291680947,641.0494791343808,650.3164062742144,1292.5195312618598,1224.628906243197,1224.628906243197,0.5310314030306493,1.0283079470051362,1.001939912869643
128,11,6,632.2916666977108,689.2200519796461,668.8476562267169,667.0611979207024,1300.89843753467,1264.7265625673754,1264.7265625673754,0.5274351133786409,1.0549897034142226,0.9678493769946234
128,11,7,646.5039062313735,648.6197916092351,641.6757812257856,651.1757812695578,1293.5104374491857,1275.9739687453475,1275.9739687453475,0.5103362585914292,1.0072263678427216,1.003940659371465
128,11,8,633.0898437881842,649.0364584606141,640.052083414048,649.7096355305985,1293.0390624887877,1227.1926874518613,1227.1926874518613,0.5294275643702322,1.0262518691548854,1.0010371945384717
128,15,0,634.2291666660458,646.438802126795,631.8385418271646,649.803385604173,1329.3880000446734,1261.8502499890383,1261.8502499890383,0.5149607773266422,1.0245561379966113,1.0052047981437815
128,15,1,633.4179687546566,646.7734375037253,634.1445312136784,652.9062499757856,1294.2187499902502,1234.9544062999485,1234.9544062999485,0.5286885464314107,1.0307668588237942,1.0094821650309735
128,15,2,638.4674478322268,687.6119790831581,656.4960937248543,688.8255206868052,1319.4557187716782,1257.5390625215732,1257.5390625215732,0.5477567585897463,1.0788733599897036,1.0017648639647978
128,15,3,667.6445312332362,649.4804688263685,661.8359375279397,652.716145850718,1292.046874937114,1270.9231875760452,1270.9231875760452,0.5135763925242437,0.9776402191822896,1.0049819466168037
128,15,4,632.3190104449168,647.994791623205,630.9114582836628,651.4296875102445,1289.64062491832,1243.1484375383661,1243.1484375383661,0.5240160127620641,1.0302231575354361,1.0053008078636485
128,15,5,631.7591145634651,686.7773437406868,665.2760416036472,680.0091146724299,1287.1354061871898,1241.3268437967417,1241.3268437967417,0.5478082731156795,1.0763740466843992,0.9901449441657579
128,15,6,653.4973959205672,675.5950521910563,651.6210937406868,691.2955729058012,1309.7877500740651,1272.4140624413849,1272.4140624413849,0.543294508691149,1.0578398280103145,1.0232395436642494
128,15,7,649.1015625651926,663.5625000344589,651.8841144861653,663.6835937388241,1309.188812456341,1250.411468731727,1250.411468731727,0.5307721580736845,1.0224649454177936,1.00018249027689
128,15,8,646.1861978750676,688.9440104132518,671.2031250353903,675.0859374878928,1303.596343745994,1244.5664062852302,1244.5664062852302,0.5424266106481878,1.0447235482711634,0.9798850520276002
128,19,0,657.0768229430541,681.3606771174818,665.5286458553746,675.8359374944121,1346.4752812524239,1268.1224062589536,1268.1224062589536,0.5329421940332822,1.0285493474984182,0.9918916077657397
128,19,1,642.5794271053746,668.9817707519978,648.6341146519408,671.1223957827315,1309.0976563034928,1262.1145624507335,1262.1145624507335,0.5317444356870169,1.0444193627641243,1.0031998256519417
128,19,2,635.7122395420447,659.6861978759989,677.3450520122424,706.2617187621072,1298.312500011889,1247.5950625230325,1247.5950625230325,0.5660985202472846,1.1109770660871419,1.0706025395651269
128,19,3,666.8033853638917,679.3932293076068,649.356770911254,669.2421875195578,1334.7747499210527,1256.9179688171062,1256.9179688171062,0.5324469886840635,1.00365745317015,0.9850586650703094
128,19,4,641.5195312583819,663.4921875083819,646.0885417181998,666.5859374916181,1260.0364688069021,1224.5091249951656,1224.5091249951656,0.5443699225142563,1.0390734888212474,1.004662828050552
128,19,5,642.3541666008532,655.8997395914048,677.1601563086733,666.1484374199063,1286.683593775706,1218.8150936935926,1218.8150936935926,0.5465541416960614,1.0370422923306706,1.0156254031064045
128,19,6,674.2630208609626,663.5651042452082,671.0677084047347,682.8294269507751,1330.9570312003416,1222.208343847342,1222.208343847342,0.5586849659374138,1.0127048433990553,1.0290315487995405
128,19,7,631.4557291334495,648.9726562285796,633.0325520830229,652.1679686848074,1297.2551875236604,1226.7604062117243,1226.7604062117243,0.5316180448786435,1.032800778575216,1.0049236472839964
128,19,8,629.8893227940425,649.0494792815298,633.5195312276483,652.7369791874662,1317.1445311854768,1241.963531242618,1241.963531242618,0.5255685555713421,1.0362724935423206,1.0056813848922863
128,23,0,658.72135409154,683.8919270085171,637.0221353136003,650.851562502794,1314.4192812433175,1228.0598749612182,1228.0598749612182,0.5299835747205304,0.9880529277821888,0.9516877401225535
128,23,1,630.6718750856817,647.0468749757856,634.6276042750105,650.0664062332362,1293.7903749161705,1244.6705937918523,1244.6705937918523,0.5222798782871764,1.030752173854145,1.0046666344807917
128,23,2,656.96744795423,684.1666667023674,636.0976563300937,650.3411459270865,1330.037749994517,1235.7669374978286,1235.7669374978286,0.5262652092342689,0.9899138046370828,0.9505595311471144
128,23,3,629.3320312397555,684.0403644600883,674.9804686987773,677.7526041259989,1289.4257812376964,1226.4635312249084,1226.4635312249084,0.5526072213897022,1.0769396288170128,0.9908079103795983
128,23,4,631.7343750270084,647.7369791828096,634.8997396416962,651.2369790580124,1291.3880312908077,1234.0442812046604,1234.0442812046604,0.5277257785452253,1.0308715257582275,1.0054034276067092
128,23,5,657.8450520755723,646.6705728089437,677.2135416977108,669.3580730352551,1325.7929687142678,1231.8033749352253,1231.8033749352253,0.5433968494123126,1.0175011135576044,1.0350835513169614
128,23,6,666.2682292517275,648.852864629589,656.1718749580905,651.1054687434807,1296.1471562675797,1257.2903749514808,1257.2903749514808,0.517864036594257,0.9772422579337519,1.0034716716788754
128,23,7,630.0690103089437,649.2669270373881,635.5208334280178,651.0221352800727,1290.3385312483806,1225.3359374199135,1225.3359374199135,0.5313009399290737,1.0332552857358515,1.0027033692455176
128,23,8,630.7044271379709,649.4570311624557,635.2656249655411,685.5182292638347,1309.1132813087825,1279.0247187695059,1279.0247187695059,0.5359694923827133,1.086908858995329,1.0555251485026398
128,27,0,658.1041666213423,675.6783853052184,640.8268228406087,652.5937500409782,1294.1197812779137,1223.970062483204,1223.970062483204,0.5331778693320234,0.9916268322556683,0.9658348768196686
128,27,1,664.235676988028,677.5494791800156,630.0937499618158,652.6692708721384,1330.0064999839378,1260.3216250681726,1260.3216250681726,0.5178592970955606,0.9825868942054764,0.9632791271008168
128,27,2,628.8828124525025,644.906249945052,633.1223957240582,652.9270833125338,1290.8254999501878,1232.8606874234538,1232.8606874234538,0.5296032957925532,1.0382333089471216,1.012437208304564
128,27,3,630.2617187611759,646.1692708544433,630.5664061801508,653.0494791222736,1345.0755000121717,1231.0442812122346,1231.0442812122346,0.530484149992722,1.036156028016248,1.0106476871899719
128,27,4,658.9817709755152,645.3385417116806,653.7643228657544,651.839843718335,1332.1666874617222,1270.5638125680707,1270.5638125680707,0.513031960512737,0.9891621778147098,1.0100742503142777
128,27,5,627.5533854495734,646.2070312118158,628.0364583944902,650.9440104709938,1293.3242187500582,1220.7877812215884,1220.7877812215884,0.5332163546227691,1.0372727254186727,1.0073304359599662
128,27,6,665.4257812770084,662.6914062071592,628.9544270839542,651.7760416027158,1288.9622499869802,1217.8515625009823,1217.8515625009823,0.5351851257342294,0.9794872094554294,0.9835287367510676
128,27,7,634.8463541362435,682.2135417023674,629.6640625223517,673.253906192258,1329.4752499177775,1280.5325312683635,1280.5325312683635,0.5257608766295082,1.060498972398244,0.9868668166748027
128,27,8,628.8229166530073,645.4414062900469,630.0065105315298,652.0937500754371,1291.7929688001095,1225.8749999318752,1225.8749999318752,0.5319414704693999,1.03700697415147,1.010306657925198
128,31,0,644.4309893995523,648.3958333265036,633.173177135177,650.3098957473412,1292.0299375309696,1229.0429687027427,1229.0429687027427,0.5291189261134984,1.0091226313515222,1.002951996793406
128,31,1,655.0911458907649,685.1276041707024,636.4153645699844,677.5651040952653,1334.3437500452637,1278.744781302521,1278.744781302521,0.5298673464810562,1.0343066126682894,0.988961910118056
128,31,2,626.7005207482725,647.9427082231268,633.1054687034339,650.1914062537253,1297.036468713486,1222.0221250345276,1222.0221250345276,0.5320618939164906,1.0374834306462757,1.003470519850073
128,31,3,639.1432292293757,647.5091147003695,632.4570312863216,649.8098958982155,1293.0455624200476,1218.7630312610054,1218.7630312610054,0.5331716496404417,1.0166890083177456,1.0035532800166227
128,31,4,655.3749999729916,685.0976563291624,659.0872396482155,666.5416666073725,1322.5351561914067,1276.0143437162697,1276.0143437162697,0.5223622053229697,1.0170385910888284,0.9729148252802159
128,31,5,629.221354261972,648.1158853275701,632.9479167470708,652.9388021444902,1293.5012812249624,1221.0455937520237,1221.0455937520237,0.5347374459115344,1.0376933295761026,1.0074414420724813
128,31,6,627.4479167768732,647.4752604262903,631.8164062686265,652.6197915663943,1289.4479062879327,1234.182281223184,1234.182281223184,0.5287871990186006,1.0401178713267965,1.0079455254193292
128,31,7,651.437500026077,677.0716146565974,668.069010367617,684.9843749077991,1330.138031335082,1280.6224062842375,1280.6224062842375,0.5348839529485516,1.0514966898288465,1.0116867404864032
128,31,8,651.8945312127471,648.4726562630385,647.7695312350988,668.4700519545004,1298.00650006473,1240.3828125115979,1240.3828125115979,0.538922375585763,1.0254266908957146,1.0308376852876127
128,35,0,633.0455729039386,648.69661454577,673.312500002794,653.9023437071592,1289.5742187311043,1272.3710937052601,1272.3710937052601,0.5139242371523359,1.0329467129949987,1.008024905702698
128,35,1,631.1041666194797,646.4505207259208,640.3867187909782,651.0872395010665,1291.7317811798057,1230.829437531611,1230.829437531611,0.5289825053313651,1.0316636681209483,1.0071725810815946
128,35,2,660.4114584624767,675.7070312742144,636.0963542247191,650.1289062434807,1319.664062521042,1227.5950625735277,1227.5950625735277,0.5295955694710534,0.9844300820537925,0.9621461316119506
128,35,3,648.5598959261551,676.1901041027158,671.6614584438503,689.5507812732831,1309.6276250053052,1240.6744999680086,1240.6744999680086,0.5557870185057108,1.0632029294512455,1.0197587588009682
128,35,4,644.1510416334495,674.9192707939073,648.9335937658325,652.776041533798,1304.540375031138,1238.5820311919815,1238.5820311919815,0.5270349682899743,1.0133897166081995,0.9671912920280639
128,35,5,669.1223958041519,681.726562557742,652.0833333488554,653.7161458982155,1326.0286250442732,1249.0911562963447,1249.0911562963447,0.5233534338971194,0.9769754382717661,0.958912534441323
128,35,6,635.9179688151926,646.8984374077991,656.2968750949949,690.0989584391937,1323.5299375082832,1223.2929688025251,1223.2929688025251,0.5641322038454352,1.0852012244990468,1.066780994563079
128,35,7,633.0429688096046,643.7630207510665,636.0611979616806,653.781250002794,1290.1965936862325,1235.860656265686,1235.860656265686,0.5290088706102832,1.0327596738530818,1.0155619831037195
128,35,8,666.6276041651145,684.3867187853903,638.5625000111759,682.619791594334,1306.7669374322577,1230.6289062280484,1230.6289062280484,0.5546918231318039,1.0239896867895955,0.9974182327877547
128,39,0,637.2252603759989,682.09895840846,674.6705728583038,677.3736979812384,1296.6523437398791,1268.0768437576262,1268.0768437576262,0.534174014229305,1.0630050942763154,0.9930724708358343
128,39,1,630.3697916446254,647.8828125400469,639.1796874813735,653.2148437108845,1288.3528750080586,1222.9023436702846,1222.9023436702846,0.5341512730692766,1.0362407151628519,1.0082299315055654
128,39,2,633.2682291977108,648.9622396184132,637.3867187649012,652.1861978108063,1329.3971248913294,1253.3802187135734,1253.3802187135734,0.5203418628069525,1.0298735476388303,1.0049678671509283
128,39,3,638.2317708339542,685.4114582529292,658.1171875586733,688.1562499329448,1331.9400937916726,1236.2812500441578,1236.2812500441578,0.5566340587211567,1.0782231179650554,1.0040045897204752
128,39,4,631.3398437341675,649.8281250242144,635.6770833954215,650.0924478750676,1288.4817499525525,1236.2330937776278,1236.2330937776278,0.5258655921340393,1.0297028681573217,1.0004067580959863
128,39,5,670.9492187947035,646.6744792414829,634.0911457082257,678.1848958926275,1289.751312469889,1249.9088437607497,1249.9088437607497,0.5425874849017723,1.0107842395448678,1.0487268597457329
128,39,6,670.6497395643964,680.8554687304422,634.9700521677732,699.2656249785796,1339.393249963905,1228.321625035278,1228.321625035278,0.5692854466829861,1.0426688981237358,1.027039742050491
128,39,7,634.0716144768521,649.3971354793757,638.9583334093913,667.0664062257856,1291.4479062828832,1230.247375019644,1230.247375019644,0.5422213611430255,1.0520363804270851,1.0272087291136058
128,39,8,632.5169270858169,646.7499999562278,647.6002604467794,653.5494790878147,1294.1588437342944,1271.1367187421274,1271.1367187421274,0.5141457008137916,1.0332521567429045,1.0105133036444485
128,43,0,663.8958333060145,674.3658855557442,671.2721354560927,674.9518229626119,1319.5429687584692,1272.9439999930037,1272.9439999930037,0.5302289990497002,1.0166531993453576,1.0008688716606489
128,43,1,632.0768228033558,647.1367187332362,631.533854175359,654.8463542712852,1288.8151250081137,1227.4531250113796,1227.4531250113796,0.5335000913091603,1.036023360842347,1.0119134571024506
128,43,2,632.4049478862435,660.1445312844589,632.4114582967013,654.2786458740011,1290.9921875916552,1223.9062500611908,1223.9062500611908,0.5345823226585285,1.0345881196231441,0.9911142406965874
128,43,3,665.6783855287358,673.5768229700625,647.9153647087514,681.3138021389022,1330.6367187624346,1275.9726563444929,1275.9726563444929,0.5339564282598216,1.0234879439532163,1.0114864094265066
128,43,4,630.1770834252238,645.8203125512227,633.9908853406087,654.2864582734182,1288.930999976401,1226.0429688240038,1226.0429688240038,0.5336570372415226,1.038258095196277,1.0131091350916963
128,43,5,630.4010417079553,647.8111980250105,631.6197916166857,653.8645833497867,1298.4726562308424,1232.3763124868492,1232.3763124868492,0.5305721772843343,1.0372200235873044,1.0093443666043922
128,43,6,651.6835937509313,662.4088541138917,664.2500000307336,691.8554687872529,1320.8724062678812,1262.550781234495,1262.550781234495,0.5479822903525287,1.0616432198409387,1.0444538361624893
128,43,7,631.6041665850207,646.6210937360302,632.5468750437722,658.877604175359,1287.936187509331,1228.703124979802,1228.703124979802,0.5362382424039086,1.0431812186069025,1.0189547024649528
128,43,8,629.1406250093132,647.0794271444902,637.4596355017275,654.598958324641,1290.8060000427213,1224.5169375546539,1224.5169375546539,0.5345773000346304,1.040465251015941,1.0116207236155443
128,47,0,667.1184895094484,676.9192707724869,638.7044270522892,690.7838541083038,1330.5585937359865,1216.4348750047793,1216.4348750047793,0.5678757394271434,1.0354740049496414,1.0204818860009626
128,47,1,629.8268230166286,649.3203125428408,634.1106771724299,654.7083334298804,1292.3059999820907,1222.1849061688772,1222.1849061688772,0.5356868098479161,1.0395053203578706,1.0082979398348701
128,47,2,631.9960937835276,647.4843749310821,668.0156249785796,654.928385396488,1313.2695312378928,1230.43228120423,1230.43228120423,0.5322750348808358,1.0362854958100662,1.0114968186934212
128,47,3,655.3528644144535,682.8098958358169,672.4270832492039,665.8059896435589,1292.3320311983844,1272.2343750510845,1272.2343750510845,0.5233359534219664,1.0159503769598155,0.9750971591127223
128,47,4,629.6132812276483,646.7708334093913,632.638020790182,650.7369790924713,1287.8606875119658,1229.0963750274386,1229.0963750274386,0.5294434125053409,1.0335502736277022,1.0061322271787874
128,47,5,661.8398437276483,649.7148437192664,656.6966145765036,654.1419270215556,1288.807281298432,1226.196593847817,1226.196593847817,0.5334723080324761,0.9883689131456093,1.006813886653638
128,47,6,663.9088541269302,647.0364584820345,637.6718749525025,679.4947916641831,1330.4700624985344,1262.51431242963,1262.51431242963,0.5382075949353301,1.0234760199993855,1.050164612452128
128,47,7,631.3255208078772,646.6770833358169,637.3567709233612,651.1497396277264,1291.503906259095,1223.6236874514361,1223.6236874514361,0.5321486877913759,1.031400946368335,1.0069163673913382
128,47,8,664.8736979113892,648.2044269796461,635.5156250065193,664.348958292976,1294.3724062779438,1237.192718804181,1237.192718804181,0.5369809797580349,0.9992107679698241,1.0249065428148285
128,51,0,629.7565104905516,645.7421875093132,638.6041666846722,651.3776042265818,1294.7291875207156,1231.1354374787697,1231.1354374787697,0.529086877363007,1.0343324656051405,1.0087270381682896
128,51,1,628.0442709103227,681.8437500623986,660.8789062593132,689.0677084447816,1308.86459373869,1271.5208437157344,1271.5208437157344,0.5419240367551789,1.0971642292763981,1.0105947416570467
128,51,2,629.3229166185483,645.062500028871,634.6432291902602,679.2239584028721,1293.8502500219329,1249.7747499082834,1249.7747499082834,0.543477101335835,1.079293222075004,1.0529583697276963
128,51,3,628.5429687704891,647.2226562909782,635.8671875204891,653.8059895392507,1292.4921875310247,1225.6679688107397,1225.6679688107397,0.5334283069938067,1.0401929892210542,1.0101716668665455
128,51,4,630.3828125819564,684.6861980156973,646.4257813058794,654.7031250083819,1325.8554687354263,1282.3685000284968,1282.3685000284968,0.510542114059908,1.0385802276664446,0.9562090296339989
128,51,5,641.2994790589437,679.9427082296461,651.3567708898336,668.3528645662591,1305.600281284569,1264.3828124510037,1264.3828124510037,0.5286000869235626,1.0421852603825814,0.9829546761468135
128,51,6,643.6796874040738,658.5104166297242,648.9947916707024,663.9049479272217,1307.561218709452,1252.852875040844,1252.852875040844,0.5299145343826407,1.0314213123684473,1.0081920212061442
128,51,7,667.6927083171904,647.6979167200625,672.8736980585381,677.2135418141261,1335.5013124964898,1230.0195312491269,1230.0195312491269,0.5505713727377911,1.0142593042852472,1.0455700479067935
128,51,8,628.0585937201977,645.5052081728354,638.8567708199844,688.0677083972842,1292.3072812327518,1255.0299375106988,1255.0299375106988,0.5482480439964952,1.0955470003549075,1.0659367262813044
128,55,0,641.2382812704891,647.420572815463,654.4531249674037,653.5052083199844,1308.7643437756924,1252.5065312729566,1252.5065312729566,0.5217579246120251,1.019130060396879,1.0093982733326823
128,55,1,655.3749999729916,685.1575520122424,637.5338542275131,688.4570312686265,1324.2669061810375,1263.9661250659628,1263.9661250659628,0.5446799701476951,1.0504780183818396,1.004815650424773
128,55,2,628.6640624748543,645.6848958041519,635.0026041036472,651.5026042470708,1296.3307499376242,1222.2525938341278,1222.2525938341278,0.5330343396558882,1.0363286898925133,1.0090101355641492
128,55,3,626.5416666865349,647.6028646575287,634.3111979076639,651.0585937649012,1291.4153750216428,1236.2031249040228,1236.2031249040228,0.526659883516674,1.039130561273002,1.0053361856408711
128,55,4,660.7044271659106,681.4322916325182,634.8294269992039,679.4101562118158,1326.6875000681466,1269.359374987289,1269.359374987289,0.5352386168957229,1.0283117961327175,0.997032521872631
128,55,5,627.395833376795,647.1445312490687,633.6158853955567,650.1054686959833,1290.957031187645,1231.5065313259765,1231.5065313259765,0.5278944546043192,1.036196662634751,1.0045753881921857
128,55,6,641.7057291837409,645.3411456895992,638.4687499376014,650.5455728620291,1287.203125002634,1221.1835937705473,1221.1835937705473,0.5327172557677372,1.0137755411495741,1.008064613897923
128,55,7,641.4960938272998,678.1302083982155,658.5989582818002,687.6653647050261,1337.1666562989049,1279.8164062814976,1279.8164062814976,0.5373156347503277,1.0719712424159449,1.014060951995242
128,55,8,629.3346353340894,648.138020769693,636.4205729914829,650.4505209159106,1293.3372499901452,1223.596343720601,1223.596343720601,0.531589134156841,1.0335527148773747,1.0035679131174429
128,59,0,656.236979062669,647.0651042181998,638.3203126024455,653.8020832231268,1323.0455624579918,1231.8320312942888,1231.8320312942888,0.5307558714284897,0.9962896089107627,1.0104115937654632
128,59,1,632.3229167610407,644.1770833916962,639.4752603955567,653.1328124692664,1293.5598750800636,1226.8111875073373,1226.8111875073373,0.5323825044311149,1.0329102348762251,1.0139025887577633
128,59,2,659.423177014105,686.2421873956919,650.2096354961395,670.0156250735745,1294.1992188189033,1268.5442812880865,1268.5442812880865,0.5281767731381337,1.0160632025514063,0.9763544669503669
128,59,3,629.9752605846152,647.4544270895422,660.3177081560716,652.83203125,1291.0976562352516,1278.5768436742728,1278.5768436742728,0.5105927222754505,1.0362820131129813,1.0083057647541795
128,59,4,632.6341145904735,645.4713541315868,638.6666668113321,652.0963541697711,1289.0169375623373,1224.7695312908036,1224.7695312908036,0.5324237234106539,1.0307638161307444,1.0102638172798504
128,59,5,667.5611978862435,644.5377602940425,640.1653644861653,679.819010430947,1301.3828124712745,1293.5507812699143,1293.5507812699143,0.5255448957044809,1.018362080635478,1.054738841244629
128,59,6,631.6523436689749,646.2005208013579,634.7187500214204,652.8138021240011,1330.350281250503,1249.59893742016,1249.59893742016,0.5224186597595527,1.0335017492883967,1.010234100886273
128,59,7,631.4335936913267,644.8268229141831,638.5312500642613,653.6067709093913,1291.7330624304668,1229.485687417764,1229.485687417764,0.5316099061568855,1.0351156122189216,1.0136159782490572
128,59,8,662.36848954577,646.1132812546566,676.1249999981374,651.3007812900469,1336.037781243249,1248.7551875892677,1248.7551875892677,0.5215600205412467,0.9832907083739552,1.008028777903028
128,63,0,631.704427069053,648.1640625279397,634.3984374543652,650.5247395252809,1288.867187440701,1224.730468720736,1224.730468720736,0.5311574719005493,1.0297929089139826,1.0036420979406575
128,63,1,663.4635417722166,670.8984375,658.8489583227783,683.6927083786577,1322.8138125214173,1279.503906289392,1279.503906289392,0.5343420250754775,1.0304902460087042,1.0190703542645494
128,63,2,648.2565103797242,648.1653646333143,634.9036458414048,650.1822916325182,1291.9804687498981,1241.007812495809,1241.007812495809,0.5239147450046483,1.0029707086962627,1.0031117475713083
128,63,3,629.4713540701196,646.1367188021541,632.0169270038605,649.8346355510876,1294.3593750378568,1224.109375016269,1224.109375016269,0.5308632127275807,1.0323498144106167,1.0057231180976511
128,63,4,662.1848959475756,672.6679687853903,657.6510416343808,661.4947917405516,1330.4531249787033,1279.5924375268442,1279.5924375268442,0.5169574095163205,0.9989578375900036,0.9833897590441036
128,63,5,651.1145832482725,649.2291665636003,631.6783854272217,651.7903645290062,1290.48828125633,1229.1536562543115,1229.1536562543115,0.5302757399064767,1.0010378838043563,1.0039449829079035
128,63,6,629.5846353750676,648.0911459075287,634.7578124841675,651.8880206858739,1291.058593778871,1222.9427186412067,1222.9427186412067,0.5330486953715845,1.0354255552909408,1.0058585506102362
128,63,7,632.3736978229135,686.0572916921228,644.8554687667638,691.7968749767169,1324.5559999859324,1276.250000046275,1276.250000046275,0.5420543584341887,1.0939684515000874,1.0083660407871153
128,63,8,632.0325520355254,676.1197916930541,637.0234375353903,650.4596353042871,1297.2330937373044,1228.622406301838,1228.622406301838,0.5294219216318666,1.0291552756411284,0.962047914135878
4096,3,0,851.9674480194226,878.4830729709938,886.0533854458481,862.7057292032987,1522.8346562707884,1449.4830937792358,1449.4830937792358,0.5951816429634698,1.0126040979720992,0.9820402415787742
4096,3,1,850.0716146081686,877.9479167424142,881.9609375204891,862.2356769628823,1523.4531249461725,1454.8007812891228,1454.8007812891228,0.5926829900371934,1.0143094559866237,0.9821034488721934
4096,3,2,847.5481771165505,878.7252603797242,885.8893228461966,861.8971355026588,1522.0520624552591,1449.24740618535,1449.24740618535,0.5947204954958721,1.0169299619461456,0.9808493898652766
4096,3,3,847.5286457687616,877.8424478368834,884.6562500111759,862.3033855110407,1523.938781247125,1447.421874900101,1447.421874900101,0.5957512460356836,1.017432731997958,0.9822985749161106
4096,3,4,847.6536457892507,876.9101563375443,882.5911458116025,860.454426961951,1524.1953125268992,1445.8567812880574,1445.8567812880574,0.5951173298059339,1.0151014287926308,0.9812344180795881
4096,3,5,846.5078125009313,881.6445312695578,884.7265625372529,863.2591145578772,1522.1640625213695,1439.671875004933,1439.671875004933,0.5996221288652452,1.0197887152481862,0.9791464518186193
4096,3,6,849.3593749590218,876.122395740822,884.393229149282,864.1953124897555,1510.9062499050196,1450.058593832182,1450.058593832182,0.5959726842526272,1.0174672087789098,0.9863865102535344
4096,3,7,848.8906249403954,877.3098959354684,883.8476561941206,861.9127604179084,1527.738281197344,1450.2148437713913,1450.2148437713913,0.5943345319624783,1.0153401805779483,0.9824496046506552
4096,3,8,846.7473959317431,876.821614569053,883.0742187565193,860.8880209503695,1525.408875068024,1456.570312484473,1456.570312484473,0.5910377367790451,1.0166999332818336,0.9818280099920726
4096,7,0,853.1614582752809,872.585937497206,879.9921874888241,858.1054687965661,1517.1236875630711,1443.7812500318614,1443.7812500318614,0.5943459016229983,1.0057949295216404,0.9834051087940134
4096,7,1,850.3151041222736,871.2460936512798,882.123698014766,856.9869790226221,1519.5234375369182,1443.8763125781406,1443.8763125781406,0.5935321270645495,1.0078463558603201,0.9836336544489978
4096,7,2,845.5664062639698,871.998698101379,883.6236979113892,858.2161458907649,1515.3893125443574,1439.648437553842,1439.648437553842,0.5961289739243495,1.0149600782778094,0.9841942972614258
4096,7,3,847.858072957024,873.3437500195578,881.747395847924,858.9843750232831,1516.433593678812,1448.2539062328215,1448.2539062328215,0.5931172505915496,1.01312283555602,0.9835581636715748
4096,7,4,846.4283853536472,870.7044271286577,880.9960938524455,859.6432291669771,1506.9635312556784,1447.2760312855826,1447.2760312855826,0.593973237021949,1.0156124771356867,0.9872962653949545
4096,7,5,847.6028646109626,871.0546875372529,881.6419269423932,859.506510430947,1509.2942500132267,1447.1445313120057,1447.1445313120057,0.5939327356968994,1.0140438952214348,0.986742305309261
4096,7,6,845.6809894414619,872.3554686876014,881.7070312798023,860.0885416381061,1509.7135625410374,1453.5090938352369,1453.5090938352369,0.5917324805782067,1.0170366277314096,0.9859381553852697
4096,7,7,850.2018229337409,873.9322916371748,883.6940104374662,860.2669270476326,1518.4908750143222,1447.661468773731,1447.661468773731,0.5942459239288437,1.0118384880417695,0.9843633600448128
4096,7,8,849.8736978508532,874.9257811577991,881.259114597924,863.7005208292976,1527.430999999524,1452.85287499064,1452.85287499064,0.5944858806400903,1.0162692680258365,0.9871700427964908
4096,11,0,849.768229178153,880.4023438133299,883.0807291669771,860.1054687751457,1518.8541563020408,1446.3997499660763,1446.3997499660763,0.5946526669375589,1.0121647753376122,0.976945909809518
4096,11,1,849.4388019898906,878.863281221129,884.4440103275701,862.2955728787929,1521.014312402258,1457.4648437246651,1457.4648437246651,0.5916407360297825,1.0151356058362109,0.9811487080000473
4096,11,2,850.9062499506399,877.1614582510665,881.2604165868834,862.3945312574506,1521.420562539788,1450.6979061934544,1450.6979061934544,0.5944687226579949,1.0135012303734718,0.9831650982214163
4096,11,3,851.3320311903954,876.6718750121072,882.656249916181,860.9466145280749,1521.8268124499446,1456.6731563263602,1456.6731563263602,0.5910362326572484,1.0112935764019542,0.9820625470803256
4096,11,4,849.7552083572373,877.5169270811602,881.7760415840894,860.682291793637,1514.7903749266334,1453.3840937929199,1453.3840937929199,0.5921919026563037,1.0128590955712107,0.980815600510956
4096,11,5,851.3190103694797,880.0950520671904,884.778645937331,862.8841146128252,1530.424499947003,1452.356781214803,1452.356781214803,0.5941268190940509,1.013584924220506,0.9804442288205806
4096,11,6,848.1796875130385,877.8385416371748,881.8450521212071,862.53255198244,1524.0455625189497,1454.6198125344745,1454.6198125344745,0.5929608166683746,1.01692196203317,0.9825640035966193
4096,11,7,852.023437502794,878.6471355706453,881.1992186820135,863.2161458954215,1518.7825312068526,1445.5911563118207,1445.5911563118207,0.5971371242321172,1.0131366203087468,0.9824377852604026
4096,11,8,850.4908854374662,877.8854166157544,881.1940103769302,860.1302084280178,1519.4427187452675,1457.8138125216356,1457.8138125216356,0.5900137596722438,1.0113338345602534,0.9797750277522745
4096,15,0,847.7552083786577,872.32942704577,880.8515624841675,861.9531251024455,1514.2343750085274,1450.302062494302,1450.302062494302,0.5943266216004792,1.0167476608618442,0.988105064873869
4096,15,1,850.644531310536,871.0468750214204,881.0013020411134,861.111979233101,1520.0755312889669,1444.492187488322,1444.492187488322,0.5961347431933152,1.0123053138382474,0.9885943040802768
4096,15,2,850.0989583553746,874.4778647087514,882.7526040840894,863.265624968335,1521.9895625477875,1448.3854063200852,1448.3854063200852,0.5960192785714648,1.015488392831857,0.9871783607191125
4096,15,3,846.2239584187046,873.9856771426275,880.5455728434026,859.2369791585952,1514.3125000349755,1448.654937576066,1448.654937576066,0.5931274293630593,1.0153777503111676,0.9831247829686968
4096,15,4,847.5338541902602,874.2994790663943,884.0846352977678,861.8177083553746,1525.1002499780952,1445.0794062668137,1445.0794062668137,0.596380866420189,1.0168534319832703,0.985723689639678
4096,15,5,849.1653645178303,873.4687499236315,885.5507812695578,862.661458319053,1505.8854374956354,1456.2812500571454,1456.2812500571454,0.592372838890291,1.015893363489791,0.9876271571186452
4096,15,6,846.9622395932674,874.9192707473412,880.9843750204891,861.5234374301508,1523.7851562233118,1447.421875013788,1447.421875013788,0.5952123926702048,1.017192263310199,0.9846890635912637
4096,15,7,849.4427084224299,874.6888019377366,884.9921874934807,858.8398437714204,1514.5494999160292,1443.8450311899942,1443.8450311899942,0.5948282711916654,1.011062706473098,0.9818804606493129
4096,15,8,850.3645833116025,870.9726562956348,883.1536457873881,861.1940103583038,1515.4192811905887,1442.0325625223995,1442.0325625223995,0.5972084353295778,1.012735040074844,0.9887727291245618
4096,19,0,850.111979059875,876.0638021631166,885.4778646491468,861.8007813347504,1517.3659062384104,1450.2877500035538,1450.2877500035538,0.5942274430247643,1.0137497206989152,0.9837191985410777
4096,19,1,849.5455727679655,874.4049479719251,886.3854166120291,863.786458154209,1518.809906315255,1442.6184687863497,1442.6184687863497,0.5987629278591572,1.0167629446173725,0.9878563246441543
4096,19,2,850.6341145839542,876.8867187900469,885.7083333423361,862.1848959010094,1510.7825626046179,1448.2617186786229,1448.2617186786229,0.5953239561476892,1.0135790243055378,0.9832340682393691
4096,19,3,849.6471353573725,879.4635416707024,887.2825521975756,864.9635416222736,1568.3971562339138,1463.1367187121214,1463.1367187121214,0.591170688671958,1.0180267850352476,0.983512676351673
4096,19,4,852.4739582790062,875.6940102903172,884.5078124431893,861.8932290701196,1513.5989688133122,1460.8945311920252,1460.8945311920252,0.5899763539855631,1.011049335524723,0.9842401785806182
4096,19,5,851.3645832426846,877.4296875344589,887.1523437555879,861.355468747206,1530.9778749497127,1446.4687500321816,1446.4687500321816,0.5954884740704162,1.0117351434405082,0.9816803340306153
4096,19,6,849.2513020755723,877.170572988689,886.0351563198492,864.3085937947035,1521.1705624551541,1452.816406299462,1452.816406299462,0.5949193511630455,1.017730077872511,0.9853369691254437
4096,19,7,849.8072917573154,879.1992187034339,888.5690104216337,863.3463542209938,1530.3099062293768,1453.3033750012692,1453.3033750012692,0.5940579022052019,1.0159319207954558,0.9819689734189955
4096,19,8,851.7135416623205,875.6679687649012,885.2578124497086,863.9999999431893,1518.5820312808573,1455.0859374367064,1455.0859374367064,0.5937793622452432,1.0144255758302128,0.9866753504320033
4096,23,0,852.11067693308,882.9726562835276,884.0325521305203,864.7643228759989,1551.5520624376222,1442.9153749233592,1442.9153749233592,0.5993174221474569,1.0148497680940485,0.9793783722769305
4096,23,1,850.84505204577,880.5859375279397,885.095052071847,863.9179688179865,1538.3489375153658,1452.6197812756436,1452.6197812756436,0.5947309681128821,1.0153646268974406,0.9810717296295408
4096,23,2,850.2317707752809,881.289062439464,883.5768229328096,861.8463543243706,1528.6575625168553,1447.313812491302,1447.313812491302,0.5954799483609227,1.0136604911134983,0.9779383304028819
4096,23,3,852.30989579577,878.8072916213423,883.0833333777264,863.6875000083819,1526.190093841251,1460.2474062712645,1460.2474062712645,0.5914665530643224,1.0133491401058872,0.982795099952954
4096,23,4,850.1809894805774,879.7578124795109,885.5312500381842,865.9375000279397,1528.837218756962,1450.1028749691613,1450.1028749691613,0.5971559087118941,1.0185331249961127,0.9842907761027776
4096,23,5,849.6835937257856,882.8515624627471,886.0377604141831,867.6523437025025,1531.4270938233676,1454.8164062944124,1454.8164062944124,0.5963998893252205,1.0211475778859347,0.982783947600607
4096,23,6,850.8124999934807,883.1783854402602,886.5703124320135,863.9088541967794,1520.7252812388106,1459.4986874953975,1459.4986874953975,0.5919216382984954,1.0153927618639818,0.9781816091050791
4096,23,7,853.1992187490687,880.2565103396773,883.184895850718,865.7604166073725,1523.1120000862575,1457.6926874951823,1457.6926874951823,0.5939251970146374,1.0147224676046007,0.9835319664642854
4096,23,8,851.3593750540167,882.4023437919095,883.934895740822,863.4440104942769,1529.778625013023,1455.884124993645,1455.884124993645,0.5930719318050438,1.0141945173734574,0.9785150918614248
4096,27,0,850.0572917982936,880.7447917060927,887.1536458609626,862.8333333181217,1515.1184999240286,1448.0039062618744,1448.0039062618744,0.5958777663422108,1.0150296240536922,0.979663282080528
4096,27,1,850.0325519125909,880.5638020858169,885.7239583740011,863.6406250298023,1519.7057186924212,1450.3880313441186,1450.3880313441186,0.5954548757751678,1.0160088847028188,0.9807814300157148
4096,27,2,851.6627604840323,880.7643229374662,886.3333333283663,864.8437500232831,1526.1236874266615,1456.1888125399491,1456.1888125399491,0.5939090745483645,1.0154767710305421,0.9819241396369395
4096,27,3,852.2148437332362,881.307291565463,883.6653644684702,866.0273436689749,1525.0677187168549,1471.8971250431423,1471.8971250431423,0.5883749135277312,1.0162077673691194,0.9826621791936542
4096,27,4,850.1289061969146,881.2656250083819,887.2018229449168,865.3971354942769,1519.2643124919414,1448.768250043031,1448.768250043031,0.5973330347821835,1.0179598990059817,0.9819935226522036
4096,27,5,856.200520764105,880.5078124860302,885.0820312509313,866.2591144675389,1525.1588437195096,1449.040343800334,1449.040343800334,0.597815732442369,1.0117479415855262,0.9838176358955164
4096,27,6,850.5364584270865,882.4335937388241,889.861979172565,864.6432290552184,1571.916656303074,1487.583312496099,1487.583312496099,0.5812402046944082,1.0165857330257422,0.979839429493806
4096,27,7,853.3789062639698,880.5520832538605,885.424479143694,864.8854166967794,1516.6588750616938,1444.936218717885,1444.936218717885,0.5985630407023821,1.013483471818145,0.9822081318583805
4096,27,8,850.3281249431893,880.0052083097398,884.5729166641831,865.7291667768732,1528.8059687463829,1448.7708438082336,1448.7708438082336,0.5975611467312668,1.0181118810279417,0.9837773215453041
4096,31,0,851.6888020094484,877.8072915738449,885.0781250512227,865.1393229374662,1517.885406201458,1452.3620000090887,1452.3620000090887,0.5956774708592295,1.0157927647942335,0.9855686222272477
4096,31,1,849.8085937462747,879.4960937229916,884.1132812667638,866.2148438161239,1528.661437532719,1450.8150936762831,1450.8150936762831,0.5970539234060384,1.0193058180284154,0.9848990234275551
4096,31,2,851.2187500018626,877.6679687434807,883.27083340846,867.3255209578201,1520.696624993434,1456.0403437826608,1456.0403437826608,0.595674099733107,1.018922011475807,0.9882159903813427
4096,31,3,851.0520834242925,878.3567709615454,886.1263020662591,866.901041707024,1531.454437440516,1452.5156250329019,1452.5156250329019,0.5968273433804798,1.0186227830134222,0.9869577720201544
4096,31,4,853.115885402076,879.6315103536472,885.826822835952,867.5052082398906,1528.26562498376,1453.005218763792,1453.005218763792,0.5970420457112733,1.016866785725169,0.9862143386508729
4096,31,5,851.2057290645316,880.0442708889022,885.6679687742144,867.444010451436,1529.1171874878273,1456.5494999487782,1456.5494999487782,0.5955472234084328,1.019076799923269,0.9856822425254367
4096,31,6,849.7552083572373,878.9765624096617,883.3151041762903,869.2643227986991,1527.5377500074683,1454.1210937295546,1454.1210937295546,0.5977936270556362,1.0229585111683837,0.9889505135559735
4096,31,7,849.2356770439073,879.6861979644746,886.2539062974975,867.9140624590218,1532.6900937679966,1452.0872186949418,1452.0872186949418,0.5977010549263401,1.0219943484712415,0.9866178012878996
4096,31,8,850.9023437509313,880.2239584038034,886.2356770550832,866.7187499813735,1519.5833436791872,1463.2187500183136,1463.2187500183136,0.5923370992686676,1.0185878042840035,0.9846570769933141
4096,35,0,851.6679687891155,877.2473956923932,889.1627604607493,867.8593749646097,1540.9687499641223,1452.566406214828,1452.566406214828,0.5974662302883089,1.0190114067557512,0.9892983202071821
4096,35,1,852.6757812360302,879.6953124692664,884.4257812015712,869.8242186801508,1527.46612491228,1452.468750017033,1452.468750017033,0.5988591621471722,1.020111322288599,0.988778962841796
4096,35,2,852.2031250176951,880.8606771053746,885.8085937099531,866.1809895420447,1529.8333437385736,1457.3828125321597,1457.3828125321597,0.5943400608911262,1.0164020338743294,0.9833348360928434
4096,35,3,853.8437500828877,878.4114584559575,888.1718750344589,866.3072915514931,1538.3489687792462,1467.4570312536162,1467.4570312536162,0.5903459338849778,1.0145969815524158,0.9862203904697001
4096,35,4,852.1445312071592,879.5729165431112,886.9687500409782,864.8645834764466,1524.1484375110304,1444.68878124826,1444.68878124826,0.5986511383643294,1.0149271066156678,0.9832778695318732
4096,35,5,853.3333331579342,881.2005209038034,887.1992187341675,865.350260399282,1527.3268124929018,1446.699218718095,1446.699218718095,0.598154923430497,1.014082336613849,0.9820128788754408
4096,35,6,850.2148437546566,879.7565104905516,887.7369792899117,866.0013020271435,1524.7291562445753,1451.8697812491155,1451.8697812491155,0.5964731225978681,1.0185676107497394,0.9843647551346473
4096,35,7,850.3125000279397,876.5299478545785,885.7747396687046,866.626302129589,1530.526062424542,1449.1067812514302,1449.1067812514302,0.5980417132415746,1.0191856548046905,0.9887013036471487
4096,35,8,876.0013020364568,878.6002604756504,888.6562500847504,867.7760417340323,1662.1523437834185,1459.21615626321,1459.21615626321,0.5946864266883192,0.9906104474008166,0.9876801553236985
4096,39,0,850.8437499403954,881.7747394787148,885.6666666688398,865.7213541446254,1537.1888125628175,1451.8177188165282,1451.8177188165282,0.5963016864474774,1.0174857066356453,0.9817942331353472
4096,39,1,848.244791617617,878.5625000018626,889.7239582147449,867.90494795423,1537.0637812566201,1442.9804687097203,1442.9804687097203,0.6014668713640251,1.0231774560019646,0.9878693296747698
4096,39,2,849.6601561782882,879.82291681692,888.2304687285796,867.9309895960614,1530.2929687095457,1447.5052187208348,1447.5052187208348,0.5996047395000447,1.021503695665752,0.9864837264481789
4096,39,3,848.0234375456348,879.0156249888241,889.5039062481374,868.3450521202758,1533.6953125597574,1457.9531250547006,1457.9531250547006,0.5955918864591044,1.0239635058123584,0.9878607699735895
4096,39,4,851.6888021258637,880.4674479179084,886.7981770308688,866.5455728769302,1516.8671875471773,1447.1432186837774,1447.1432186837774,0.598797383485707,1.0174438958384602,0.984188086596614
4096,39,5,851.1940103489906,879.2643229244277,886.9544272311032,868.2265625102445,1508.0637812161513,1438.0729062395403,1438.0729062395403,0.6037430777974923,1.0200101879878956,0.9874465958342633
4096,39,6,848.807291709818,879.3307291343808,886.1210937611759,866.5026043308899,1525.3007812816577,1454.6874999723514,1454.6874999723514,0.5956623703354563,1.0208472674468039,0.9854114903773248
4096,39,7,850.7851562462747,881.3984375447035,894.0351562341675,866.8567708227783,1538.1250000245927,1456.459625046591,1456.459625046591,0.5951807766693487,1.018890332604547,0.9835015968913745
4096,39,8,848.0625000083819,878.7083333590999,886.9453124934807,867.9388021118939,1528.933593704096,1458.7604374582952,1458.7604374582952,0.5949837820006738,1.0234373081032537,0.9877439067795833
4096,43,0,849.7161457780749,880.4075521184132,884.5390623901039,866.2851562257856,1520.2565000436152,1454.6015625001019,1454.6015625001019,0.5955480721035764,1.0194994652391107,0.9839592517594306
4096,43,1,850.0169271137565,881.3880208181217,883.7226562900469,865.8867187332362,1539.0156249850406,1451.0872500750338,1451.0872500750338,0.5967158202847295,1.0186699712832374,0.9824126244982353
4096,43,2,850.7291665300727,878.5143228014931,888.110677129589,865.1783854002133,1525.4218749305437,1455.5976563315198,1455.5976563315198,0.5943801720460894,1.0169845109802402,0.9848198975757699
4096,43,3,851.2669270858169,878.333333414048,885.4804687434807,865.4140623984858,1541.1250000170185,1452.772156312676,1452.772156312676,0.5956984091676281,1.016618918064983,0.9852911525453038
4096,43,4,850.8750000037253,878.0533855315298,886.0403645085171,865.4036457883194,1537.555968752713,1451.9492186764182,1451.9492186764182,0.5960288656494559,1.0170749473007556,0.9855934275163089
4096,43,5,849.7382812201977,876.4388021081686,885.5833334382623,865.8164062071592,1537.1158749530878,1449.0599062355614,1449.0599062355614,0.5975021477589697,1.0189212671034118,0.9878800483553917
4096,43,6,851.2630208861083,881.0963542200625,885.6249999953434,864.3684895941988,1529.6588437649916,1450.641937481123,1450.641937481123,0.5958524066214973,1.0153953224638474,0.9810147158755741
4096,43,7,851.419270853512,876.7812500009313,886.3971353275701,867.548177135177,1530.1484374958818,1448.6093750747386,1448.6093750747386,0.5988834478517835,1.0189435532337627,0.9894693541111371
4096,43,8,850.227864459157,876.7695311689749,887.4531250912696,865.1510416530073,1526.6562500073633,1442.7161249841447,1442.7161249841447,0.5996682415000492,1.0175519737915708,0.9867485250080748
4096,47,0,851.9947916502133,880.4101562127471,885.0403644610196,866.7734375922009,1536.9622499292745,1457.3424687114311,1457.3424687114311,0.5947630403981804,1.0173459346076086,0.9845109480799187
4096,47,1,850.1627603545785,879.5065103331581,886.8463542312384,868.8854165375233,1531.9362188392915,1445.673187504326,1445.673187504326,0.6010247848875756,1.0220224374155558,0.9879238030977036
4096,47,2,850.8710938040167,883.8854166679084,885.0390624720603,868.8424478750676,1529.8515625090658,1450.9075625710466,1450.9075625710466,0.5988268793192144,1.0211211242242415,0.9829808609700224
4096,47,3,850.2721353434026,878.9375000633299,883.3619791548699,866.726562497206,1530.949218704336,1446.9713437392784,1446.9713437392784,0.5989935918546958,1.0193519538861024,0.986107160560058
4096,47,4,849.7565103461966,879.2460937984288,885.628906195052,867.0351562323049,1528.7604062450555,1457.5820313211807,1457.5820313211807,0.594844844132997,1.0203336434328334,0.9861120366047105
4096,47,5,847.8268230101094,881.7682293010876,884.0377604356036,865.7135417452082,1528.7604062450555,1449.0364687844703,1449.0364687844703,0.5974408238816896,1.02109713711533,0.9817926218904431
4096,47,6,850.9218750987202,880.1523436559364,885.5429687537253,867.8098958916962,1519.0156250355358,1439.0872187277637,1439.0872187277637,0.6030280059459429,1.0198467348027886,0.985976918821834
4096,47,7,851.6536458628252,882.4166666017845,887.1666666818783,868.0703124264255,1525.8775937354585,1460.330718714431,1460.330718714431,0.594434056136689,1.0192762241356559,0.9837419727909182
4096,47,8,850.2044271444902,880.3619792452082,886.319010402076,868.1132812052965,1519.9531250118525,1450.2695312330616,1450.2695312330616,0.5985875470107969,1.021064174084526,0.9860867480324249
4096,51,0,851.7500000307336,882.1640624664724,885.9192708041519,864.9934894638136,1526.044281263239,1449.7031249902648,1449.7031249902648,0.5966693970323216,1.0155485640535393,0.9805358507184582
4096,51,1,849.9361978610978,882.7148438431323,884.2825521714985,863.7682292610407,1533.8164062086435,1454.563812444576,1454.563812444576,0.5938331628155732,1.0162741996808136,0.9785359737470796
4096,51,2,851.3476562220603,880.3958331700414,884.5742187695578,864.4895834149793,1530.3489686857574,1447.9140625098808,1447.9140625098808,0.5970586278556017,1.015436616400916,0.9819328429829245
4096,51,3,852.7669272152707,882.9361979151145,887.0377603452653,863.8307292712852,1531.9166875542578,1448.3007812486903,1448.3007812486903,0.5964442886832603,1.012974004622979,0.9783614391516136
4096,51,4,851.2799480231479,882.110677077435,884.3242187285796,865.364583209157,1533.3177187812908,1455.0703125451037,1455.0703125451037,0.594723550984642,1.0165452448618302,0.9810158812227959
4096,51,5,852.9739583609626,881.4361980184913,886.2330729607493,865.4557290719822,1532.3203125490181,1456.5221249540627,1456.5221249540627,0.5941933282333612,1.0146332377309666,0.9818699651972158
4096,51,6,853.3710937481374,882.0494790561497,884.6289062639698,866.683593718335,1529.503906226637,1447.7382811719508,1447.7382811719508,0.5986465958589909,1.015599895599612,0.9825793385715083
4096,51,7,852.9348958982155,881.2096355250105,886.3750000018626,863.3098958525807,1525.261718825277,1450.6549374573297,1450.6549374573297,0.5951173318761579,1.0121638826178396,0.9796873082739666
4096,51,8,854.6809896361083,879.8867186997086,885.1562499767169,865.9973959438503,1550.8398437305004,1446.128906195554,1446.128906195554,0.5988383139523145,1.0132405031174967,0.9842146466577154
4096,55,0,851.9466144498438,881.5156249329448,885.02473954577,867.8971355548128,1528.238281252925,1452.3502500196628,1452.3502500196628,0.5975811520279373,1.0187224420338465,0.9845510516286449
4096,55,1,852.7968750568107,880.3072916343808,885.1562500931323,864.6718750242144,1521.777343668873,1447.7604374860675,1447.7604374860675,0.5972478958781712,1.0139247695608788,0.9822386832884938
4096,55,2,849.9453124823049,880.6692707585171,885.0520834093913,865.9765624906868,1536.6445312565702,1458.2018125111063,1458.2018125111063,0.593866058223742,1.0188615076440175,0.9833164290435892
4096,55,3,849.5885416632518,880.7929687900469,883.0221353564411,866.0768229747191,1539.8463438032195,1454.8294374208126,1454.8294374208126,0.5953115882162374,1.019407372513744,0.9832921624754299
4096,55,4,852.2734374273568,877.4518228601664,884.6406249795109,866.3619790459052,1530.4479063615872,1444.6796875517975,1444.6796875517975,0.5996913963081125,1.0165305417250543,0.9873613074526274
4096,55,5,850.544270942919,878.6575519479811,882.2552082128823,865.677083376795,1535.2721248973467,1458.0494687379542,1458.0494687379542,0.5937227110175489,1.017791916248051,0.9852269310809332
4096,55,6,852.6601563207805,877.3385416716337,882.2955730138347,864.1236978583038,1529.2252500103132,1448.7057499081857,1448.7057499081857,0.5964797875020992,1.0134444437828412,0.9849375774736271
4096,55,7,850.7812499301508,880.5625000968575,884.4218750018626,865.4244791250676,1534.6627812959923,1442.8528750158875,1442.8528750158875,0.5998009181050689,1.0172115090643088,0.9828086922051248
4096,55,8,852.0911458181217,881.9036458153278,884.4296875176951,864.3971355631948,1523.806000022887,1450.6562499718711,1450.6562499718711,0.5958662747152923,1.014442104938501,0.980149180315557
4096,59,0,853.5638019675389,885.657552164048,892.7864583674818,866.901041707024,1554.1940000503018,1465.7044374644101,1465.7044374644101,0.5914569264774255,1.015625357716367,0.9788219381055424
4096,59,1,851.5403645578772,882.0677081821486,887.7213541418314,864.0755208907649,1544.8059999698671,1454.5039063023069,1454.5039063023069,0.5940688898439945,1.0147205662287024,0.9796022605470233
4096,59,2,854.3554687639698,883.259114692919,890.3307291911915,863.2226563058794,1534.221343831632,1457.8320312921278,1457.8320312921278,0.5921276510441157,1.0103788035145815,0.97731531092775
4096,59,3,849.7382812201977,881.7005208693445,887.3919270699844,865.6549479346722,1540.343749979911,1457.6666874290822,1457.6666874290822,0.5938634362711864,1.0187312576898604,0.9818015612388983
4096,59,4,852.5130208581686,882.9817709047347,887.5468750484288,864.6158854244277,1528.6406249970241,1455.7486875901304,1455.7486875901304,0.5939321070972261,1.0141966917456298,0.9792001532925321
4096,59,5,852.2044271230698,883.0664062406868,887.9101562779397,863.1289062323049,1524.585937431766,1463.2278750923433,1463.2278750923433,0.5898800323072259,1.0128190827946233,0.9774224227447875
4096,59,6,850.8268230361864,881.5234374487773,889.3880208488554,862.9244792973623,1523.3020625373683,1456.9609375030268,1456.9609375030268,0.5922770179249021,1.0142187057737617,0.9789013458278065
4096,59,7,850.9361977921799,883.5911458590999,886.0156249720603,862.5091144349426,1531.6171875383588,1451.2812500697692,1451.2812500697692,0.5943087285069508,1.0136002166470173,0.9761405130382337
4096,59,8,851.30208323244,882.9062500735745,886.9739584624767,864.6249999292195,1534.1106875439436,1453.186218668634,1453.186218668634,0.5949856865015987,1.0156500459228193,0.9792942340788373
4096,63,0,849.1953124757856,877.7643229113892,883.7278647115454,864.0156249748543,1522.7382812099677,1449.737000029927,1449.737000029927,0.5959809434104382,1.0174521835923245,0.9843366863089936
4096,63,1,850.601562531665,877.5729165645316,885.7565104262903,864.5234374562278,1520.5924374868118,1448.1315312195875,1448.1315312195875,0.5969923441471808,1.0163670930525062,0.9851300343686664
4096,63,2,849.4635415263474,879.4843750074506,885.8437499729916,863.6796874925494,1522.9843750148575,1450.2630000379213,1450.2630000379213,0.5955331463810123,1.0167354398055246,0.9820295982918772
4096,63,3,852.3789062164724,880.8281250530854,883.5169271333143,867.1575519256294,1536.2968749741412,1449.6966250590049,1449.6966250590049,0.5981648414821513,1.0173381175922762,0.9844798630531557
4096,63,4,849.6927083469927,877.8333332156762,885.3346353862435,863.626302103512,1524.3789061969437,1446.1536561611865,1446.1536561611865,0.5971884788480963,1.0163983915827945,0.9838157989966944
4096,63,5,849.696614430286,881.4973956905305,882.6510417275131,863.8046875130385,1524.1145938489353,1456.546875033382,1456.546875033382,0.5930497001637803,1.0166036592863346,0.9799288026669299
4096,63,6,848.904947983101,880.1796875195578,884.4726562965661,862.7239582128823,1539.5455625366594,1460.0742186985372,1460.0742186985372,0.590876783634935,1.0162786307967855,0.9801679934743011
4096,63,7,850.1315105240792,878.9505208842456,885.167968692258,863.7174478499219,1522.697937502926,1449.862000072244,1449.862000072244,0.5957239018657531,1.0159809831275015,0.9826690209831164
4096,63,8,849.4283853797242,877.7070312062278,884.3684896128252,865.5846354085952,1522.4075311834895,1456.4622499619873,1456.4622499619873,0.594306261924184,1.0190201437895774,0.9861885625081835
8192,3,0,1064.7669271565974,1097.795572830364,1100.618489435874,1073.8177082967013,1782.4127500034592,1716.329437499553,1716.329437499553,0.6256477834821155,1.008500246306742,0.9781581697657584
8192,3,1,1064.1276041278616,1101.1536457808688,1101.830729166977,1074.5221353136003,1773.3359375142754,1724.8619686824895,1724.8619686824895,0.6229612309988829,1.0097681247487775,0.9758149005188252
8192,3,2,1066.3750000530854,1098.2226562919095,1099.856770830229,1073.2096354477108,1781.3867187896903,1729.822906213485,1729.822906213485,0.6204159001437464,1.0064092232041122,0.9772240895770136
8192,3,3,1064.7031249245629,1099.5390625903383,1100.381510448642,1075.399739551358,1788.8749999883657,1724.6458437512047,1724.6458437512047,0.6235481582771226,1.0100465701437225,0.9780459613848443
8192,3,4,1065.893229097128,1100.1067708712071,1101.462239632383,1074.6471354505047,1775.8476562903525,1719.532562447057,1719.532562447057,0.6249646903581637,1.0082127422469809,0.9768571232403741
8192,3,5,1066.2721353583038,1104.0286457864568,1102.132812491618,1073.4166668262333,1777.7174688262676,1720.394531275815,1720.394531275815,0.6239363397825997,1.0067004765772376,0.9722724776417219
8192,3,6,1064.5976562518626,1100.4557291744277,1099.5403645792976,1073.9348959177732,1779.0442811929097,1716.9960937053474,1716.9960937053474,0.6254731154339309,1.0087706746403935,0.9759001361403692
8192,3,7,1065.7486978452653,1101.055989624001,1100.9570312453434,1075.3984374459833,1776.8203125569926,1728.755218778133,1728.755218778133,0.622065186421282,1.009054423073871,0.9766973229156316
8192,3,8,1063.8281248975545,1101.1263019172475,1100.6354165729135,1074.191406252794,1782.803375022013,1725.4674374953538,1725.4674374953538,0.6225509580244898,1.0097414996959564,0.9755387773250396
8192,7,0,1068.234374979511,1087.622395833023,1092.8242186782882,1069.1341146593913,1787.7239374683995,1720.9088437084574,1720.9088437084574,0.6212613286102187,1.000842268046184,0.9830011948591117
8192,7,1,1069.2252604058012,1087.7877603052184,1094.196614692919,1074.364583240822,1778.981781285438,1717.9856874918187,1717.9856874918187,0.6253629416490342,1.0048065856890345,0.9876601138988454
8192,7,2,1068.3229167480022,1088.710937416181,1093.6119790421799,1070.2604165999219,1769.449218727459,1732.903656261442,1732.903656261442,0.6176110326346108,1.0018135900873657,0.9830528745673783
8192,7,3,1065.7773438142613,1089.2395832343027,1094.411458238028,1070.0169272022322,1772.3945312582146,1721.6289062389478,1721.6289062389478,0.6215142667067433,1.0039779259829245,0.9823522241314512
8192,7,4,1068.186198011972,1088.2721355883405,1096.3658855762333,1070.1901041902602,1776.7317813195405,1705.9335937119613,1705.9335937119613,0.627333976032221,1.0018759895812337,0.9833846417575465
8192,7,5,1066.6588541353121,1088.9010415412486,1092.9869790561497,1068.373697809875,1778.695312509626,1711.2590937813366,1711.2590937813366,0.62432024565556,1.0016076777199332,0.9811485681909912
8192,7,6,1064.0716144116595,1087.3059895820916,1096.007812418975,1066.72656245064,1780.095062485998,1722.652343801201,1722.652343801201,0.619234964204561,1.0024950839802718,0.9810730122627564
8192,7,7,1066.839843755588,1086.6653644479811,1094.26953131333,1070.3828124096617,1780.6237186732687,1715.544250032508,1715.544250032508,0.6239319168767457,1.0033209939381356,0.9850160384502631
8192,7,8,1068.4244791045785,1087.945312494412,1095.0507812667638,1071.7239583609626,1777.4687499922948,1727.580718693389,1727.580718693389,0.620361148260287,1.0030881726513317,0.9850899177126307
8192,11,0,1063.4505208581686,1096.5416666585952,1100.0703123863786,1077.065104036592,1778.634125003009,1722.540374998971,1722.540374998971,0.6252771311890065,1.012802272330862,0.9822381919317734
8192,11,1,1065.872395876795,1094.2174480296671,1096.9296875409782,1074.53906245064,1769.8424687750958,1720.0455624788447,1720.0455624788447,0.6247154644566899,1.0081310545308901,0.9820160191975903
8192,11,2,1064.757812418975,1093.358072801493,1097.430989611894,1074.2929687257856,1767.834656220657,1736.2083438001719,1736.2083438001719,0.6187580958022575,1.0089552348859017,0.9825627993701485
8192,11,3,1064.2031250754371,1092.6093750167638,1095.807291683741,1076.3385416939855,1773.0729063032413,1718.8150936817692,1718.8150936817692,0.6262096171080428,1.01140328977862,0.985108279596696
8192,11,4,1063.4778644889593,1091.9570312835276,1096.7265624785796,1073.95963545423,1775.369781171321,1724.6432187221217,1724.6432187221217,0.6227140917006492,1.009856125186308,0.9835182197525275
8192,11,5,1065.874999971129,1095.3606772236526,1097.195312497206,1076.562499976717,1772.2135623898794,1722.0807500279989,1722.0807500279989,0.625152159652916,1.0100269731496445,0.982838367637423
8192,11,6,1063.7278645299375,1092.8190104896203,1097.3554686643183,1075.7291667396203,1777.4062499711363,1722.9075625664336,1722.9075625664336,0.6243684746134726,1.0112823050047544,0.9843616888195026
8192,11,7,1065.5794270569459,1101.9270832184702,1097.1901041921228,1085.4661458870396,1783.812499979831,1717.7630312517067,1717.7630312517067,0.6319068032894372,1.0186628216772347,0.985061681864328
8192,11,8,1063.4817709214985,1092.8372394992039,1098.5260418383405,1078.8854166166857,1769.2955625534523,1737.0833437553301,1737.0833437553301,0.6210901857387493,1.014484165235705,0.9872333936122898
8192,15,0,1069.238281226717,1095.9856772096828,1095.5182291800156,1074.1250000428408,1764.938812470973,1719.9700624814795,1719.9700624814795,0.6245021488880751,1.004570280452845,0.9800538660117366
8192,15,1,1069.0325521863997,1093.7018229160458,1092.9596355417743,1073.0937500484288,1780.6914062248325,1718.088531220019,1718.088531220019,0.6245858292799512,1.0037989468643618,0.9811575034110563
8192,15,2,1067.984375054948,1093.0885416455567,1093.8268229365349,1076.0677084326744,1765.1132812943615,1712.16143746733,1712.16143746733,0.6284849576009721,1.0075687749432762,0.9844286784058144
8192,15,3,1066.7083334410563,1093.908854178153,1093.2265624869615,1073.89843754936,1769.4882812975266,1731.5039062850701,1731.5039062850701,0.6202113859814512,1.0067404593016627,0.9817074187192437
8192,15,4,1067.700520856306,1095.4934896435589,1093.0924478452653,1073.8346355501562,1773.559906268929,1721.41015627858,1721.41015627858,0.6238110258810248,1.0057451640923905,0.9802291348162646
8192,15,5,1067.7526041399688,1096.0117187350988,1093.5117187909782,1072.397135430947,1770.3138124716133,1720.9661563128975,1720.9661563128975,0.6231366790666678,1.0043498196801113,0.9784540777251859
8192,15,6,1066.2096354644746,1093.6184896854684,1094.308593776077,1075.6119791185483,1774.9557499655566,1721.3099063155823,1721.3099063155823,0.6248799098710045,1.0088184755992922,0.9835349248967994
8192,15,7,1064.6354167256504,1096.3723957538605,1095.4466146649793,1071.141927037388,1770.4309686905617,1724.3007812339783,1724.3007812339783,0.6212036430621091,1.0061114915111022,0.9769873185295549
8192,15,8,1066.0260417498648,1096.3294270914048,1094.1822916502133,1072.3398437257856,1777.4440311768558,1720.2708437480396,1720.2708437480396,0.6233552394513794,1.0059227464702052,0.9781182710480879
8192,19,0,1068.6067707138136,1092.4765624804422,1096.7330730054528,1074.230468715541,1785.2968750275977,1722.996093690199,1722.996093690199,0.6234665723558463,1.0052626449278166,0.9832984117082807
8192,19,1,1067.410156247206,1094.471354270354,1093.7708333367482,1072.2721355268732,1793.7317811629327,1723.5612186823346,1723.5612186823346,0.6221259354783041,1.004554930690149,0.9797169485917883
8192,19,2,1067.037760396488,1097.4492187378928,1096.416666638106,1072.622395819053,1774.0820312610595,1717.4322812252285,1717.4322812252285,0.624550037602552,1.0052337748764297,0.9773777023164757
8192,19,3,1066.0794271389022,1092.4375000176951,1094.8645833414048,1073.8177084131166,1778.1653749580073,1728.6471249917668,1728.6471249917668,0.6211896533933905,1.0072586348420418,0.9829557374181344
8192,19,4,1069.3645833525807,1094.0651041455567,1095.186197781004,1072.0104166539386,1773.347656239821,1713.571625032273,1713.571625032273,0.6256000046883062,1.0024742107065703,0.9798415218545496
8192,19,5,1064.9036458926275,1094.9960937723517,1095.800781273283,1072.6354166399688,1779.8632811718562,1723.938812574488,1723.938812574488,0.6222003987706044,1.0072605355209017,0.9795792174423668
8192,19,6,1067.984375054948,1093.4986978536472,1094.2200520075858,1072.9700521333143,1775.7773437097057,1727.7135311815073,1727.7135311815073,0.6210346986167072,1.0046683052625276,0.9812266390800216
8192,19,7,1070.098958327435,1097.354166675359,1097.5442706840113,1073.6679687397555,1779.6900938265026,1722.5416875135124,1722.5416875135124,0.6233044904066121,1.0033352152943862,0.97841517474038
8192,19,8,1067.2044269740582,1097.1236979821697,1097.3854166222736,1074.518229230307,1774.744812564677,1724.7213437485698,1724.7213437485698,0.6230097593011237,1.0068532345550574,0.9793956973188724
8192,23,0,1061.5130208898336,1097.5442708004266,1091.1028644768521,1075.9049480548128,1781.5078125522632,1721.5012811675479,1721.5012811675479,0.6249806258204572,1.0135579374739228,0.9802838725313263
8192,23,1,1063.1601562490687,1098.9127604989335,1091.04817698244,1073.7382812658325,1770.9348750258869,1726.2747500126352,1726.2747500126352,0.6219973276316377,1.0099497003857674,0.9770914670044679
8192,23,2,1064.350260538049,1095.1940104132518,1094.4843749748543,1072.1171874320135,1786.4466249193356,1719.6393437188817,1719.6393437188817,0.6234546745792983,1.007297341093371,0.9789290091419229
8192,23,3,1062.9218750400469,1096.2265625130385,1093.6106770532206,1073.9817707799375,1776.6940312640145,1714.4908749742171,1714.4908749742171,0.6264143988495058,1.0104051821677618,0.9797078519224109
8192,23,4,1061.6002604365349,1095.0768229085952,1093.118489603512,1073.3463543001562,1777.1341249499528,1717.9869687424798,1717.9869687424798,0.6247697880303579,1.0110645167502044,0.9801562153870435
8192,23,5,1062.876302166842,1096.8815105734393,1095.0585937825963,1072.6588541874662,1766.9830624527094,1721.6810000491023,1721.6810000491023,0.6230299655725271,1.009203848087196,0.9779167976189974
8192,23,6,1064.957031281665,1097.3880209494382,1094.8164062574506,1072.4700519349426,1769.4882811838397,1724.591125025654,1724.591125025654,0.6218691702469413,1.0070547641196714,0.9772933834352073
8192,23,7,1062.084635370411,1095.6927083898336,1092.5013021333143,1074.0742187481374,1788.6406250227083,1725.2031250336586,1725.2031250336586,0.6225784101377525,1.0112887268852588,0.98026956876124
8192,23,8,1065.7578124664724,1098.1822916073725,1096.0221354616806,1074.5807291241363,1775.0742186990465,1722.9713437245664,1722.9713437245664,0.623678816852057,1.0082785381016772,0.9785085202487728
8192,27,0,1065.03255199641,1096.51171870064,1095.1002603396773,1077.6966146659106,1783.992187597505,1722.240874983072,1722.240874983072,0.6257525473470739,1.0118907752122335,0.9828409457793802
8192,27,1,1065.075520775281,1093.3151041390374,1097.4479166325182,1077.2265624254942,1778.8242187180003,1727.7109374163047,1727.7109374163047,0.6234993013567574,1.011408619776904,0.9852846250338665
8192,27,2,1064.175781328231,1098.2981771230698,1098.1874999124557,1078.8828125223517,1774.8620000475057,1726.578124930711,1726.578124930711,0.624867648294599,1.0138201145451406,0.9823223191978926
8192,27,3,1064.0729166334495,1097.2278646659106,1098.430989542976,1075.6757813505828,1774.7070312452706,1719.322937447032,1719.322937447032,0.6256391733758986,1.010904200770228,0.980357695963281
8192,27,4,1067.076822859235,1095.4218750121072,1099.282552022487,1076.1653647059575,1778.3515625069413,1719.545593687144,1719.545593687144,0.6258428788726589,1.0085172329227146,0.982420918601852
8192,27,5,1065.2083334280178,1096.8007813207805,1099.2421875707805,1075.6263020448387,1768.9361875454779,1724.4231875110927,1724.4231875110927,0.6237600548606167,1.009780216967787,0.9806943251349226
8192,27,6,1067.371093784459,1096.3007812388241,1098.3984374906868,1078.567708376795,1773.500000012973,1714.3710937261858,1714.3710937261858,0.6291331627813019,1.0104898986468123,0.9838246280897559
8192,27,7,1067.5638020038605,1097.0546875614673,1098.6393227940425,1077.8945313068107,1788.6992187641226,1733.2148438526929,1733.2148438526929,0.6219047425827503,1.0096769198089697,0.9825349123686388
8192,27,8,1066.3190104532987,1101.0078125400469,1098.7434895941988,1078.35286448244,1791.6380000997378,1732.8593750107757,1732.8593750107757,0.6222968118666492,1.0112854163821254,0.9794234447752542
8192,31,0,1066.1054687807336,1095.0976562453434,1095.7799479365349,1079.7408854123205,1778.7174374461756,1711.7474061478788,1711.7474061478788,0.6307828371956891,1.0127899321698266,0.9859768023925143
8192,31,1,1062.4466146109626,1096.1132812080905,1091.9934896519408,1078.1627604737878,1778.8229062034588,1718.7682187795872,1718.7682187795872,0.6272880477388266,1.0147924099401266,0.9836234803080587
8192,31,2,1065.2486979961395,1098.4518228797242,1095.1223958982155,1080.0546874525025,1778.5286562457259,1711.6002500188188,1711.6002500188188,0.6310204076218308,1.0138990918122828,0.9832517593907839
8192,31,3,1064.4244791474193,1093.7760417582467,1094.8723958572373,1078.911458258517,1774.454437509121,1723.62109367441,1723.62109367441,0.625956285994677,1.013610152147855,0.9864098472335938
8192,31,4,1067.8854166762903,1096.7864582780749,1093.2994791073725,1081.0377604793757,1779.7018438159284,1720.7747187057976,1720.7747187057976,0.6282273610414436,1.0123162500374066,0.9856410537531397
8192,31,5,1065.2656250167638,1095.0963540235534,1094.997395761311,1079.4544271193445,1781.574218739479,1726.9869999836374,1726.9869999836374,0.6250506964612773,1.0133194968178545,0.9857163921268315
8192,31,6,1066.2890624953434,1096.009114640765,1094.3697915645316,1080.9661459643394,1787.6145936952526,1717.8880000301433,1717.8880000301433,0.629241339333747,1.0137646384880368,0.9862747777591648
8192,31,7,1063.15625004936,1094.2747396184132,1094.6549479849637,1080.1249999785796,1791.826812450381,1723.1393125030081,1723.1393125030081,0.6268355623606574,1.0159607300699514,0.9870692988446688
8192,31,8,1069.374999962747,1093.9023437676951,1094.9127605417743,1080.4622396826744,1788.4023437773067,1733.4479374540024,1733.4479374540024,0.6233023884580006,1.0103679623334316,0.9877136161545012
8192,35,0,1063.042968744412,1093.1132811820135,1097.3619793076068,1073.9361980231479,1781.016937457025,1712.683593723341,1712.683593723341,0.6270488033860542,1.0102472144579462,0.9824564539750822
8192,35,1,1063.8020832557231,1093.8216145150363,1095.9140624618158,1075.0299477949739,1772.1679687383585,1719.1067812518668,1719.1067812518668,0.6253421599629365,1.0105544675235907,0.9828201724388176
8192,35,2,1066.7708334513009,1094.8736978461966,1097.1315103815868,1074.3059895467013,1772.5872500022888,1732.044250047693,1732.044250047693,0.6202532005271342,1.0070635190418753,0.9812145379508563
8192,35,3,1065.1588541222736,1093.3541666017845,1096.5429687639698,1075.9153646649793,1783.062499953303,1716.4908749691676,1716.4908749691676,0.6268110016514392,1.01009850361857,0.984050180198237
8192,35,4,1063.303385511972,1095.6158854532987,1099.3346353061497,1074.4101562304422,1775.8111874854876,1709.7851563221411,1709.7851563221411,0.6283889834098035,1.0104455331091817,0.9806449235499329
8192,35,5,1063.042968744412,1095.654948032461,1096.4843749534339,1073.9843749906868,1776.227843720335,1724.0169374872494,1724.0169374872494,0.6229546541207516,1.0102925343264326,0.9802213524607454
8192,35,6,1064.5598958944902,1095.907552051358,1101.5611980110407,1074.118489632383,1773.250000042026,1721.0507812706055,1721.0507812706055,0.6241062154129992,1.0089789158644393,0.9801177915252163
8192,35,7,1066.7239582398906,1095.0859375298023,1096.3151041651145,1072.9466147022322,1786.1796875422442,1719.6471250144896,1719.6471250144896,0.6239341775965762,1.005833427115117,0.9797830270037893
8192,35,8,1064.1341145383194,1095.0377603294328,1099.3385416222736,1075.0494790263474,1790.759125015029,1722.0924687535444,1722.0924687535444,0.6242693110460389,1.0102575082772942,0.9817464912834859
8192,39,0,1062.7382813254371,1095.4166665906087,1096.2851562071592,1077.5742187397555,1773.654937437641,1716.477874992961,1716.477874992961,0.6277821779346701,1.0139601044537654,0.9837117250494405
8192,39,1,1063.9166666660458,1093.9661458833143,1100.640624994412,1077.7447916334495,1774.4270937782858,1727.05340628454,1727.05340628454,0.6240367482045811,1.0129973760169924,0.985171977843275
8192,39,2,1063.2929687853903,1094.26822909154,1096.7005208367482,1077.380208298564,1774.3281249522624,1728.0624999784777,1728.0624999784777,0.6234613668845786,1.0132486905554032,0.9845668362253408
8192,39,3,1063.0234375130385,1092.4882811959833,1094.3320313235745,1077.9700519051403,1776.395843762657,1717.1731561802517,1717.1731561802517,0.6277585041586718,1.0140604749290096,0.9867108603902374
8192,39,4,1064.3776040524244,1093.708333442919,1094.2148437025025,1074.9283854383975,1780.3580938107189,1730.453124991982,1730.453124991982,0.6211831860186205,1.009912630015704,0.9828291076969273
8192,39,5,1064.1184895066544,1095.691406284459,1098.361979238689,1078.1744790729135,1775.3815000105533,1728.5638124349134,1728.5638124349134,0.6237400501599999,1.0132090455197107,0.9840129007938958
8192,39,6,1063.731770729646,1093.9908855361864,1096.1861979449168,1077.7981771389022,1777.578125029322,1720.7474062388428,1720.7474062388428,0.6263546719473027,1.013223640391607,0.985198497893017
8192,39,7,1064.106770674698,1093.8398437574506,1097.041666856967,1078.2382811885327,1772.1666563375038,1729.4765625592845,1729.4765625592845,0.6234477555411058,1.0132801622010867,0.98573688583575
8192,39,8,1063.8124999823049,1093.2539062341675,1097.0989583292976,1076.4257812406868,1774.6888124747784,1722.2864687482797,1722.2864687482797,0.6249981061646553,1.0118566770540782,0.984607304032924
8192,43,0,1067.3177082790062,1092.016927083023,1098.4804688487202,1073.4049478778616,1778.4700312404311,1718.5585937795622,1718.5585937795622,0.6245960724080765,1.0057033061024263,0.9829563271927686
8192,43,1,1067.5768228247762,1091.3867187919095,1099.2578124860302,1072.5677084410563,1778.4531249844804,1731.078124976193,1731.078124976193,0.619595206574404,1.0046749662502736,0.9827567900297663
8192,43,2,1067.816406255588,1092.6445312798023,1096.0690104402602,1072.8619791334495,1775.9387812930072,1711.3372499579782,1711.3372499579782,0.6269144081096777,1.0047251314442287,0.9818947959926347
8192,43,3,1093.0924479616806,1166.0716144833714,1103.3411459065974,1070.7981770392507,1818.9505312875553,1805.9752500221293,1805.9752500221293,0.5929196300038607,0.9796044049485452,0.9182953806089075
8192,43,4,1069.4921874674037,1116.9557290850207,1098.651041625999,1074.1354166530073,1783.9323124917428,1736.2161249820929,1736.2161249820929,0.6186645782155064,1.0043415269788916,0.9616633754436349
8192,43,5,1068.1197915691882,1092.4934897338971,1097.5403647171333,1074.3710937676951,1781.124999979511,1719.8932188193794,1719.8932188193794,0.6246731378504982,1.0058526227562201,0.9834118956895421
8192,43,6,1067.789062508382,1094.415364554152,1097.899739514105,1071.782551938668,1779.4205937207153,1720.7838436661405,1720.7838436661405,0.622845545583011,1.00373996098153,0.9793197232526937
8192,43,7,1065.9231770550832,1091.5338542545214,1097.1822916762903,1074.7161458712071,1778.2734374804932,1725.4726562896394,1725.4726562896394,0.6228531886342477,1.0082491581057624,0.9845925911342437
8192,43,8,1067.9479166865349,1093.9583332510665,1099.398437421769,1074.2994792526588,1786.0729062704195,1711.2278749209509,1711.2278749209509,0.6277945181919652,1.0059474460007662,0.9820296135594262
8192,47,0,1066.049479180947,1097.3906250437722,1099.3463542545214,1077.5416665710509,1779.6575625652622,1720.151031236128,1720.151031236128,0.6264227076599851,1.0107801632236935,0.9819125860748723
8192,47,1,1064.8294270504266,1096.089843660593,1098.2968750176951,1077.304687583819,1774.3138125752012,1731.2200625383412,1731.2200625383412,0.6222806163673141,1.0117157360761047,0.982861663954446
8192,47,2,1066.494791652076,1095.4322916222736,1097.6054687052965,1075.5833332659677,1776.0572812903774,1737.5208436760659,1737.5208436760659,0.6190333412003048,1.00852188091778,0.981880250830555
8192,47,3,1066.662760451436,1096.079427166842,1095.5247395904735,1077.3893228033558,1779.8294375097612,1738.1393124651368,1738.1393124651368,0.6198521114371066,1.010056189031461,0.9829482208129784
8192,47,4,1068.81770840846,1119.854166638106,1096.4583333116025,1074.6523436391726,1768.3880312233669,1734.4531249818829,1734.4531249818829,0.6195914597867255,1.005458961977156,0.9596359737316216
8192,47,5,1067.0442709233612,1103.388020885177,1097.3802083171904,1077.7083332650363,1770.6445312342112,1725.089843830574,1725.089843830574,0.6247259162293701,1.009994020522173,0.9767265122204793
8192,47,6,1066.294270916842,1098.9231769926846,1098.0638021137565,1078.7552082911134,1790.3476561969,1720.7096561833168,1720.7096561833168,0.6269245973105573,1.011686208689424,0.9816475172024646
8192,47,7,1066.8723959242925,1097.7578124729916,1096.1835937341675,1075.967447948642,1764.3606875026308,1719.013031220129,1719.013031220129,0.6259216355008879,1.0085249670523813,0.9801501166498091
8192,47,8,1065.433593816124,1096.9374999403954,1097.3828125279397,1077.4986977921799,1773.111968759622,1728.4544062476925,1728.4544062476925,0.6233885567923805,1.0113241257325496,0.9822790248767393
8192,51,0,1068.0507812649012,1095.6588541157544,1098.0559897143394,1073.99088551756,1785.9245000408919,1718.3476562649957,1718.3476562649957,0.625013734328936,1.0055616309232263,0.980223800029726
8192,51,1,1065.763020887971,1093.1276041083038,1099.203124991618,1076.4960937667638,1777.4518124724636,1723.708343774888,1723.708343774888,0.624523341001679,1.0100707874719188,0.984785389849242
8192,51,2,1068.41927068308,1096.597656258382,1094.3007812602445,1075.1354167005047,1780.4140625230502,1715.7096563096275,1715.7096563096275,0.6266418171318371,1.0062860584807038,0.9804283371978864
8192,51,3,1065.8528645290062,1095.2773437602445,1095.1041666558012,1074.3059896631166,1794.182281173562,1711.4192812641704,1711.4192812641704,0.6277281093091117,1.0079308555762487,0.9808529280582667
8192,51,4,1083.7773437378928,1096.9908853294328,1094.7096354793757,1077.8307291911915,1802.5025937049577,1736.3294061851775,1736.3294061851775,0.620752447866014,0.9945130661929213,0.9825338966854885
8192,51,5,1066.994791617617,1093.75,1094.614583416842,1075.8216147078201,1782.7682187316896,1726.9531249439751,1726.9531249439751,0.6229593607196034,1.0082726018529304,0.9836083334471498
8192,51,6,1066.3411457790062,1096.1354167666286,1094.9075521202758,1075.2864583628252,1772.834624944153,1727.4010313030885,1727.4010313030885,0.6224880261601258,1.0083887906034839,0.9809795778104647
8192,51,7,1064.7890624823049,1095.0533855939284,1094.4505208171904,1075.334635330364,1779.727875032222,1717.3268124679453,1717.3268124679453,0.6261677320375709,1.0099039079378547,0.9819928868099254
8192,51,8,1066.08593754936,1095.5403645057231,1098.7851562676951,1076.1888020206243,1780.895843808139,1723.2044375532496,1723.2044375532496,0.6245276408112594,1.009476594817945,0.9823360570618229
8192,55,0,1067.1054687118158,1095.6002604216337,1096.592448069714,1076.1406250530854,1771.9752812581646,1729.1588437728933,1729.1588437728933,0.6223492011324004,1.0084669759514742,0.9822383801177088
8192,55,1,1067.7161457715556,1104.3606771854684,1096.4205728378147,1075.0221353955567,1806.5064999746028,1723.858062518957,1723.858062518957,0.6236140658962952,1.0068426328972684,0.9734339130358365
8192,55,2,1065.91796875,1097.513020853512,1096.0768228396773,1074.0768229588866,1788.3997187482237,1724.4739688067057,1724.4739688067057,0.6228431639951758,1.0076542984057717,0.9786460866984525
8192,55,3,1067.6679688040167,1097.2682292340323,1098.7291666679084,1075.9882812853903,1775.4661562321417,1719.5963437188766,1719.5963437188766,0.625721428878134,1.0077929775215546,0.9806064302404008
8192,55,4,1065.4557291418314,1097.8489583358169,1097.8320311987773,1077.2695312043652,1765.8111875107352,1728.9973750393983,1728.9973750393983,0.6230602467975509,1.0110880271600295,0.9812547737325842
8192,55,5,1063.2070312276483,1096.722656278871,1095.9062499459833,1075.8932291064411,1775.4036562109832,1723.877593690304,1723.877593690304,0.6241123111318345,1.0119320108936305,0.981007571008788
8192,55,6,1063.8281250139698,1095.6640624208376,1096.8203124357387,1075.3333332249895,1773.287749983865,1725.9036562791152,1725.9036562791152,0.6230552495284158,1.0108149126165173,0.9814443770740021
8192,55,7,1064.4583334214985,1095.6249999580905,1097.6692708209157,1077.1132812369615,1772.878906308506,1715.6510313043327,1715.6510313043327,0.6278160660784731,1.0118886267485794,0.9831039646577642
8192,55,8,1062.8242187667638,1095.217447844334,1094.1796875558794,1075.1888020895422,1779.8958438106638,1723.6002499885217,1723.6002499885217,0.6238040416254885,1.0116337049010093,0.9817126308622883
8192,59,0,1065.7161459093913,1098.40364579577,1121.3854167144746,1081.5403644228354,1774.0520937650217,1747.8346250072718,1747.8346250072718,0.6187887280344591,1.014848436494261,0.9846474641289837
8192,59,1,1070.9557292284444,1094.1067709354684,1098.376302048564,1075.6197916343808,1827.6822812595128,1728.407562495704,1728.407562495704,0.6223183784739164,1.0043550468788254,0.9831031305241982
8192,59,2,1078.9127603638917,1127.5950521230698,1095.4947917489335,1091.8346353573725,1798.9635312005703,1743.6835937587603,1743.6835937587603,0.6261655722778042,1.0119767561087354,0.9682861176994645
8192,59,3,1069.9908853275701,1095.8658853778616,1099.9765625456348,1078.9049479644746,1810.7604374790753,1744.9205624870956,1744.9205624870956,0.6183117851661247,1.0083309706270773,0.9845227982368128
8192,59,4,1069.8072916129604,1092.2200519125909,1097.6028646109626,1080.712239490822,1809.932312539786,1716.8580936868238,1716.8580936868238,0.6294709175235756,1.0101933759129833,0.9894638334082793
8192,59,5,1076.3216145569459,1094.0156250726432,1099.5755207259208,1077.8893228853121,1824.1966249661346,1720.6601562520518,1720.6601562520518,0.6264394040675496,1.0014565426422395,0.9852595321147628
8192,59,6,1066.1783854011446,1093.6197916744277,1098.303385428153,1075.826822896488,1809.906249945925,1734.9921874938445,1734.9921874938445,0.6200758889009723,1.0090495527084928,0.9837302059514695
8192,59,7,1071.773437433876,1094.3984374171123,1096.3971354067326,1078.796875081025,1781.1914061667267,1725.6523437936266,1725.6523437936266,0.6251530784638971,1.0065530991922742,0.9857441661074476
8192,59,8,1069.2734374897555,1094.0156250726432,1123.2044271891937,1072.4075520411134,1873.290374987846,1717.4921874811844,1717.4921874811844,0.6244031616899928,1.0029310693050746,0.9802488442246015
8192,63,0,1066.9231771025807,1098.889322951436,1097.1640625502914,1078.2838540617377,1772.1640624586144,1724.7474063424306,1724.7474063424306,0.6251836356422708,1.010648074015984,0.9812488223706137
8192,63,1,1064.6054687676951,1096.0598959354684,1096.7044270364568,1075.8424478117377,1774.1367187227297,1719.2187500540967,1719.2187500540967,0.6257740312440667,1.0105550641751349,0.9815544312872834
8192,63,2,1065.1523437118158,1096.0976561764255,1095.7838542526588,1075.111979036592,1785.0078124865831,1718.976562528951,1718.976562528951,0.6254372528819658,1.0093504327184495,0.9808541902981173
8192,63,3,1065.0182293029502,1095.9973959252238,1097.6367187686265,1077.0351563114673,1778.4504999553974,1721.7304688301738,1721.7304688301738,0.625553869092679,1.0112833064053581,0.9826986453761152
8192,63,4,1068.316406221129,1098.2734374701977,1096.3007812388241,1076.3580728089437,1781.2747499874604,1725.8294375324112,1725.8294375324112,0.6236758102515154,1.0075274202857745,0.9800456207775228
8192,63,5,1064.0716146444902,1095.4335937276483,1098.5703124897555,1078.1145833898336,1776.4700312454806,1719.6354375528244,1719.6354375528244,0.6269436880901191,1.0131973906192726,0.9841898126577624
8192,63,6,1066.9908854179084,1096.6171876061708,1096.4661459438503,1077.0338540896773,1776.764312467094,1726.901062397701,1726.901062397701,0.6236801155210819,1.0094124221762544,0.9821420512665479
8192,63,7,1064.0651043504477,1098.256510333158,1098.0885416502133,1075.7421874441206,1847.1054687552169,1742.929687452488,1742.929687452488,0.6172034334996346,1.0109740306734345,0.9794999413368306
8192,63,8,1099.6809895150363,1126.0664062574506,1128.2369791297242,1111.2656249897555,1938.8698125339943,1887.9440000318937,1887.9440000318937,0.5886115398396258,1.010534541912767,0.986856209202718
16384,3,0,1515.9570312825963,1541.0937500419095,1538.7682290747762,1494.3359374301508,2256.2018436929066,2223.6783750031464,2223.6783750031464,0.6720108241498892,0.9857376604967802,0.9696593327884906
16384,3,1,1516.8411458143964,1540.1848959736526,1510.2382813347504,1496.6132811969146,2242.269531279817,2194.946624967997,2194.946624967997,0.6818449543021282,0.986664480540168,0.9717101401976849
16384,3,2,1515.5690105166286,1540.2369791409,1513.311197864823,1497.1119791734964,2236.899718809582,2217.7005313324116,2217.7005313324116,0.6750740048179633,0.98782171500271,0.9720010618161774
16384,3,3,1514.247395680286,1536.9492187164724,1511.2838541390374,1492.661458440125,2235.110687593078,2212.2695312418728,2212.2695312418728,0.6747195300394564,0.9857447750600467,0.9711846300860006
16384,3,4,1516.3203125121072,1539.0598957892507,1516.2005207967013,1494.4583332398906,2226.246093755435,2219.289062509233,2219.289062509233,0.6733950788502446,0.9855822156494115,0.9710202555005256
16384,3,5,1512.8138022264466,1538.3320312248543,1515.4765625484288,1496.640625060536,2231.544281244169,2194.4257812265278,2194.4257812265278,0.6820192498030261,0.9893092083492971,0.972898304580499
16384,3,6,1512.2786458814517,1538.0299479002133,1515.4335937695578,1493.234375026077,2235.937500017826,2180.9596249795504,2180.9596249795504,0.6846685091843817,0.98740690354437,0.9708747070008011
16384,3,7,1515.1276041287929,1537.2786459047347,1512.570312479511,1498.8151041325182,2242.5051874961355,2194.4075624560355,2194.4075624560355,0.6830158306850743,0.9892335800946255,0.974979460051252
16384,3,8,1515.404947916977,1538.4218749823049,1509.4283854123205,1496.2109375046566,2236.7760312818064,2220.4492188393488,2220.4492188393488,0.6738325401950607,0.987334071702284,0.9725621832580001
16384,7,0,1513.8177083572373,1520.1927083544433,1519.85156245064,1489.1015625325963,2234.6731875586556,2186.11978118588,2186.11978118588,0.6811619268752145,0.9836729708681619,0.9795478917567615
16384,7,1,1511.1432290868834,1519.56119784154,1518.2174477959052,1489.3710936885327,2236.0247187407367,2219.423187511893,2219.423187511893,0.6710622390848351,0.9855922754512777,0.9801323538690704
16384,7,2,1510.2018228499219,1523.126302054152,1515.5416666530073,1488.6510416399688,2235.846343751291,2207.8333437320907,2207.8333437320907,0.6742587912562158,0.9857298667741744,0.9773654618348535
16384,7,3,1510.6041667750105,1520.7955728983507,1512.0598959038034,1489.9960936745629,2233.670593682291,2199.406250042557,2199.406250042557,0.6774537871963092,0.9863577278854964,0.9797477847958949
16384,7,4,1510.9166665934026,1525.6276042200625,1514.3684896174818,1490.223958157003,2238.934906245049,2236.3775938174513,2236.3775938174513,0.6663561476723708,0.9863045336027336,0.9767940446507857
16384,7,5,1510.7031249208376,1522.8763020131737,1523.131510359235,1494.8489582166076,2233.4375000809814,2194.8242188045697,2194.8242188045697,0.6810791248835363,0.9895054385982945,0.9815957843985652
16384,7,6,1510.9140624990687,1521.106770960614,1513.4427084121853,1488.6119790608063,2233.4140625162036,2182.477843689412,2182.477843689412,0.6820742686415333,0.9852393435260147,0.9786374023703237
16384,7,7,1511.8997396202758,1522.143229143694,1512.3424478806555,1490.3841145569459,2236.62890630294,2190.092437558633,2190.092437558633,0.6805119678958964,0.9857691455990767,0.9791352653425297
16384,7,8,1510.5468750698492,1519.6940104942769,1516.084635281004,1489.804687560536,2242.742187490876,2207.9882811567586,2207.9882811567586,0.6747339649737777,0.9862684251302336,0.9803320124134598
16384,11,0,1516.097656218335,1539.1250000102445,1517.1835937071592,1493.5091147199273,2236.845062498105,2216.2942811974062,2216.2942811974062,0.673876717271058,0.9851008664212626,0.970362455752448
16384,11,1,1512.5299479113892,1532.8020832967013,1517.0364582445472,1492.532552103512,2235.011718767055,2208.9700624974284,2208.9700624974284,0.6756689814148396,0.9867788430665515,0.9737281599287895
16384,11,2,1514.8710937937722,1535.09505209513,1517.8085938096046,1492.7604167023674,2231.7187500675573,2240.5143125752147,2231.7187500675573,0.6688837545757857,0.9854042517663785,0.9724221406778795
16384,11,3,1514.9752603610978,1535.8854167861864,1518.8606770243496,1492.5130208721384,2236.1614686587927,2199.6367187284704,2199.6367187284704,0.6785270532012694,0.9851731971625692,0.971760656465634
16384,11,4,1513.718750094995,1534.08854175359,1518.4791666688398,1494.7408854495734,2236.6367187487413,2198.740874973737,2198.740874973737,0.6798167544265203,0.9874627538013713,0.9743511177920414
16384,11,5,1515.7903644721955,1533.2278645364568,1518.694010330364,1497.066406183876,2233.01693756639,2210.69271867691,2210.69271867691,0.6771933491868847,0.987647395888521,0.9764148179217227
16384,11,6,1514.019531197846,1532.6067708665505,1512.4375000596046,1491.467447951436,2238.566406276732,2218.208343720107,2218.208343720107,0.672374825463928,0.9851044964865365,0.9731572875070532
16384,11,7,1513.589843758382,1534.0807291213423,1513.0065103294328,1492.0794270001352,2240.9817812558686,2220.1849062639667,2220.1849062639667,0.672051874053564,0.9857884770785497,0.9726211917509298
16384,11,8,1513.4270833805203,1532.0299478480592,1531.4609374618158,1495.1158853946254,2236.420562553576,2219.6458124881246,2219.6458124881246,0.6735830901411548,0.9879008389720412,0.9759051299843814
16384,15,0,1517.5416666315868,1523.95703131333,1511.1354166874662,1492.8906250279397,2240.869781189758,2186.4283750119284,2186.4283750119284,0.6827987790909432,0.9837559375497321,0.9796146442143335
16384,15,1,1518.497395911254,1523.309895885177,1514.0950519125909,1494.8372396174818,2237.4283751105395,2190.8606562419664,2190.8606562419664,0.6823059400690551,0.9844187047291091,0.9813086908024384
16384,15,2,1515.111979097128,1524.0703123854473,1509.359374991618,1494.7851562174037,2234.5481562524583,2211.9426874951387,2211.9426874951387,0.675779334007129,0.9865839468236287,0.980784904784211
16384,15,3,1516.3632812909782,1525.320312473923,1509.9010416306555,1494.7916667442769,2242.2070312586584,2188.7109375029468,2188.7109375029468,0.6829552688440679,0.9857741117759485,0.9799854197967562
16384,15,4,1515.7330729998648,1525.592447957024,1515.6041666632518,1492.2799480846152,2230.789062537042,2215.611968722442,2215.611968722442,0.6735294668700893,0.9845268765767363,0.9781642207805769
16384,15,5,1513.5820312425494,1523.9127604290843,1513.3802084019408,1492.8645833861083,2238.7070312106516,2184.1197813046165,2184.1197813046165,0.6835085676914623,0.9863123058884139,0.979626014133359
16384,15,6,1512.9726562881842,1525.3307292005047,1511.9283854728565,1496.4335936820135,2241.055968738692,2204.5455625629984,2204.5455625629984,0.6787945865551829,0.9890684986688745,0.9810551672727149
16384,15,7,1516.6744792368263,1524.398437468335,1511.4765624748543,1493.9283854328096,2239.6523437464566,2226.9765624969295,2226.9765624969295,0.6708325586317747,0.9850026527673478,0.9800117533011061
16384,15,8,1514.4765625009313,1546.832031221129,1534.2005208367482,1521.8750000931323,2243.424500079527,2239.49871883633,2239.49871883633,0.679560558482443,1.004885144990282,0.9838657135201069
16384,19,0,1520.8125000353903,1535.2747396100312,1518.8085937406868,1490.0286458432674,2232.0208124710916,2218.8541875038936,2218.8541875038936,0.671530673008973,0.9797582843437922,0.9705289922387074
16384,19,1,1521.484375,1540.3841147199273,1522.891927161254,1490.7291666604578,2227.9882812199503,2222.54296875235,2222.54296875235,0.6707313143634275,0.9797860504880032,0.9677645675614502
16384,19,2,1519.6640625363216,1535.5026042088866,1519.7747396305203,1490.511718671769,2237.466156316259,2204.8138124546313,2204.8138124546313,0.676026116242611,0.9808165866501459,0.9706995706723026
16384,19,3,1515.8541665878147,1535.7382813235745,1518.9388021826744,1488.8580727856606,2230.0208437400215,2211.3515625505897,2211.3515625505897,0.6732796801736944,0.9821908370889515,0.9694738295528388
16384,19,4,1524.1588541539386,1536.4765624981374,1517.9466144181788,1490.8554687863216,2235.8997188121066,2196.5051874985875,2196.5051874985875,0.6787397895855324,0.9781496624995144,0.9703079794216705
16384,19,5,1516.527343657799,1535.4374999878928,1521.411458379589,1490.40234379936,2234.2747499806137,2209.097656191261,2209.097656191261,0.6746656670529384,0.9827731428861503,0.9706694957047175
16384,19,6,1515.7031249254942,1537.0260417694226,1518.3372396277264,1489.5273437723517,2234.9492187458964,2188.7851562496508,2188.7851562496508,0.6805269761261382,0.9827302716985366,0.9690970115624128
16384,19,7,1531.649739597924,1557.348958333023,1537.9114584065974,1511.807291652076,2301.985656231409,2197.993499976292,2197.993499976292,0.68781244879404,0.9870450485950809,0.9707569286656894
16384,19,8,1523.764322977513,1542.1692709205672,1528.4830729942769,1495.9817708004266,2387.027343729642,2272.306000008939,2272.306000008939,0.6583540116491976,0.9817671592921943,0.9700503044697747
16384,23,0,1517.0507811708376,1529.9335937015712,1512.1197915868834,1495.966145885177,2224.942687462317,2222.4036250690915,2222.4036250690915,0.673129817199011,0.9861015626191578,0.9777980900895101
16384,23,1,1516.446614637971,1527.126302011311,1516.733072930947,1495.7343749701977,2242.377593688616,2194.605468730515,2194.605468730515,0.6815504637539319,0.9863415965535206,0.9794437912569717
16384,23,2,1516.6249999310821,1525.7343749981374,1514.9388021091,1495.6536458339542,2236.028625020481,2202.855468681264,2202.855468681264,0.6789613150286818,0.9861723536813115,0.9802844258757558
16384,23,3,1517.3749999376014,1528.1822916585952,1513.053385540843,1493.5481771826744,2240.7564999866736,2201.8489374886485,2201.8489374886485,0.6783154610443726,0.9842973406337215,0.977336398501038
16384,23,4,1514.7747396258637,1527.9804687015712,1510.5234375223517,1492.502604261972,2227.873687502324,2200.8971250215836,2200.8971250215836,0.6781337425061771,0.9852967343716118,0.9767812055413593
16384,23,5,1514.664062531665,1526.816406287253,1518.3046874590218,1494.473958387971,2236.1679688174263,2186.5989687057663,2186.5989687057663,0.683469616411893,0.9866702428326268,0.9788170681385794
16384,23,6,1514.8554686456919,1528.8645833497867,1513.6940105585381,1493.0403647013009,2231.7695312494834,2191.220062513821,2191.220062513821,0.6813739935314614,0.9855992176178404,0.9765680891305665
16384,23,7,1514.6601563319564,1530.33333318308,1513.4817708749324,1499.9661458423361,2310.713562451383,2216.533843693469,2216.533843693469,0.6767170057475427,0.9902988070108052,0.9801564883399747
16384,23,8,1545.740885543637,1551.1796876089647,1540.6757813179865,1541.7408853536472,2388.3190000333343,2368.0390625031578,2368.0390625031578,0.6510622691012266,0.9974122440394769,0.9939150813211931
16384,27,0,1519.1796874860302,1530.7877603918314,1515.123697812669,1496.4557292405516,2234.9843750362197,2194.350250078969,2194.350250078969,0.681958465466804,0.9850419549230002,0.9775723114336294
16384,27,1,1519.170572864823,1531.1666667694226,1523.0703124543652,1496.4466146193445,2235.690093698395,2193.84896865904,2193.84896865904,0.6821101342878798,0.9850418651786901,0.9773244461862971
16384,27,2,1519.3138021277264,1530.8658855501562,1518.8398438040167,1497.6054687285796,2233.222656286671,2221.867187472526,2221.867187472526,0.6740301477840236,0.9857117513388312,0.9782734613557453
16384,27,3,1515.8710938412696,1532.6184895820916,1520.67578129936,1493.9882812323049,2235.760437429235,2221.6575312086206,2221.6575312086206,0.6724656074330003,0.9855641995563666,0.9747946350560339
16384,27,4,1516.7799480259418,1532.4752604356036,1523.276041727513,1497.9973958106712,2225.1497499610196,2177.0507812561846,2177.0507812561846,0.6880856472012603,0.9876168245501163,0.9775018458600551
16384,27,5,1516.8177083833143,1532.6054687611759,1516.686197835952,1495.0572915840894,2235.744781273752,2218.127593778263,2218.127593778263,0.674017714660622,0.9856539011385764,0.9755004285561912
16384,27,6,1517.8710937034339,1531.4466146519408,1522.045572870411,1494.1354165785015,2241.9570311740245,2199.8997499395045,2199.8997499395045,0.6791834112529851,0.9843625211499218,0.9756366315897214
16384,27,7,1523.6861978191882,1532.489583361894,1525.7005208404735,1492.6223958609626,2231.575531254748,2223.012999934326,2223.012999934326,0.6714411458255344,0.9796127299684892,0.9739853451966226
16384,27,8,1545.3203124925494,1569.1640625009313,1562.899739597924,1514.3359374487773,2284.434906187016,2320.2864687164038,2284.434906187016,0.6628930127741646,0.9799495452216017,0.9650590232325553
16384,31,0,1516.8554687406868,1533.127604285255,1518.1263020494953,1498.2955729356036,2237.889312482366,2189.7760311730963,2189.7760311730963,0.6842232043854019,0.987764229231087,0.97728040950258
16384,31,1,1516.9270832557231,1532.7747396659106,1518.2226562174037,1499.8203124850988,2230.8346563022496,2216.0885624771254,2216.0885624771254,0.6767871726248216,0.9887227468218784,0.978500149873298
16384,31,2,1513.0833332659677,1531.5520834410563,1517.7812500623986,1501.9557292107493,2239.4426874825513,2219.92578121899,2219.92578121899,0.6765792540983087,0.9926457427620992,0.9806755809676347
16384,31,3,1511.8476562201977,1531.9374999962747,1513.842447893694,1500.1471353461966,2236.787750007352,2199.7174687840015,2199.7174687840015,0.6819726426846417,0.9922607804920942,0.9792482626411616
16384,31,4,1512.6653644256294,1531.124999979511,1519.6497396100312,1498.489583376795,2245.9713437683604,2223.5416874991643,2223.5416874991643,0.673920166103186,0.9906286073693391,0.9786853348987492
16384,31,5,1514.8580728564411,1531.397135462612,1515.5807292321697,1496.9895832473412,2230.430999929922,2215.6901248990835,2215.6901248990835,0.6756312926725363,0.9882045124033259,0.9775319207418547
16384,31,6,1513.9531249878928,1529.26692715846,1518.399739637971,1497.338541666977,2239.799468725323,2202.669281246017,2202.669281246017,0.679783639975201,0.9890256950187618,0.9791217707488062
16384,31,7,1516.08333340846,1529.8359375447035,1520.7148436456919,1501.0234374785796,2233.1145625003046,2229.557281225425,2229.557281225425,0.6732383375472536,0.9900665777414605,0.9811662810638595
16384,31,8,1514.9674478452653,1536.9062500540167,1527.686198009178,1498.044270905666,2235.489562508519,2226.9192812700567,2226.9192812700567,0.6726980557873213,0.988829346159438,0.9747141511416296
16384,35,0,1517.578125,1529.0390625596046,1526.2669270159677,1495.1406250474975,2251.9049374523092,2186.449218697817,2186.449218697817,0.6838213356438976,0.9852149292462274,0.9778302344641469
16384,35,1,1515.1484375819564,1529.6093750512227,1522.3828125745058,1494.0911458106712,2241.3359374695574,2183.0052187397087,2183.0052187397087,0.6844194109042209,0.9861021592017144,0.9767795426597969
16384,35,2,1515.0585938245058,1531.7330729449168,1520.522135309875,1494.5429688086733,2228.8437500037617,2211.888031297349,2211.888031297349,0.6756865391292308,0.9864588570373082,0.9757202447390252
16384,35,3,1516.0507812397555,1528.2408853527158,1515.8164062304422,1496.6835937229916,2229.9153438325447,2218.8606874351535,2218.8606874351535,0.6745279693305362,0.9872252382595481,0.979350577561311
16384,35,4,1516.055989661254,1529.3385417899117,1518.069010344334,1494.3932291353121,2234.890625004482,2199.5025937258106,2199.5025937258106,0.6794232629677921,0.9857111078524335,0.9771500477495976
16384,35,5,1512.160156155005,1531.1901042005047,1518.0143229663372,1500.5664062919095,2231.5976563049844,2219.0495000131705,2219.0495000131705,0.6762203395115807,0.9923329881323052,0.9800000680355853
16384,35,6,1511.8880209047347,1531.8580728489906,1521.1848958861083,1495.2786458889022,2226.5885312435785,2187.3528750120386,2187.3528750120386,0.683601929515224,0.9890141499990898,0.976120877248075
16384,35,7,1513.942708261311,1529.0703125065193,1515.6315105268732,1495.4843749292195,2239.7539063376826,2217.199218762289,2217.199218762289,0.6744925590241035,0.9878077728890481,0.9780350600606167
16384,35,8,1514.4765625009313,1528.346354025416,1519.259114516899,1495.8229166222736,2236.8059999280376,2220.0494687467653,2220.0494687467653,0.6737790926193536,0.9876831069291333,0.9787198514803395
16384,39,0,1517.278645769693,1527.9374999227002,1525.91015631333,1504.1874999878928,2245.499999958156,2179.63149998468,2179.63149998468,0.6901109201250144,0.991371956747497,0.9844561705331475
16384,39,1,1518.5481770895422,1526.68749995064,1520.3385415952653,1493.3554687304422,2237.5637812501736,2192.014312527135,2192.014312527135,0.6812708567622346,0.98341000388451,0.9781670897146434
16384,39,2,1519.1796874860302,1526.2070312164724,1520.9179687080905,1495.4153643921018,2227.704437586908,2216.1901249546645,2216.1901249546645,0.6747685352233453,0.9843571347815648,0.9798247117235281
16384,39,3,1517.446614569053,1527.575520798564,1517.8398437565193,1494.6497395867482,2234.9114686903704,2200.3333125439895,2200.3333125439895,0.6792833299690666,0.9849768191095283,0.978445726078012
16384,39,4,1518.4153645532206,1525.6236979039386,1518.6197916045785,1494.671875028871,2243.2291875702504,2225.2955625390314,2225.2955625390314,0.671673417316067,0.9843629812509597,0.9797120201281663
16384,39,5,1518.2851562276483,1525.147135485895,1520.611979183741,1491.466145729646,2241.2083437757246,2219.207031316728,2219.207031316728,0.672071656534321,0.982335985840343,0.9779162357699223
16384,39,6,1518.0429687025025,1526.040364522487,1517.6132812630385,1493.0442709010094,2232.1223749486307,2190.045562429077,2190.045562429077,0.6817411913773189,0.9835322857673391,0.9783779679826475
16384,39,7,1517.8046874934807,1523.2382812537253,1518.3411457110196,1494.156250031665,2232.0742186821008,2197.8880312190086,2197.8880312190086,0.6798145441480771,0.9844193145161061,0.980907759751072
16384,39,8,1515.2135415701196,1526.7565103713423,1514.6822915412486,1490.8854166278616,2235.3203124794163,2208.5833124947385,2208.5833124947385,0.6750415110869463,0.9839440948257047,0.9765050330554962
16384,43,0,1515.325520769693,1530.261718784459,1517.531249905005,1497.429687413387,2227.1783749374663,2193.5950625220357,2193.5950625220357,0.6826372437635556,0.9881901062768242,0.9785448260463893
16384,43,1,1517.473958316259,1528.6874999292195,1514.630208374001,1507.0169270038605,2230.8424374841707,2209.1627499776223,2209.1627499776223,0.682166547946332,0.9931089220641378,0.9858240661179198
16384,43,2,1516.7187500046566,1526.3359375530854,1515.0104166241363,1499.2981771938503,2241.6184999656252,2227.7734375393266,2227.7734375393266,0.6730029867174873,0.9885143024632926,0.9822858391170556
16384,43,3,1516.660156310536,1528.6549479933456,1517.1861979179084,1496.1627605371177,2246.2356562300556,2225.9635625232477,2225.9635625232477,0.6721416224985902,0.9864851755430295,0.9787445901386183
16384,43,4,1514.7695313207805,1527.83072902821,1513.927083229646,1497.5390625186265,2237.6406250259606,2183.570312467964,2183.570312467964,0.6858213147375337,0.9886250228527305,0.9801734145451761
16384,43,5,1514.287760364823,1528.292968752794,1516.5052083320916,1495.6705728545785,2238.9466250842815,2209.9830937349907,2209.9830937349907,0.6767791921551828,0.9877056475013974,0.9786543571388424
16384,43,6,1517.4296874320135,1528.8749999599531,1514.118489692919,1497.8880207054317,2233.0533749936876,2201.8750000825094,2201.8750000825094,0.6802784084697371,0.9871218634455131,0.9797321695656394
16384,43,7,1514.3658855231479,1527.6861978927627,1514.523437479511,1496.3398438412696,2233.4739687721594,2224.4583437895926,2224.4583437895926,0.6726760462918363,0.9880966404128609,0.9794811564739335
16384,43,8,1513.3958333171904,1530.7252602651715,1513.9674479141831,1495.160156278871,2249.815093819052,2222.992187512318,2222.992187512318,0.6725890287325115,0.9879504907857788,0.9767658475955774
16384,47,0,1618.6692708870396,1580.670572933741,1692.6914062350988,1663.046875037253,2641.289062466967,2647.9296875550062,2641.289062466967,0.6296345593783533,1.0274161034303777,1.0521147818616126
16384,47,1,1761.018229299225,1743.0885416688398,1760.623698006384,1757.9700520727783,2860.9622188469075,2737.5507812621436,2737.5507812621436,0.6421689285567403,0.9982690825252505,1.0085374380292185
16384,47,2,1761.2265625502914,1765.2695312863216,1749.0130208898336,1756.6302082268521,2902.966156284492,2694.131499993091,2694.131499993091,0.6520209604584472,0.9973902538031315,0.9951059467654358
16384,47,3,1753.9049480110407,1768.7265624990687,1747.2916665719822,1719.7877602884546,2841.5546875066866,2721.4960937271826,2721.4960937271826,0.6319273300639378,0.9805478696201435,0.9723310526068725
16384,47,4,1734.0325521072373,1742.8320312174037,1730.938802124001,1727.0247394917533,2834.1887812075583,2678.576812513711,2678.576812513711,0.6447546067835279,0.995958661440947,0.9909301117706629
16384,47,5,1730.2760416641831,1737.9335936857387,1721.187499933876,1737.0624999748543,2828.6835937478827,2685.548156250661,2685.548156250661,0.6468186004901124,1.0039221824421403,0.9994987761822147
16384,47,6,1738.4531249990687,1879.0833331877366,1833.1302081933245,1713.1341146305203,2819.6666562507744,2761.108062486528,2761.108062486528,0.620451672249202,0.9854358970026518,0.9116860781923414
16384,47,7,1717.139323009178,1836.8463541846722,1740.7747396500781,1698.2070312369615,2827.3724062728434,2664.800781303711,2664.800781303711,0.6372735414788271,0.9889745162092969,0.9245231792894028
16384,47,8,1686.1315104179084,1725.024739629589,1705.3606770932674,1684.0833333553746,2769.608062521911,2623.260406267036,2623.260406267036,0.6419809978956175,0.9987852803592846,0.9762661918211065
16384,51,0,1516.6679687099531,1528.0911459121853,1518.105468712747,1499.9388022115454,2228.2174687688894,2215.326812574858,2215.326812574858,0.6770733752227635,0.9889697898000462,0.9815767902484412
16384,51,1,1519.9453125242144,1528.653645887971,1519.9257811764255,1499.3372396565974,2236.19400003372,2203.6966249743273,2203.6966249743273,0.6803737060104924,0.9864415695105552,0.9808220741760347
16384,51,2,1520.723958266899,1528.1119790161029,1517.8281249245629,1500.7760416483507,2243.8176874857163,2186.200499977531,2186.200499977531,0.6864768540963079,0.9868826183015608,0.9821112996016478
16384,51,3,1516.901041730307,1528.821614687331,1514.9622396565974,1501.619791612029,2230.647124974894,2210.8606875690384,2210.8606875690384,0.679201453106094,0.9899260072358795,0.9822073269935648
16384,51,4,1519.1627604654059,1528.6471353610978,1518.3437500381842,1498.3346353983507,2240.7382812161813,2209.76171874554,2209.76171874554,0.6780525803700412,0.9862897343134751,0.9801703746655787
16384,51,5,1516.8971354141831,1529.9830730073154,1515.782551956363,1500.9244790999219,2232.6705937985025,2191.559906236762,2191.559906236762,0.6848658231192206,0.9894701783388232,0.981007244838156
16384,51,6,1518.6796874040738,1526.4453125419095,1517.2669271705672,1500.9127603843808,2244.3802187126494,2218.74868748273,2218.74868748273,0.6764681231596508,0.988301070221027,0.9832731956082916
16384,51,7,1519.225260359235,1531.1419271165505,1515.2708333916962,1498.3867187984288,2234.765624962165,2188.8333125161807,2188.8333125161807,0.6845595369141898,0.986283441893351,0.9786073336912624
16384,51,8,1518.4609375428408,1529.2031250428408,1514.9986979085952,1498.3190103666857,2242.6054687230135,2178.6510312722385,2178.6510312722385,0.6877278595148539,0.9867353010682325,0.9798037852719599
16384,55,0,1520.1119791017845,1537.6783853862435,1521.388020948507,1504.871093784459,2266.7174374646493,2215.6861875828326,2215.6861875828326,0.6791896353455061,0.9899738403967244,0.9786643995821377
16384,55,1,1526.0638021863997,1532.0455729961395,1518.4635415207595,1502.9101562686265,2270.2109374677093,2231.77603129443,2231.77603129443,0.6734144175734957,0.9848278650705161,0.9809826696796398
16384,55,2,1518.010416533798,1534.3281250679865,1554.6770832734182,1504.1874999878928,2352.6770625039717,2226.026062544406,2226.026062544406,0.6757277128501213,0.990894056855375,0.9803558152994437
16384,55,3,1525.6445312406868,1532.7799478545785,1517.66927074641,1496.7109374701977,2293.8515625128275,2246.518249990004,2246.518249990004,0.6662358240254035,0.9810351669881059,0.976468239661625
16384,55,4,1520.6289062043652,1530.677083414048,1517.707031336613,1500.6249999860302,2274.9270937083566,2222.858093659852,2222.858093659852,0.6750880788414648,0.9868449783265881,0.9803668038454008
16384,55,5,1523.1927083805203,1534.2786458786577,1515.9947916399688,1496.2174479151145,2243.9114687813344,2229.725281267747,2229.725281267747,0.671032194183319,0.9822903167032053,0.9751927734471295
16384,55,6,1514.1171875875443,1527.2343750111759,1524.4934896472842,1495.4401041613892,2254.559906305076,2192.0950625826663,2192.0950625826663,0.6821967394057732,0.9876647041726582,0.9791817998795672
16384,55,7,1513.4114583488554,1527.1927083376795,1517.938802135177,1498.1341145467013,2237.365874975694,2197.954437519911,2197.954437519911,0.6816038080557936,0.9899053600275884,0.9809725428674893
16384,55,8,1513.6328124208376,1532.9583333805203,1515.4739583376795,1498.229166609235,2241.3567812691326,2225.7044063280773,2225.7044063280773,0.6731483131135925,0.9898233933056945,0.97734500278641
16384,59,0,1514.3229167442769,1531.6484376089647,1520.4635416157544,1500.0481772003695,2243.2734374433494,2204.8138124546313,2204.8138124546313,0.6803514059676349,0.9905735167935005,0.9793684636548019
16384,59,1,1513.0625000456348,1527.972656302154,1519.3333332426846,1500.4192707128823,2229.2643436685466,2215.2369687091777,2215.2369687091777,0.6773177280384496,0.9916439477335727,0.9819673568923977
16384,59,2,1515.7005208311602,1526.2070312164724,1522.346354322508,1499.134114710614,2235.121093804082,2186.4010625449737,2186.4010625449737,0.6856629098805962,0.9890701323296626,0.9822613079666658
16384,59,3,1514.7122396156192,1531.393229146488,1517.1406249282882,1497.5924479076639,2239.6718749178035,2209.915343769353,2209.915343769353,0.67766960038989,0.9886976606775821,0.9779280849650467
16384,59,4,1513.4075521491468,1528.5625000251457,1516.9648438459262,1497.217447962612,2237.1705624664173,2224.9648437764336,2224.9648437764336,0.6729173506496329,0.9893022179230282,0.9794937713950079
16384,59,5,1513.2057293085381,1528.1471352791414,1517.6041666418314,1500.9804686997086,2246.2656249899737,2227.33203122516,2227.33203122516,0.6738916549743522,0.9919209527349491,0.9822224797912078
16384,59,6,1514.1536458395422,1526.587239583023,1516.2643229123205,1495.8007812965661,2234.6536250097415,2197.545562466985,2197.545562466985,0.6806688365620809,0.987879126670266,0.979833148418779
16384,59,7,1511.0546875512227,1528.3945312257856,1519.4570312742144,1497.5052083609626,2226.7604061880775,2188.3320313236254,2188.3320313236254,0.6843135259758492,0.9910330980725667,0.9797896928877065
16384,59,8,1512.2591145336628,1529.7018229030073,1514.4856770057231,1498.7721354700625,2238.640625023436,2185.2395938140035,2185.2395938140035,0.6858616966820483,0.9910815686716762,0.9797805775152653
16384,63,0,1519.9296874925494,1664.06119777821,1614.4075519405305,1532.992187421769,2688.3229062377723,2510.641906269484,2510.641906269484,0.6105977055483844,1.0085941475034736,0.921235462655196
16384,63,1,1737.6627603080124,1735.8593749813735,1760.585937416181,1730.0807292340323,2774.0716250264086,2702.841124914812,2702.841124914812,0.6400970864643629,0.9956366498453152,0.996671017347011
16384,63,2,1726.4583334326744,1740.7148437341675,1730.3541665896773,1721.8802083516493,2830.045562518535,2698.375000022679,2698.375000022679,0.638117462671859,0.9973482562582773,0.9891799421080858
16384,63,3,1711.8932291632518,1721.8346355948597,1716.1796875298023,1694.1132812062278,2761.1354374812436,2662.7564999444076,2662.7564999444076,0.6362253857014704,0.9896138686372896,0.9839001064239513
16384,63,4,1706.960937473923,1707.088541588746,1720.757812494412,1691.89453125,2796.213531155445,2637.5026250207156,2637.5026250207156,0.6414759610852374,0.9911735494977294,0.9910994597124966
16384,63,5,1684.8138021305203,1691.1445312434807,1691.2135416641831,1679.4479165691882,2707.1432187995015,2612.210937513737,2612.210937513737,0.6429220138583683,0.996815146246697,0.9930836102661834
16384,63,6,1672.3059895448387,1692.4622396472842,1681.385416770354,1656.2083333265036,2685.647156226878,2582.114562528659,2582.114562528659,0.6414155116745024,0.9903739768206437,0.9785791933955726
16384,63,7,1687.6393229467794,1683.2851562649012,1682.2617187863216,1652.5885418523103,2715.1835937502256,2591.986999959772,2591.986999959772,0.637575937640875,0.9792308814935249,0.9817638655587597
16384,63,8,1669.1979167517275,2101.6328124096617,1683.2773437490687,1660.9062500065193,2699.2005000465724,2594.4635312953324,2594.4635312953324,0.6401732882239752,0.9950325442765087,0.7902932616008121
32768,3,0,2682.3255209019408,2689.596354146488,2584.0976561885327,2652.1940105594695,3943.013031175724,3724.99349998634,3724.99349998634,0.7119996345145825,0.9887666466625052,0.9860936963535973
32768,3,1,2697.86067714449,2665.2382812462747,2648.880208376795,2543.4921875130385,3887.6250000612345,3810.773437521675,3810.773437521675,0.6674477581031926,0.9427811484339359,0.9543207470079158
32768,3,2,2622.52864590846,2626.3645831495523,2595.5065104644746,2533.582031261176,3716.9036562545443,3678.4895937671536,3678.4895937671536,0.6887560686739707,0.966083644201159,0.9646726305693968
32768,3,3,2633.480468764901,2576.425781240687,2570.7252603024244,2501.7773436848074,3709.9479062590035,3644.4023437525175,3644.4023437525175,0.6864712256519987,0.9499889493610475,0.9710263582598012
32768,3,4,2678.634114563465,2619.634114555083,2597.8880206821486,2921.408854308538,3823.2942812328474,3633.9687499094,3633.9687499094,0.8039168895938836,1.0906337817565792,1.1151972857876407
32768,3,5,2684.244791744277,2606.3736978685483,2555.5846355855465,2546.1341144982725,3715.636718652604,3675.0533749909664,3675.0533749909664,0.6928155470679473,0.9485476594121443,0.9768875877547649
32768,3,6,2649.7968749608845,2611.980468733236,2547.2786457976326,2516.4505208376795,3710.0585938105723,3620.0039062350697,3620.0039062350697,0.6951513274622059,0.9496767637613078,0.9634262395760229
32768,3,7,2656.876302091405,2584.9023438058794,2558.830729103647,2519.6419270941988,3724.7239375801655,3603.6887812542773,3603.6887812542773,0.6991841082950643,0.9483474729744927,0.9747532370543661
32768,3,8,2648.723958292976,2629.8111979849637,2551.0807291138917,2572.1028646221384,3798.6979062907267,3634.2825625297337,3634.2825625297337,0.7077333202269671,0.9710724504035454,0.9780560926172027
32768,7,0,2447.43229157757,2390.9830729244277,2441.964843776077,2319.312500068918,3211.9570312261203,3157.821593731569,3157.821593731569,0.7344659700449409,0.9476513438391921,0.9700246423042013
32768,7,1,2449.787760269828,2394.410156295635,2361.6718749981374,2333.459635498002,3211.1263124079414,3185.365874969648,3185.365874969648,0.7325562359520904,0.9525150191953717,0.974544661599695
32768,7,2,2449.0429686848074,2387.088541756384,2356.0872396919876,2316.367187537253,3206.2773437928627,3157.8059687262794,3157.8059687262794,0.7335368957047016,0.9458254580078664,0.9703733845720296
32768,7,3,2448.812499991618,2393.289062543772,2357.5234374729916,2320.4101561568677,3221.226562573065,3162.9427188590853,3162.9427188590853,0.7336238314786396,0.9475654653693617,0.9695486401841309
32768,7,4,2446.5950519079342,2388.7734374729916,2357.1653646649793,2318.7513020820916,3211.389312468782,3171.005218746359,3171.005218746359,0.731235410264887,0.9477462566900289,0.9706869917873107
32768,7,5,2449.3906249990687,2389.9830728769302,2356.065104249865,2319.9960937490687,3216.7890625487416,3176.184874973842,3176.184874973842,0.7304348408775089,0.947172766185447,0.9707165377353008
32768,7,6,2450.5872395820916,2390.4401040636003,2355.6223958730698,2323.5273436876014,3210.345062484521,3167.3046873947897,3167.3046873947897,0.7335976715264415,0.948151245610763,0.9720081836552812
32768,7,7,2448.869791580364,2397.3098958376795,2357.6679688412696,2320.623697829433,3206.7903437109635,3165.476562458025,3165.476562458025,0.7331040530679035,0.9476304970595564,0.9680115624010927
32768,7,8,2450.502604129724,2393.072916660458,2357.244791579433,2319.4986978778616,3206.920562547566,3174.652343773232,3174.652343773232,0.7306307736112679,0.9465399848867381,0.9692553376579643
32768,11,0,2653.010416775942,2667.4518228974193,2580.1041666418314,2533.427083399147,3784.0064999272727,3708.847656184844,3708.847656184844,0.6830766098398312,0.9549254188296334,0.9497555163516719
32768,11,1,2669.6197915589437,2597.162760444917,2607.6679687248543,2528.0598959652707,3718.3124999273787,3709.194000066418,3709.194000066418,0.6815658323398567,0.9469737615666207,0.9733929403531845
32768,11,2,2625.1979166409,2591.108073014766,2533.8020833441988,2523.712239577435,3706.053406290266,3564.2109374975917,3564.2109374975917,0.708070393092199,0.9613417044024923,0.973989570663135
32768,11,3,2626.5338541707024,2583.888020948507,2557.9843749292195,2522.815104108304,3683.0611875302566,3538.1562499878783,3538.1562499878783,0.7130310042460525,0.9605111695409132,0.9763639459817673
32768,11,4,2617.8346353117377,2602.5833333842456,2553.5130208591,2498.757812543772,3680.404937426829,3571.0260312953324,3571.0260312953324,0.6997310550652547,0.9545132373291464,0.9601067448989367
32768,11,5,2655.023437459022,2584.967447910458,2544.076822930947,2515.9661459038034,3727.122375039471,3586.3789062204887,3586.3789062204887,0.7015338344590194,0.947624834646167,0.9733067037024272
32768,11,6,2600.444010575302,2580.3906250512227,2547.3671874497086,2511.898437514901,3572.0090936592896,3563.7122188063586,3563.7122188063586,0.7048544560526396,0.9659498252220352,0.9734566592858545
32768,11,7,2631.2786458292976,2564.9882812285796,2530.2669272059575,2474.6835937257856,3646.6705624889073,3580.9505000088393,3580.9505000088393,0.6910689197518025,0.9404870889095222,0.9647933333014919
32768,11,8,2648.6276041250676,2591.6093750856817,2553.006510483101,2505.3697917610407,3732.437499934349,3590.447906276495,3590.447906276495,0.6977875343578668,0.9459124370142061,0.9667235409187429
32768,15,0,2448.4270833199844,2389.348958269693,2358.5742188151926,2320.9322915645316,3207.371093708389,3156.3737187525476,3156.3737187525476,0.7353160615219555,0.9479278788312642,0.9713659796454734
32768,15,1,2451.2708332622424,2389.1197916818783,2355.013020685874,2320.223958347924,3210.579406299985,3167.673187476794,3167.673187476794,0.7324694881785124,0.9465392101370063,0.9711626710498876
32768,15,2,2450.967447948642,2388.319010497071,2356.236979132518,2317.3841144889593,3198.7200312642017,3162.4323124788134,3162.4323124788134,0.7327853643996324,0.9454977121089525,0.9702992373730894
32768,15,3,2444.151041796431,2386.7682290729135,2353.5026041790843,2318.777343723923,3212.704437487446,3205.460937465432,3205.460937465432,0.7233834350068192,0.9487046029772532,0.9715134110967281
32768,15,4,2449.6927082072943,2390.0065104244277,2355.432291748002,2317.8815103601664,3213.2838437064493,3161.7135624628645,3161.7135624628645,0.7331092664050876,0.9461927622980972,0.969822257910313
32768,15,5,2447.4283853778616,2387.308593839407,2354.2942708591,2318.5325521044433,3216.8658749469614,3170.7578124269276,3170.7578124269276,0.7312234769295788,0.9473341757235859,0.9711909713254313
32768,15,6,2443.484375020489,2387.265625060536,2355.5195312947035,2322.0208333805203,3208.964843679496,3162.205718808764,3162.205718808764,0.7343041660981026,0.9502908457767608,0.9726696556113813
32768,15,7,2443.289062473923,2391.0872396081686,2352.8229168150574,2316.2252604961395,3212.908843806872,3166.4739688039845,3166.4739688039845,0.7314840681829466,0.9479947731402987,0.9686912389176161
32768,15,8,2441.2864584010094,2387.3046874068677,2351.178385433741,2318.90755193308,3219.568999952571,3167.941406218233,3167.941406218233,0.7319919324837838,0.9498711402560742,0.9713496413614126
32768,19,0,2775.8216145448387,2553.6510415840894,2585.8385416213423,2524.8333333292976,3709.9310000030528,3666.9856874596007,3666.9856874596007,0.6885310029880267,0.9095805436846501,0.9887150954513677
32768,19,1,2653.4947915934026,2565.5078125419095,2550.680989632383,2516.393229132518,3754.9088438026956,3578.8111874808237,3578.8111874808237,0.703136627586057,0.9483317009344661,0.9808558043872303
32768,19,2,2597.436197800562,2568.080729106441,2536.895833327435,2472.5156250642613,3622.9596563543964,3552.87759384737,3552.87759384737,0.6959191696741803,0.9519062016452685,0.962787344276583
32768,19,3,2585.8385416213423,2533.856770838611,2544.1848959308118,2485.430989647284,3617.9908750000322,3555.763031272363,3555.763031272363,0.6989866781864592,0.9611702160216462,0.980888508873649
32768,19,4,2633.6328125325963,2540.6197917182,2499.563802033663,2484.3645833898336,3638.345031276913,3563.6835938248623,3563.6835938248623,0.6971338835172491,0.9433223080938071,0.9778576831874866
32768,19,5,2588.542968733236,2564.8359374608845,2544.4934896659106,2484.7018228610978,3649.274749932374,3507.1158749815368,3507.1158749815368,0.7084744021679006,0.9598843259986696,0.9687566313972046
32768,19,6,2595.9335938096046,2552.020833361894,2534.313802141696,2486.026041675359,3638.928406303421,3528.11200002634,3528.11200002634,0.7046335381804203,0.9576616472792923,0.9741401830173946
32768,19,7,2599.2421875707805,2578.0781250214204,2545.8398438058794,2544.888020842336,3740.705718769277,3562.856750022547,3562.856750022547,0.7142830036111418,0.97908845624761,0.9871260285493448
32768,19,8,2573.8593749701977,2530.332031310536,2518.2499999646097,2475.0351562397555,3640.484374955122,3487.9205937841107,3487.9205937841107,0.709601921744022,0.9616046549817484,0.9781463956561698
32768,23,0,2451.3007812201977,2384.8398437257856,2451.0273437481374,2323.2213540468365,3224.644531201193,3154.377593773461,3154.377593773461,0.7365070556653479,0.9477504237119337,0.9741624202392208
32768,23,1,2448.3736978145316,2380.548177054152,2359.4492187257856,2327.399739646353,3205.723968790153,3159.0130312224574,3159.0130312224574,0.7367490151649386,0.9505900760671614,0.9776738660783717
32768,23,2,2454.7499999171123,2383.309895871207,2365.598958451301,2328.088541748002,3202.8710937765936,3168.0585938147487,3168.0585938147487,0.7348628419604718,0.9484014835835066,0.9768299732154558
32768,23,3,2464.0000000363216,2380.591145949438,2355.417968821712,2324.2786457994953,3212.40756250063,3172.5091249654724,3172.5091249654724,0.7326310356395874,0.9432949049371888,0.9763451610555813
32768,23,4,2447.145833284594,2378.889323095791,2360.0651040906087,2320.977864670567,3213.1093749967476,3156.8072812433456,3156.8072812433456,0.7352295081365952,0.9484428075769058,0.975656093848931
32768,23,5,2463.177083292976,2376.4544271398336,2358.52083330974,2350.5299480166286,3225.5403749559264,3166.4908749462484,3166.4908749462484,0.7423138233602297,0.9542675449360094,0.989091110341886
32768,23,6,2454.5572915812954,2380.6848959065974,2356.5963541623205,2320.977864554152,3205.60937495884,3163.73437499351,3163.73437499351,0.7336197004715079,0.9455790143968944,0.9749202292772525
32768,23,7,2445.3958332305774,2378.638020833023,2356.1302083544433,2321.2187500903383,3197.8997187707137,3167.312499954278,3167.312499954278,0.7328669811153293,0.9492200479559211,0.9758604418832186
32768,23,8,2442.3854167107493,2376.9999999785796,2353.597656241618,2318.911458365619,3208.3671875398068,3168.9882812315773,3168.9882812315773,0.7317513517167097,0.9494453424507353,0.9755622458504485
32768,27,0,2739.652343792841,2555.0312499981374,2575.0572917750105,2558.276041643694,3720.007812489712,3503.6314999388196,3503.6314999388196,0.7301783996657087,0.9337958691875317,1.0012699616278897
32768,27,1,2613.3997396100312,2550.010416773148,2526.8138020765036,2481.4804687630385,3666.2552187181063,3510.0650936783495,3510.0650936783495,0.7069613817795577,0.949521969851165,0.9731256203663556
32768,27,2,2582.3932291241363,2535.6119791977108,2532.006510416977,2484.1471354011446,3597.7773437707583,3523.3020624900746,3523.3020624900746,0.7050622090702854,0.9619554091859537,0.9797031863633765
32768,27,3,2585.501302150078,2544.615885359235,2519.183593802154,2467.5221354700625,3641.010437490877,3496.9518436582803,3496.9518436582803,0.7056208508975931,0.9543689393689706,0.9697031876863061
32768,27,4,2628.595052170567,2557.312500081025,2560.9335937770084,2481.3971352996305,3671.6419061804118,3588.546874993881,3588.546874993881,0.6914768628468485,0.9440012957684799,0.9703143965475517
32768,27,5,2585.2291667833924,2542.2643228666857,2524.5742186671123,2499.7421875596046,3639.2864375329737,3505.6875000236687,3505.6875000236687,0.713053341903044,0.9669325333621572,0.9832739125807608
32768,27,6,2577.2291666362435,2537.9830729216337,2538.9856771798804,2483.817708445713,3600.3879999952915,3545.6015625641157,3545.6015625641157,0.7005349204126197,0.9637550826291286,0.9786581064886427
32768,27,7,2598.898437572643,2542.3697916558012,2513.1809894228354,2450.916666770354,3590.3203124689753,3524.7018125801333,3524.7018125801333,0.6953543298393935,0.9430598100091578,0.9640283938294101
32768,27,8,2593.0638021091,2571.9218750018626,2539.4401042722166,2490.75260409154,3611.217437423875,3543.941406178419,3543.941406178419,0.7028199167596914,0.9605442805015658,0.9684402268594322
32768,31,0,2548.0703124776483,2402.489583240822,2364.291666657664,2328.7057291017845,3215.9439999759343,3161.8789062122232,3161.8789062122232,0.7364942801972959,0.9139095250622963,0.9692885852018941
32768,31,1,2453.988281195052,2399.4739582994953,2360.876302001998,2328.742187586613,3202.824218647038,3166.644531233942,3166.644531233942,0.7353974102925835,0.9489622283169803,0.9705219677553785
32768,31,2,2450.494791730307,2398.8333332818,2355.3906249580905,2329.0598958265036,3216.0924374693423,3256.734374986081,3216.0924374693423,0.7241893512423975,0.9504447443375068,0.970913595168431
32768,31,3,2444.79427090846,2397.1601561643183,2357.196614611894,2326.178385410458,3213.7487187355873,3172.242187474694,3172.242187474694,0.7332915483550275,0.9514822629824284,0.9703892246951752
32768,31,4,2452.4830728769302,2399.0221354179084,2361.8997395969927,2325.795572833158,3209.1484374632273,3167.667968682508,3167.667968682508,0.7342295959764051,0.9483431704606389,0.9694764956505938
32768,31,5,2453.6210937658325,2396.0703124757856,2360.561197856441,2326.7343749757856,3204.9726562490832,3154.2578125254295,3154.2578125254295,0.7376487634385553,0.9482859357899877,0.9710626448902673
32768,31,6,2445.8177083870396,2394.898437545635,2357.011718675494,2323.726562433876,3218.787781293031,3165.1979375055816,3165.1979375055816,0.7341488931542621,0.9500816657208359,0.9702818816881864
32768,31,7,2450.947916600853,2395.557291689329,2359.3502604635432,2325.8723958861083,3194.378906300699,3167.1562500150685,3167.1562500150685,0.7343724818991935,0.9489685113797895,0.9709107788634521
32768,31,8,2446.8828125391155,2396.496093715541,2357.5781249674037,2325.2343750791624,3208.352874935372,3154.765624913125,3154.765624913125,0.7370545554055838,0.9502843222255833,0.9702642041340055
32768,35,0,2725.4023437853903,2576.497395755723,2536.929687485099,2490.5507812509313,3674.8072811860766,3478.5364687195397,3478.5364687195397,0.7159766193762835,0.9138286634742279,0.9666420720446401
32768,35,1,2598.791666678153,2610.889322939329,2540.951822884381,2469.8580730473623,3716.9817812809924,3567.631500004609,3567.631500004609,0.6922962960283795,0.9503870990183692,0.9459834437818321
32768,35,2,2600.7213541306555,2541.0078124841675,2496.070312568918,2462.0130208786577,3610.2486875506656,3480.319031154977,3480.319031154977,0.7074101537357095,0.9466654384055058,0.9689120233249964
32768,35,3,2610.9114582650363,2538.4856769815087,2504.7942707315087,2466.2552082445472,3593.3606562821296,3503.5794375062324,3503.5794375062324,0.7039244441964105,0.9445954976517611,0.971545843495619
32768,35,4,2615.5260415980592,2559.8554686876014,2521.2135416222736,2472.072916687466,3656.708343783066,3526.186187514213,3526.186187514213,0.7010613692041473,0.9451532415930584,0.9657080045831103
32768,35,5,2590.747395879589,2574.453125009313,2507.6627605594695,2482.794270850718,3621.796874995198,3508.536468757484,3508.536468757484,0.7076438546269342,0.9583312810810644,0.9643967671160205
32768,35,6,2585.9843749785796,2538.4205728769302,2502.087239525281,2452.854166738689,3568.843750031192,3504.0403437278655,3504.0403437278655,0.7000073989242817,0.9485185565976232,0.9662914778376287
32768,35,7,2619.8880209121853,2564.828124945052,2497.8750000009313,2477.261718711816,3639.9674374933966,3588.337249993856,3588.337249993856,0.6903647974325873,0.9455601533111669,0.9658587624716131
32768,35,8,2594.2643230082467,2539.7252603434026,2508.257812471129,2467.6875000586733,3617.610687456363,3486.7877500346367,3486.7877500346367,0.7077251834540718,0.9512089721055108,0.9716356090126894
32768,39,0,2542.4049479188398,2390.3619792545214,2356.01822915487,2323.464843677357,3224.087249918739,3168.015624964937,3168.015624964937,0.7334133156944491,0.9138846451582378,0.9720138053743527
32768,39,1,2447.61588529218,2387.2760417871177,2359.0885415906087,2322.0065105706453,3203.6263124837205,3166.434906233917,3166.434906233917,0.7333188836439354,0.9486809284592709,0.9726594117839797
32768,39,2,2442.3658853629604,2387.127604102716,2350.558593752794,2322.649739566259,3207.447937484176,3162.779937497362,3162.779937497362,0.7343696954787567,0.9509835334197234,0.9729893515429843
32768,39,3,2450.9752603480592,2387.8033853834495,2354.3736978899688,2321.798177086748,3205.970062481356,3165.6354374263174,3165.6354374263174,0.7334382694977617,0.9472956396781553,0.9723573520748227
32768,39,4,2445.326822809875,2389.8880208143964,2352.2434894694015,2320.709635387175,3208.6692812072215,3159.7773437397336,3159.7773437397336,0.7344535335646512,0.9490386371832681,0.9710537126322564
32768,39,5,2443.375000031665,2386.871093767695,2353.082031244412,2323.2408853946254,3209.454437524073,3159.342468734394,3159.342468734394,0.735355824316601,0.9508327151438143,0.9733415815629034
32768,39,6,2448.3815104467794,2384.820312494412,2350.2513020066544,2319.901041686535,3213.164062458418,3162.195312484073,3162.195312484073,0.7336362281380175,0.9475243264940358,0.9727781290406846
32768,39,7,2441.785156261176,2388.404947821982,2356.264322879724,2322.7981771342456,3202.0012812381538,3170.44659379917,3170.44659379917,0.7326406890679774,0.9512704961688271,0.9725311360003821
32768,39,8,2443.3763021370396,2386.623697821051,2350.90755217243,2320.203125011176,3210.641937471337,3167.330718838457,3167.330718838457,0.7325421091050621,0.9495889450109943,0.9721696500078685
32768,43,0,2689.2044271808118,2556.875000009313,2451.8020832911134,2451.3463540934026,3583.131531172512,3490.63934379501,3490.63934379501,0.7022628557862721,0.9115507654668098,0.9587274912087895
32768,43,1,2606.8489582976326,2565.2278646593913,2557.3255209019408,2493.2499999413267,3706.490906211002,3543.97396870354,3543.97396870354,0.7035181471305811,0.9564228844196289,0.9719409469584793
32768,43,2,2638.9466146938503,2554.908854071982,2531.0507812537253,2521.22526045423,3686.2903749579345,3555.6835937313735,3555.6835937313735,0.7090690704029794,0.9553907784325234,0.9868161270942923
32768,43,3,2568.752604071051,2525.686197914183,2526.0390624171123,2464.5651042228565,3620.2213749447765,3478.1679687512224,3478.1679687512224,0.708581392953175,0.9594404304707762,0.975800202835252
32768,43,4,2594.6210937108845,2554.2591145494953,2510.6692706467584,2478.83593745064,3597.4999999552892,3530.3554686834104,3530.3554686834104,0.7021491063547439,0.9553749267895428,0.9704716030299229
32768,43,5,2566.6783853666857,2542.807291727513,2502.0585936727,2473.149739555083,3614.17837495992,3465.7591249924735,3465.7591249924735,0.7135953914744303,0.963560434238729,0.9726060435649032
32768,43,6,2575.360677205026,2560.7486978406087,2504.8502604477108,2478.808593703434,3613.252624973029,3506.1080624245733,3506.1080624245733,0.7069972030437839,0.9625092965206031,0.9680015051042408
32768,43,7,2602.3789063328877,2552.4609375279397,2508.440104080364,2474.5195312425494,3612.2291562605824,3497.4062500623404,3497.4062500623404,0.7075299105439757,0.9508682710349394,0.9694642119142961
32768,43,8,2595.5000000540167,2542.007812531665,2551.8294270150363,2470.986979198642,3600.0325625309415,3562.341156225557,3562.341156225557,0.6936413080146293,0.9520273470033583,0.9720611270418201
32768,47,0,2449.700520839542,2393.8281249720603,2359.016926959157,2327.60677090846,3197.8671875094733,3171.596343690908,3171.596343690908,0.7338912391984079,0.9501597240591518,0.9723366296131335
32768,47,1,2450.4244790878147,2393.4231771854684,2357.6080730417743,2325.9687499376014,3202.4244686681413,3165.8997500016994,3165.8997500016994,0.734694378726412,0.9492105428213227,0.9718167568982976
32768,47,2,2445.024739485234,2393.5690105427057,2355.1250000018626,2324.6171874925494,3215.588531247704,3157.8346562355364,3157.8346562355364,0.7361427815425055,0.9507540557573112,0.9711928827844732
32768,47,3,2444.835937465541,2396.906250040047,2358.332031290047,2323.6848957603797,3216.57293750377,3172.9140624747743,3172.9140624747743,0.7323504040786966,0.9504461465701647,0.9694517237466239
32768,47,4,2447.9804687434807,2387.920572771691,2353.940104134381,2324.8945312807336,3214.9218750419095,3162.3671875422588,3162.3671875422588,0.7351753902707309,0.9497193956265813,0.9736063074251243
32768,47,5,2445.454426924698,2392.3229166539386,2354.915364412591,2323.1132812798023,3209.0403750544283,3151.424468796904,3151.424468796904,0.7371629256171512,0.9499720198021654,0.971070111441754
32768,47,6,2456.265625078231,2390.2057291707024,2357.8515625558794,2322.947916574776,3204.644531251688,3167.1289062842334,3167.1289062842334,0.7334554371833654,0.945723415602004,0.9718610779921184
32768,47,7,2443.559895735234,2389.338541775942,2357.1145832538605,2322.8124999441206,3198.444000076961,3169.3593749650972,3169.3593749650972,0.7328965336945107,0.9505854568975964,0.9721571302397467
32768,47,8,2459.5143230399117,2390.361979021691,2355.2799478638917,2328.35416670423,3213.291687416131,3161.610687470784,3161.610687470784,0.7364455642597982,0.9466723348154483,0.9740592375290211
32768,51,0,2713.6705729644746,2612.667968729511,2417.2669271938503,2449.7825521975756,3688.722656306709,3511.5064999899914,3511.5064999899914,0.6976443165360958,0.9027560591193566,0.9376555235944721
32768,51,1,2593.3216146659106,2561.3294270588085,2537.7369791967794,2492.3906249459833,3637.710937596239,3556.4166562380706,3556.4166562380706,0.7008151366556697,0.9610804193551867,0.9730847577103785
32768,51,2,2611.7291667032987,2548.966145841405,2507.84375006333,2469.042968819849,3655.295593716801,3528.6159062479783,3528.6159062479783,0.6997199566118869,0.9453671537988919,0.9686448652321457
32768,51,3,2560.5755207361653,2534.8138021072373,2521.6263021575287,2466.3502604234964,3608.1783749750684,3458.2148438175864,3458.2148438175864,0.713185956283979,0.9632015304568797,0.9729907018705571
32768,51,4,2575.9140624431893,2566.778645850718,2474.897135514766,2455.1263022003695,3642.2656249897045,3475.4882813103904,3475.4882813103904,0.706411906322036,0.9531087771894627,0.9565009846755433
32768,51,5,2592.975260457024,2554.692708188668,2507.1223959093913,2482.1145832538605,3622.264312525658,3532.044281200797,3532.044281200797,0.7027416378851317,0.9572457636238212,0.971590272011123
32768,51,6,2560.183593770489,2546.535156201571,2502.825520816259,2482.054687454365,3610.6562499753636,3454.419281297305,3454.419281297305,0.7185157577403953,0.9694830845310355,0.9746791366338781
32768,51,7,2585.2825520560145,2548.0833334149793,2504.208333324641,2469.830729183741,3597.0872187363057,3518.089843737471,3518.089843737471,0.7020374233990274,0.9553426673690047,0.9692896212596144
32768,51,8,2579.605468781665,2558.9739583665505,2523.2499999692664,2476.68489580974,3588.675781202255,3523.167968751295,3523.167968751295,0.7029709959265845,0.9601022039154948,0.9678429464716641
32768,55,0,2528.128906269558,2393.09765631333,2353.940104134381,2324.802083312534,3204.8736875367467,3163.1809999908,3163.1809999908,0.7349570205812741,0.9195741868807442,0.9714614350063723
32768,55,1,2445.4700521891937,2394.1119791707024,2361.3437499152496,2326.3294270727783,3205.67318749454,3167.4349062313922,3167.4349062313922,0.7344521658507074,0.9512810941971012,0.9716878104751795
32768,55,2,2444.4713541306555,2389.915364678018,2360.5690103722736,2324.2031250847504,3210.4088437563405,3170.3098750313075,3170.3098750313075,0.7331154419287794,0.9507999024645241,0.9725043653995168
32768,55,3,2447.49479170423,2387.6184896798804,2355.6315103778616,2321.490885457024,3220.0091250160767,3152.957031261394,3152.957031261394,0.736290048497195,0.9485171912625532,0.9723039486799574
32768,55,4,2445.441406336613,2405.8658855501562,2358.997395960614,2323.1614583637565,3205.9791561778184,3142.6354062205064,3142.6354062205064,0.7392398920235259,0.9499967786363618,0.9656238414272675
32768,55,5,2446.0559895960614,2389.299479080364,2354.555989615619,2326.8111979123205,3215.9049375195536,3167.893218687823,3167.893218687823,0.7344979888167165,0.9512501789857096,0.9738466099728548
32768,55,6,2450.1393230166286,2395.1484374701977,2358.037760364823,2323.8424479495734,3215.027343685506,3158.361968758072,3158.361968758072,0.7357745790180447,0.9484531863634769,0.9702289893999476
32768,55,7,2446.843749959953,2388.562500011176,2357.641927083023,2322.3463541362435,3219.3632812322903,3162.6328125184955,3162.6328125184955,0.7343079300713674,0.9491191884133398,0.972277825732162
32768,55,8,2452.0013021538034,2390.981770819053,2354.727864731103,2338.5976562276483,3231.007812473763,3320.8815311809303,3231.007812473763,0.7237982053770223,0.9537505767935184,0.97809096027802
32768,59,0,2478.4895832417533,2584.736979100853,2526.0833331849426,2481.649739551358,3547.0156250312357,3532.9544374462785,3532.9544374462785,0.7024290246282276,1.0012750331213705,0.9601169324449577
32768,59,1,2632.0221355417743,2550.4036458441988,2529.231770779006,2516.5911458898336,3686.6262812509376,3576.9192812722395,3576.9192812722395,0.7035638626418016,0.9561436098529694,0.9867422946914848
32768,59,2,2586.9700520997867,2543.184895766899,2497.490885318257,2466.986979241483,3619.335937514734,3503.325531255541,3503.325531255541,0.7041843406305867,0.9536202312195627,0.9700383890088973
32768,59,3,2565.653645899147,2540.593749959953,2519.2044271389022,2463.131510419771,3573.312499952408,3497.2981875398546,3497.2981875398546,0.7042955385375477,0.9600405395158292,0.9695101825935756
32768,59,4,2587.3333332128823,2547.3802083870396,2520.121093839407,2835.027343709953,3632.346343806603,3483.8775937942046,3483.8775937942046,0.813756300956141,1.095733320217187,1.112918807477525
32768,59,5,2587.5572917284444,2526.6276040347293,2481.454427121207,2479.957031318918,3563.1275936793827,3493.38149999312,3493.38149999312,0.7099015756864235,0.9584162790313905,0.9815285115062924
32768,59,6,2587.3528646770865,2537.531250040047,2533.5559896193445,2446.729166666046,3613.4505312475085,3555.486968821242,3555.486968821242,0.6881558526643159,0.9456495865210904,0.9642163684200665
32768,59,7,2561.359375016764,2515.329427202232,2473.34114566911,2432.035156292841,3600.9323124517323,3446.355468781803,3446.355468781803,0.7056832002162858,0.949509537792573,0.9668853431250003
32768,59,8,2596.2226561969146,2550.0299480045214,2525.851562502794,2470.8658853778616,3636.5572811973834,3523.778624980878,3523.778624980878,0.7011978186885307,0.9517157087741148,0.9689556341529996
32768,63,0,2454.9882812425494,2404.669270850718,2369.7942707221955,2333.03906256333,3247.1289061959396,3228.115875003823,3228.115875003823,0.7227246954264201,0.9503259467220361,0.9702120332489437
32768,63,1,2448.0950519209728,2391.408854164183,2357.460937462747,2326.4049479039386,3211.9583438543486,3168.11456252708,3168.11456252708,0.7343184414544205,0.9502919202742777,0.9728177362281433
32768,63,2,2442.0273437863216,2394.967447849922,2356.946614687331,2322.4479167256504,3212.6692811971225,3169.069000023228,3169.069000023228,0.7328486431531241,0.9510327239517042,0.9697200347381023
32768,63,3,2448.2929687947035,2391.467447858304,2355.3606771165505,2323.2096353312954,3213.3281250708023,3162.199218763817,3162.199218763817,0.7346816170043506,0.9489099813389626,0.9714577705884573
32768,63,4,2443.1966146221384,2392.1653646975756,2358.526041614823,2321.886718738824,3209.95703123117,3166.477843819848,3166.477843819848,0.7332711085506411,0.9503478782029682,0.970621326185936
32768,63,5,2444.013020838611,2393.062499933876,2360.3632813319564,2324.1953124525025,3218.1484374405045,3163.596375088673,3163.596375088673,0.734668724099596,0.9509750122587336,0.9712221525834464
32768,63,6,2445.3020833898336,2391.503906226717,2379.1223958833143,2322.329427115619,3225.4323125471274,3157.503906322745,3157.503906322745,0.735495345695462,0.9497106483859279,0.9710749044017911
32768,63,7,2444.903645780869,2392.8789062192664,2357.020833180286,2320.453125052154,3207.8828124895153,3159.382812441436,3159.382812441436,0.7344640592188977,0.9490979855408711,0.9697327846474503
32768,63,8,2441.8906250502914,2389.381510321982,2353.8307291455567,2321.886718738824,3211.67187496485,3159.2604062780083,3159.2604062780083,0.7349462912664069,0.9508561501156524,0.9717521913969851
