stage,point,layer,ctx,reps,steps,config,original_us,control_us,candidate_us,candidate_original_ratio,cosine,relative_l2
queue,0,3,128,5,16,"{""attention_groups"": 160, ""barrier"": ""simd"", ""compact"": true, ""merge_unroll"": 4, ""schedule"": ""queue"", ""sgs"": 8, ""split"": true, ""task_barrier"": false, ""task_batch"": 1, ""task_grain"": ""tile"", ""tn"": 16, ""workers"": 40}",631.2656251247972,751.5572917181998,808.5260414518416,1.280801629729167,0.9999996342805897,0.0008553135086635376
queue,1,3,8192,5,16,"{""attention_groups"": 160, ""barrier"": ""simd"", ""compact"": true, ""merge_unroll"": 4, ""schedule"": ""queue"", ""sgs"": 8, ""split"": true, ""task_barrier"": false, ""task_batch"": 1, ""task_grain"": ""tile"", ""tn"": 16, ""workers"": 40}",1069.0703124273568,1128.0026042368263,1546.8854166101664,1.446944507417773,0.9999998948697897,0.00045854190688862797
queue,2,3,32768,5,16,"{""attention_groups"": 160, ""barrier"": ""simd"", ""compact"": true, ""merge_unroll"": 4, ""schedule"": ""queue"", ""sgs"": 8, ""split"": true, ""task_barrier"": false, ""task_batch"": 1, ""task_grain"": ""tile"", ""tn"": 16, ""workers"": 40}",2441.9583331327885,2531.6744793672115,3804.1041668038815,1.5578087943554697,0.999999907027142,0.00043137244749525875
queue,3,3,128,5,16,"{""attention_groups"": 160, ""barrier"": ""simd"", ""compact"": true, ""merge_unroll"": 4, ""schedule"": ""queue"", ""sgs"": 8, ""split"": true, ""task_barrier"": false, ""task_batch"": 4, ""task_grain"": ""tile"", ""tn"": 16, ""workers"": 40}",630.3359374869615,747.7265624329448,850.1145832706243,1.3486690710669007,0.9999996342805897,0.0008553135086635376
queue,4,3,8192,5,16,"{""attention_groups"": 160, ""barrier"": ""simd"", ""compact"": true, ""merge_unroll"": 4, ""schedule"": ""queue"", ""sgs"": 8, ""split"": true, ""task_barrier"": false, ""task_batch"": 4, ""task_grain"": ""tile"", ""tn"": 16, ""workers"": 40}",1065.1484376285225,1126.145833171904,1783.3203123882413,1.6742458134367426,0.9999998948697897,0.00045854190688862797
queue,5,3,32768,5,16,"{""attention_groups"": 160, ""barrier"": ""simd"", ""compact"": true, ""merge_unroll"": 4, ""schedule"": ""queue"", ""sgs"": 8, ""split"": true, ""task_barrier"": false, ""task_batch"": 4, ""task_grain"": ""tile"", ""tn"": 16, ""workers"": 40}",2442.7708331495523,2532.86718740128,4682.528645964339,1.9168923185180604,0.999999907027142,0.00043137244749525875
queue,6,3,128,5,16,"{""attention_groups"": 160, ""barrier"": ""simd"", ""compact"": true, ""merge_unroll"": 4, ""schedule"": ""queue"", ""sgs"": 8, ""split"": true, ""task_barrier"": false, ""task_batch"": 16, ""task_grain"": ""tile"", ""tn"": 16, ""workers"": 40}",630.7864584960043,748.2291664928198,1053.8437499199063,1.6706822661231586,0.9999996342805897,0.0008553135086635376
queue,7,3,8192,5,16,"{""attention_groups"": 160, ""barrier"": ""simd"", ""compact"": true, ""merge_unroll"": 4, ""schedule"": ""queue"", ""sgs"": 8, ""split"": true, ""task_barrier"": false, ""task_batch"": 16, ""task_grain"": ""tile"", ""tn"": 16, ""workers"": 40}",1066.523437621072,1124.9270834960043,3071.7604167293757,2.880162130877381,0.9999998948697897,0.00045854190688862797
queue,8,3,32768,5,16,"{""attention_groups"": 160, ""barrier"": ""simd"", ""compact"": true, ""merge_unroll"": 4, ""schedule"": ""queue"", ""sgs"": 8, ""split"": true, ""task_barrier"": false, ""task_batch"": 16, ""task_grain"": ""tile"", ""tn"": 16, ""workers"": 40}",2442.971354117617,2529.5963543467224,10037.729166680947,4.10881983931674,0.999999907027142,0.00043137244749525875
queue,9,3,128,5,16,"{""attention_groups"": 160, ""barrier"": ""simd"", ""compact"": true, ""merge_unroll"": 4, ""schedule"": ""interleave"", ""sgs"": 8, ""split"": true, ""task_barrier"": false, ""task_grain"": ""tile"", ""tn"": 16, ""workers"": 40}",630.9192709159106,747.846354264766,905.4270833730698,1.4350918177830485,0.9999996342805897,0.0008553135086635376
queue,10,3,8192,5,16,"{""attention_groups"": 160, ""barrier"": ""simd"", ""compact"": true, ""merge_unroll"": 4, ""schedule"": ""interleave"", ""sgs"": 8, ""split"": true, ""task_barrier"": false, ""task_grain"": ""tile"", ""tn"": 16, ""workers"": 40}",1067.1953125856817,1124.4583332445472,1999.0598957519978,1.8731902887659093,0.9999998948697897,0.00045854190688862797
queue,11,3,32768,5,16,"{""attention_groups"": 160, ""barrier"": ""simd"", ""compact"": true, ""merge_unroll"": 4, ""schedule"": ""interleave"", ""sgs"": 8, ""split"": true, ""task_barrier"": false, ""task_grain"": ""tile"", ""tn"": 16, ""workers"": 40}",2447.4244792945683,2530.4166665300727,6005.541666876525,2.453821034186733,0.999999907027142,0.00043137244749525875
queue,12,3,128,5,16,"{""attention_groups"": 160, ""barrier"": ""simd"", ""compact"": true, ""merge_unroll"": 4, ""sgs"": 8, ""split"": true, ""task_barrier"": false, ""tn"": 16, ""workers"": 80}",632.3203125502914,635.7421875,646.2031251285225,1.0219553481086803,0.9999996342805897,0.0008553135086635376
queue,13,3,8192,5,16,"{""attention_groups"": 160, ""barrier"": ""simd"", ""compact"": true, ""merge_unroll"": 4, ""sgs"": 8, ""split"": true, ""task_barrier"": false, ""tn"": 16, ""workers"": 80}",1065.6276042573154,1053.0833336524665,1122.9192707687616,1.0537633093235939,0.9999998948697897,0.00045854190688862797
queue,14,3,32768,5,16,"{""attention_groups"": 160, ""barrier"": ""simd"", ""compact"": true, ""merge_unroll"": 4, ""sgs"": 8, ""split"": true, ""task_barrier"": false, ""tn"": 16, ""workers"": 80}",2445.9375001024455,2466.2500000558794,2565.3932290151715,1.0488384224485388,0.999999907027142,0.00043137244749525875
queue,15,3,128,5,16,"{""attention_groups"": 160, ""barrier"": ""simd"", ""compact"": true, ""merge_unroll"": 4, ""schedule"": ""queue"", ""sgs"": 8, ""split"": true, ""task_barrier"": false, ""task_batch"": 1, ""task_grain"": ""tile"", ""tn"": 16, ""workers"": 80}",631.3802083022892,641.4973956998438,652.3046875372529,1.0331408538940858,0.9999996342805897,0.0008553135086635376
queue,16,3,8192,5,16,"{""attention_groups"": 160, ""barrier"": ""simd"", ""compact"": true, ""merge_unroll"": 4, ""schedule"": ""queue"", ""sgs"": 8, ""split"": true, ""task_barrier"": false, ""task_batch"": 1, ""task_grain"": ""tile"", ""tn"": 16, ""workers"": 80}",1065.8255210146308,1056.6979167051613,1148.708333261311,1.0777639591213566,0.9999998948697897,0.00045854190688862797
queue,17,3,32768,5,16,"{""attention_groups"": 160, ""barrier"": ""simd"", ""compact"": true, ""merge_unroll"": 4, ""schedule"": ""queue"", ""sgs"": 8, ""split"": true, ""task_barrier"": false, ""task_batch"": 1, ""task_grain"": ""tile"", ""tn"": 16, ""workers"": 80}",2443.2395834010094,2462.046875152737,2652.9869793448597,1.0858480672009578,0.999999907027142,0.00043137244749525875
queue,18,3,128,5,16,"{""attention_groups"": 160, ""barrier"": ""simd"", ""compact"": true, ""merge_unroll"": 4, ""schedule"": ""queue"", ""sgs"": 8, ""split"": true, ""task_barrier"": false, ""task_batch"": 4, ""task_grain"": ""tile"", ""tn"": 16, ""workers"": 80}",633.9218751527369,634.1510417405516,716.0026042256504,1.1294808276700297,0.9999996342805897,0.0008553135086635376
queue,19,3,8192,5,16,"{""attention_groups"": 160, ""barrier"": ""simd"", ""compact"": true, ""merge_unroll"": 4, ""schedule"": ""queue"", ""sgs"": 8, ""split"": true, ""task_barrier"": false, ""task_batch"": 4, ""task_grain"": ""tile"", ""tn"": 16, ""workers"": 80}",1067.5807292573154,1053.026041481644,1404.8515625763685,1.3159206831634012,0.9999998948697897,0.00045854190688862797
queue,20,3,32768,5,16,"{""attention_groups"": 160, ""barrier"": ""simd"", ""compact"": true, ""merge_unroll"": 4, ""schedule"": ""queue"", ""sgs"": 8, ""split"": true, ""task_barrier"": false, ""task_batch"": 4, ""task_grain"": ""tile"", ""tn"": 16, ""workers"": 80}",2448.140624910593,2468.486979138106,3608.7473956868052,1.4740768397724693,0.999999907027142,0.00043137244749525875
queue,21,3,128,5,16,"{""attention_groups"": 160, ""barrier"": ""simd"", ""compact"": true, ""merge_unroll"": 4, ""schedule"": ""queue"", ""sgs"": 8, ""split"": true, ""task_barrier"": false, ""task_batch"": 16, ""task_grain"": ""tile"", ""tn"": 16, ""workers"": 80}",634.1328124981374,639.8593750782311,1168.125000083819,1.8420825686058473,0.9999996342805897,0.0008553135086635376
queue,22,3,8192,5,16,"{""attention_groups"": 160, ""barrier"": ""simd"", ""compact"": true, ""merge_unroll"": 4, ""schedule"": ""queue"", ""sgs"": 8, ""split"": true, ""task_barrier"": false, ""task_batch"": 16, ""task_grain"": ""tile"", ""tn"": 16, ""workers"": 80}",1068.5364585369825,1056.0963542666286,2864.6796874236315,2.680937711143605,0.9999998948697897,0.00045854190688862797
queue,23,3,32768,5,16,"{""attention_groups"": 160, ""barrier"": ""simd"", ""compact"": true, ""merge_unroll"": 4, ""schedule"": ""queue"", ""sgs"": 8, ""split"": true, ""task_barrier"": false, ""task_batch"": 16, ""task_grain"": ""tile"", ""tn"": 16, ""workers"": 80}",2448.5104167833924,2470.5755207687616,9236.729166703299,3.7723871229584507,0.999999907027142,0.00043137244749525875
queue,24,3,128,5,16,"{""attention_groups"": 160, ""barrier"": ""simd"", ""compact"": true, ""merge_unroll"": 4, ""schedule"": ""interleave"", ""sgs"": 8, ""split"": true, ""task_barrier"": false, ""task_grain"": ""tile"", ""tn"": 16, ""workers"": 80}",632.4218749068677,634.7604163456708,721.3697917759418,1.1406464899433986,0.9999996342805897,0.0008553135086635376
queue,25,3,8192,5,16,"{""attention_groups"": 160, ""barrier"": ""simd"", ""compact"": true, ""merge_unroll"": 4, ""schedule"": ""interleave"", ""sgs"": 8, ""split"": true, ""task_barrier"": false, ""task_grain"": ""tile"", ""tn"": 16, ""workers"": 80}",1066.7708334513009,1053.7395833525807,1364.9557291064411,1.2795210426689574,0.9999998948697897,0.00045854190688862797
queue,26,3,32768,5,16,"{""attention_groups"": 160, ""barrier"": ""simd"", ""compact"": true, ""merge_unroll"": 4, ""schedule"": ""interleave"", ""sgs"": 8, ""split"": true, ""task_barrier"": false, ""task_grain"": ""tile"", ""tn"": 16, ""workers"": 80}",2446.536458330229,2470.606771064922,3729.7109374776483,1.52448614643707,0.999999907027142,0.00043137244749525875
queue,27,3,128,5,16,"{""attention_groups"": 320, ""barrier"": ""simd"", ""compact"": true, ""merge_unroll"": 4, ""sgs"": 4, ""split"": true, ""task_barrier"": false, ""tn"": 16, ""workers"": 80}",634.6223957370967,759.8619794007391,792.5781249068677,1.248897187100228,0.9999996265052908,0.00086438796417499
queue,28,3,8192,5,16,"{""attention_groups"": 320, ""barrier"": ""simd"", ""compact"": true, ""merge_unroll"": 4, ""sgs"": 4, ""split"": true, ""task_barrier"": false, ""tn"": 16, ""workers"": 80}",1067.2031249850988,1203.7239582277834,1416.010416811332,1.3268424573167397,0.9999998928091576,0.0004630137270387099
queue,29,3,32768,5,16,"{""attention_groups"": 320, ""barrier"": ""simd"", ""compact"": true, ""merge_unroll"": 4, ""sgs"": 4, ""split"": true, ""task_barrier"": false, ""tn"": 16, ""workers"": 80}",2446.682291571051,2477.218749932945,3329.408854013309,1.3607851192953402,0.9999999018887432,0.00044313072788500717
queue,30,3,128,5,16,"{""attention_groups"": 320, ""barrier"": ""simd"", ""compact"": true, ""merge_unroll"": 4, ""schedule"": ""queue"", ""sgs"": 4, ""split"": true, ""task_barrier"": false, ""task_batch"": 1, ""task_grain"": ""tile"", ""tn"": 16, ""workers"": 80}",633.2916666287929,759.5546874217689,798.067708266899,1.2601898150898778,0.9999996265052908,0.00086438796417499
queue,31,3,8192,5,16,"{""attention_groups"": 320, ""barrier"": ""simd"", ""compact"": true, ""merge_unroll"": 4, ""schedule"": ""queue"", ""sgs"": 4, ""split"": true, ""task_barrier"": false, ""task_batch"": 1, ""task_grain"": ""tile"", ""tn"": 16, ""workers"": 80}",1070.156249916181,1202.5937500875443,1426.1328123975545,1.3326398014395142,0.9999998928091576,0.0004630137270387099
queue,32,3,32768,5,16,"{""attention_groups"": 320, ""barrier"": ""simd"", ""compact"": true, ""merge_unroll"": 4, ""schedule"": ""queue"", ""sgs"": 4, ""split"": true, ""task_barrier"": false, ""task_batch"": 1, ""task_grain"": ""tile"", ""tn"": 16, ""workers"": 80}",2445.7005206495523,2477.6380208786577,3387.3437501024455,1.3850198425777833,0.9999999018887432,0.00044313072788500717
queue,33,3,128,5,16,"{""attention_groups"": 320, ""barrier"": ""simd"", ""compact"": true, ""merge_unroll"": 4, ""schedule"": ""queue"", ""sgs"": 4, ""split"": true, ""task_barrier"": false, ""task_batch"": 4, ""task_grain"": ""tile"", ""tn"": 16, ""workers"": 80}",632.9244789667428,761.315104085952,881.489583523944,1.392724744922154,0.9999996265052908,0.00086438796417499
queue,34,3,8192,5,16,"{""attention_groups"": 320, ""barrier"": ""simd"", ""compact"": true, ""merge_unroll"": 4, ""schedule"": ""queue"", ""sgs"": 4, ""split"": true, ""task_barrier"": false, ""task_batch"": 4, ""task_grain"": ""tile"", ""tn"": 16, ""workers"": 80}",1071.4062498882413,1207.5156250502914,1653.7630206439644,1.5435443099351613,0.9999998928091576,0.0004630137270387099
queue,35,3,32768,5,16,"{""attention_groups"": 320, ""barrier"": ""simd"", ""compact"": true, ""merge_unroll"": 4, ""schedule"": ""queue"", ""sgs"": 4, ""split"": true, ""task_barrier"": false, ""task_batch"": 4, ""task_grain"": ""tile"", ""tn"": 16, ""workers"": 80}",2445.5781248398125,2478.723958367482,4218.848958378658,1.7250926950677545,0.9999999018887432,0.00044313072788500717
queue,36,3,128,5,16,"{""attention_groups"": 320, ""barrier"": ""simd"", ""compact"": true, ""merge_unroll"": 4, ""schedule"": ""queue"", ""sgs"": 4, ""split"": true, ""task_barrier"": false, ""task_batch"": 16, ""task_grain"": ""tile"", ""tn"": 16, ""workers"": 80}",633.8072917424142,764.6015624050051,1589.5494793076068,2.507938138322359,0.9999996265052908,0.00086438796417499
queue,37,3,8192,5,16,"{""attention_groups"": 320, ""barrier"": ""simd"", ""compact"": true, ""merge_unroll"": 4, ""schedule"": ""queue"", ""sgs"": 4, ""split"": true, ""task_barrier"": false, ""task_batch"": 16, ""task_grain"": ""tile"", ""tn"": 16, ""workers"": 80}",1068.9557292498648,1203.5156248603016,3275.531250052154,3.0642347109648256,0.9999998928091576,0.0004630137270387099
queue,38,3,32768,5,16,"{""attention_groups"": 320, ""barrier"": ""simd"", ""compact"": true, ""merge_unroll"": 4, ""schedule"": ""queue"", ""sgs"": 4, ""split"": true, ""task_barrier"": false, ""task_batch"": 16, ""task_grain"": ""tile"", ""tn"": 16, ""workers"": 80}",2444.6510418783873,2478.466146159917,9435.48177066259,3.859643609262402,0.9999999018887432,0.00044313072788500717
queue,39,3,128,5,16,"{""attention_groups"": 320, ""barrier"": ""simd"", ""compact"": true, ""merge_unroll"": 4, ""schedule"": ""interleave"", ""sgs"": 4, ""split"": true, ""task_barrier"": false, ""task_grain"": ""tile"", ""tn"": 16, ""workers"": 80}",632.4869792442769,760.0833331234753,892.6432291045785,1.4113226965891814,0.9999996265052908,0.00086438796417499
queue,40,3,8192,5,16,"{""attention_groups"": 320, ""barrier"": ""simd"", ""compact"": true, ""merge_unroll"": 4, ""schedule"": ""interleave"", ""sgs"": 4, ""split"": true, ""task_barrier"": false, ""task_grain"": ""tile"", ""tn"": 16, ""workers"": 80}",1070.5625000409782,1203.653645934537,1768.4453125111759,1.6518842313676079,0.9999998928091576,0.0004630137270387099
queue,41,3,32768,5,16,"{""attention_groups"": 320, ""barrier"": ""simd"", ""compact"": true, ""merge_unroll"": 4, ""schedule"": ""interleave"", ""sgs"": 4, ""split"": true, ""task_barrier"": false, ""task_grain"": ""tile"", ""tn"": 16, ""workers"": 80}",2446.242187405005,2478.1718750018626,5072.390625020489,2.0735439242838525,0.9999999018887432,0.00044313072788500717
queue,42,3,128,5,16,"{""attention_groups"": 320, ""barrier"": ""simd"", ""compact"": true, ""merge_unroll"": 4, ""schedule"": ""queue"", ""sgs"": 4, ""split"": true, ""task_barrier"": false, ""task_batch"": 1, ""task_grain"": ""tile"", ""tn"": 16, ""workers"": 120}",634.0156251098961,687.8697916399688,706.4114585518837,1.1141861975869112,0.9999996265052908,0.00086438796417499
queue,43,3,8192,5,16,"{""attention_groups"": 320, ""barrier"": ""simd"", ""compact"": true, ""merge_unroll"": 4, ""schedule"": ""queue"", ""sgs"": 4, ""split"": true, ""task_barrier"": false, ""task_batch"": 1, ""task_grain"": ""tile"", ""tn"": 16, ""workers"": 120}",1066.7864584829658,1125.2213541883975,1205.5598958395422,1.1300854882934308,0.9999998928091576,0.0004630137270387099
queue,44,3,32768,5,16,"{""attention_groups"": 320, ""barrier"": ""simd"", ""compact"": true, ""merge_unroll"": 4, ""schedule"": ""queue"", ""sgs"": 4, ""split"": true, ""task_barrier"": false, ""task_batch"": 1, ""task_grain"": ""tile"", ""tn"": 16, ""workers"": 120}",2446.916666580364,2401.572916889563,2750.7187500596046,1.124157102539913,0.9999999018887432,0.00044313072788500717
queue,45,3,128,5,16,"{""attention_groups"": 320, ""barrier"": ""simd"", ""compact"": true, ""merge_unroll"": 4, ""schedule"": ""queue"", ""sgs"": 4, ""split"": true, ""task_barrier"": false, ""task_batch"": 4, ""task_grain"": ""tile"", ""tn"": 16, ""workers"": 120}",634.8072914406657,690.5026040039957,814.6041666623205,1.2832306396695825,0.9999996265052908,0.00086438796417499
queue,46,3,8192,5,16,"{""attention_groups"": 320, ""barrier"": ""simd"", ""compact"": true, ""merge_unroll"": 4, ""schedule"": ""queue"", ""sgs"": 4, ""split"": true, ""task_barrier"": false, ""task_batch"": 4, ""task_grain"": ""tile"", ""tn"": 16, ""workers"": 120}",1067.6119790878147,1128.41927097179,1521.6380208730698,1.4252725247361708,0.9999998928091576,0.0004630137270387099
queue,47,3,32768,5,16,"{""attention_groups"": 320, ""barrier"": ""simd"", ""compact"": true, ""merge_unroll"": 4, ""schedule"": ""queue"", ""sgs"": 4, ""split"": true, ""task_barrier"": false, ""task_batch"": 4, ""task_grain"": ""tile"", ""tn"": 16, ""workers"": 120}",2449.8750001657754,2398.0416667182,3722.7786460425705,1.5195790176195363,0.9999999018887432,0.00044313072788500717
queue,48,3,128,5,16,"{""attention_groups"": 320, ""barrier"": ""simd"", ""compact"": true, ""merge_unroll"": 4, ""schedule"": ""queue"", ""sgs"": 4, ""split"": true, ""task_barrier"": false, ""task_batch"": 16, ""task_grain"": ""tile"", ""tn"": 16, ""workers"": 120}",634.765625,693.6536459252238,1652.182291727513,2.6028225641984206,0.9999996265052908,0.00086438796417499
queue,49,3,8192,5,16,"{""attention_groups"": 320, ""barrier"": ""simd"", ""compact"": true, ""merge_unroll"": 4, ""schedule"": ""queue"", ""sgs"": 4, ""split"": true, ""task_barrier"": false, ""task_batch"": 16, ""task_grain"": ""tile"", ""tn"": 16, ""workers"": 120}",1070.4921875149012,1128.6015624646097,3200.0885414890945,2.9893618830773105,0.9999998928091576,0.0004630137270387099
queue,50,3,32768,5,16,"{""attention_groups"": 320, ""barrier"": ""simd"", ""compact"": true, ""merge_unroll"": 4, ""schedule"": ""queue"", ""sgs"": 4, ""split"": true, ""task_barrier"": false, ""task_batch"": 16, ""task_grain"": ""tile"", ""tn"": 16, ""workers"": 120}",2450.9895832743496,2402.645833324641,9072.59895815514,3.7016064939920255,0.9999999018887432,0.00044313072788500717
queue,51,3,128,5,16,"{""attention_groups"": 320, ""barrier"": ""simd"", ""compact"": true, ""merge_unroll"": 4, ""schedule"": ""interleave"", ""sgs"": 4, ""split"": true, ""task_barrier"": false, ""task_grain"": ""tile"", ""tn"": 16, ""workers"": 120}",635.0989581551403,689.8515624925494,773.5703126527369,1.218031147303144,0.9999996265052908,0.00086438796417499
queue,52,3,8192,5,16,"{""attention_groups"": 320, ""barrier"": ""simd"", ""compact"": true, ""merge_unroll"": 4, ""schedule"": ""interleave"", ""sgs"": 4, ""split"": true, ""task_barrier"": false, ""task_grain"": ""tile"", ""tn"": 16, ""workers"": 120}",1069.4947917945683,1128.1197918578982,1446.830729022622,1.3528169937086834,0.9999998928091576,0.0004630137270387099
queue,53,3,32768,5,16,"{""attention_groups"": 320, ""barrier"": ""simd"", ""compact"": true, ""merge_unroll"": 4, ""schedule"": ""interleave"", ""sgs"": 4, ""split"": true, ""task_barrier"": false, ""task_grain"": ""tile"", ""tn"": 16, ""workers"": 120}",2448.752604192123,2400.096354074776,3983.476562425494,1.6267370397507745,0.9999999018887432,0.00044313072788500717
queue,54,3,128,5,16,"{""attention_groups"": 320, ""barrier"": ""simd"", ""compact"": true, ""merge_unroll"": 4, ""sgs"": 4, ""split"": true, ""task_barrier"": false, ""tn"": 16, ""workers"": 160}",634.3906249385327,657.7031249180436,673.4505209606141,1.0615707333724642,0.9999996265052908,0.00086438796417499
queue,55,3,8192,5,16,"{""attention_groups"": 320, ""barrier"": ""simd"", ""compact"": true, ""merge_unroll"": 4, ""sgs"": 4, ""split"": true, ""task_barrier"": false, ""tn"": 16, ""workers"": 160}",1070.3854165039957,1106.2161459121853,1101.7447917256504,1.0292972743631712,0.9999998928091576,0.0004630137270387099
queue,56,3,32768,5,16,"{""attention_groups"": 320, ""barrier"": ""simd"", ""compact"": true, ""merge_unroll"": 4, ""sgs"": 4, ""split"": true, ""task_barrier"": false, ""tn"": 16, ""workers"": 160}",2449.007812421769,2371.5416667982936,2394.9609375558794,0.9779311137384883,0.9999999018887432,0.00044313072788500717
queue,57,3,128,5,16,"{""attention_groups"": 320, ""barrier"": ""simd"", ""compact"": true, ""merge_unroll"": 4, ""schedule"": ""queue"", ""sgs"": 4, ""split"": true, ""task_barrier"": false, ""task_batch"": 1, ""task_grain"": ""tile"", ""tn"": 16, ""workers"": 160}",635.1067707873881,660.1666666101664,665.4505208134651,1.0477773996779434,0.9999996265052908,0.00086438796417499
queue,58,3,8192,5,16,"{""attention_groups"": 320, ""barrier"": ""simd"", ""compact"": true, ""merge_unroll"": 4, ""schedule"": ""queue"", ""sgs"": 4, ""split"": true, ""task_barrier"": false, ""task_batch"": 1, ""task_grain"": ""tile"", ""tn"": 16, ""workers"": 160}",1069.2552083637565,1104.6875000465661,1098.0260416399688,1.026907358553099,0.9999998928091576,0.0004630137270387099
queue,59,3,32768,5,16,"{""attention_groups"": 320, ""barrier"": ""simd"", ""compact"": true, ""merge_unroll"": 4, ""schedule"": ""queue"", ""sgs"": 4, ""split"": true, ""task_barrier"": false, ""task_batch"": 1, ""task_grain"": ""tile"", ""tn"": 16, ""workers"": 160}",2451.473958324641,2373.5208332072943,2446.5156248770654,0.9979774072529964,0.9999999018887432,0.00044313072788500717
queue,60,3,128,5,16,"{""attention_groups"": 320, ""barrier"": ""simd"", ""compact"": true, ""merge_unroll"": 4, ""schedule"": ""queue"", ""sgs"": 4, ""split"": true, ""task_barrier"": false, ""task_batch"": 4, ""task_grain"": ""tile"", ""tn"": 16, ""workers"": 160}",635.6015624478459,660.4166668839753,769.848958356306,1.2112131307409675,0.9999996265052908,0.00086438796417499
queue,61,3,8192,5,16,"{""attention_groups"": 320, ""barrier"": ""simd"", ""compact"": true, ""merge_unroll"": 4, ""schedule"": ""queue"", ""sgs"": 4, ""split"": true, ""task_barrier"": false, ""task_batch"": 4, ""task_grain"": ""tile"", ""tn"": 16, ""workers"": 160}",1070.3906251583248,1106.6979167517275,1417.9895832203329,1.3247402862955695,0.9999998928091576,0.0004630137270387099
queue,62,3,32768,5,16,"{""attention_groups"": 320, ""barrier"": ""simd"", ""compact"": true, ""merge_unroll"": 4, ""schedule"": ""queue"", ""sgs"": 4, ""split"": true, ""task_barrier"": false, ""task_batch"": 4, ""task_grain"": ""tile"", ""tn"": 16, ""workers"": 160}",2450.8906251285225,2377.2734373342246,3467.302083503455,1.4147110637879374,0.9999999018887432,0.00044313072788500717
queue,63,3,128,5,16,"{""attention_groups"": 320, ""barrier"": ""simd"", ""compact"": true, ""merge_unroll"": 4, ""schedule"": ""queue"", ""sgs"": 4, ""split"": true, ""task_barrier"": false, ""task_batch"": 16, ""task_grain"": ""tile"", ""tn"": 16, ""workers"": 160}",634.322916623205,658.6406251881272,1743.7057292554528,2.7489243783560697,0.9999996265052908,0.00086438796417499
queue,64,3,8192,5,16,"{""attention_groups"": 320, ""barrier"": ""simd"", ""compact"": true, ""merge_unroll"": 4, ""schedule"": ""queue"", ""sgs"": 4, ""split"": true, ""task_barrier"": false, ""task_batch"": 16, ""task_grain"": ""tile"", ""tn"": 16, ""workers"": 160}",1070.0442707166076,1107.8046874608845,3281.4296872820705,3.066629836805257,0.9999998928091576,0.0004630137270387099
queue,65,3,32768,5,16,"{""attention_groups"": 320, ""barrier"": ""simd"", ""compact"": true, ""merge_unroll"": 4, ""schedule"": ""queue"", ""sgs"": 4, ""split"": true, ""task_barrier"": false, ""task_batch"": 16, ""task_grain"": ""tile"", ""tn"": 16, ""workers"": 160}",2447.309895651415,2370.0755208265036,9004.421875113621,3.6793141281835338,0.9999999018887432,0.00044313072788500717
queue,66,3,128,5,16,"{""attention_groups"": 320, ""barrier"": ""simd"", ""compact"": true, ""merge_unroll"": 4, ""schedule"": ""interleave"", ""sgs"": 4, ""split"": true, ""task_barrier"": false, ""task_grain"": ""tile"", ""tn"": 16, ""workers"": 160}",635.4374999646097,659.7187500447035,722.9817709885538,1.1377700734199976,0.9999996265052908,0.00086438796417499
queue,67,3,8192,5,16,"{""attention_groups"": 320, ""barrier"": ""simd"", ""compact"": true, ""merge_unroll"": 4, ""schedule"": ""interleave"", ""sgs"": 4, ""split"": true, ""task_barrier"": false, ""task_grain"": ""tile"", ""tn"": 16, ""workers"": 160}",1070.5104167573154,1105.7500001043081,1271.4791663456708,1.1877317085779606,0.9999998928091576,0.0004630137270387099
queue,68,3,32768,5,16,"{""attention_groups"": 320, ""barrier"": ""simd"", ""compact"": true, ""merge_unroll"": 4, ""schedule"": ""interleave"", ""sgs"": 4, ""split"": true, ""task_barrier"": false, ""task_grain"": ""tile"", ""tn"": 16, ""workers"": 160}",2449.080729391426,2370.6249999813735,3318.942708428949,1.355178973317746,0.9999999018887432,0.00044313072788500717
adaptive,0,3,128,5,16,"{""attention_groups"": 160, ""barrier"": ""simd"", ""compact"": true, ""merge_unroll"": 4, ""sgs"": 8, ""split"": true, ""task_barrier"": false, ""tn"": 16, ""workers"": 80}",631.0234374832362,637.981770792976,645.3151041641831,1.0226483928044696,0.9999996342805897,0.0008553135086635376
adaptive,1,3,8192,5,16,"{""attention_groups"": 160, ""barrier"": ""simd"", ""compact"": true, ""merge_unroll"": 4, ""sgs"": 8, ""split"": true, ""task_barrier"": false, ""tn"": 16, ""workers"": 80}",1066.2994792219251,1054.950520861894,1121.4609376620501,1.0517316753079313,0.9999998948697897,0.00045854190688862797
adaptive,2,3,32768,5,16,"{""attention_groups"": 160, ""barrier"": ""simd"", ""compact"": true, ""merge_unroll"": 4, ""sgs"": 8, ""split"": true, ""task_barrier"": false, ""tn"": 16, ""workers"": 80}",2446.072916733101,2462.5234375707805,2567.695312667638,1.0497214923980975,0.999999907027142,0.00043137244749525875
adaptive,3,3,128,5,16,"{""attention_groups"": 160, ""attention_task_tiles"": 1, ""barrier"": ""simd"", ""compact"": true, ""merge_unroll"": 4, ""schedule"": ""queue"", ""sgs"": 8, ""split"": true, ""task_barrier"": false, ""task_batch"": 1, ""task_grain"": ""tile"", ""tn"": 16, ""workers"": 80}",628.6406251601875,636.4843749906868,651.2187500484288,1.0359157903332894,0.9999996342805897,0.0008553135086635376
adaptive,4,3,8192,5,16,"{""attention_groups"": 160, ""attention_task_tiles"": 1, ""barrier"": ""simd"", ""compact"": true, ""merge_unroll"": 4, ""schedule"": ""queue"", ""sgs"": 8, ""split"": true, ""task_barrier"": false, ""task_batch"": 1, ""task_grain"": ""tile"", ""tn"": 16, ""workers"": 80}",1065.268229227513,1053.901041392237,1152.5208335369825,1.0819066990975046,0.9999998948697897,0.00045854190688862797
adaptive,5,3,32768,5,16,"{""attention_groups"": 160, ""attention_task_tiles"": 1, ""barrier"": ""simd"", ""compact"": true, ""merge_unroll"": 4, ""schedule"": ""queue"", ""sgs"": 8, ""split"": true, ""task_barrier"": false, ""task_batch"": 1, ""task_grain"": ""tile"", ""tn"": 16, ""workers"": 80}",2448.3593748882413,2462.8593751695007,2654.1692707687616,1.084060329537985,0.999999907027142,0.00043137244749525875
adaptive,6,3,128,5,16,"{""attention_groups"": 160, ""attention_task_tiles"": 3, ""barrier"": ""simd"", ""compact"": true, ""merge_unroll"": 4, ""schedule"": ""queue"", ""sgs"": 8, ""split"": true, ""task_barrier"": false, ""task_batch"": 1, ""task_grain"": ""tile"", ""tn"": 16, ""workers"": 80}",628.2135415822268,637.7734374254942,650.1953124534339,1.0349909217426985,0.9999996342805897,0.0008553135086635376
adaptive,7,3,8192,5,16,"{""attention_groups"": 160, ""attention_task_tiles"": 3, ""barrier"": ""simd"", ""compact"": true, ""merge_unroll"": 4, ""schedule"": ""queue"", ""sgs"": 8, ""split"": true, ""task_barrier"": false, ""task_batch"": 1, ""task_grain"": ""tile"", ""tn"": 16, ""workers"": 80}",1063.4010415524244,1058.291666675359,1108.0963544081897,1.0420305332694766,0.9999998948697897,0.00045854190688862797
adaptive,8,3,32768,5,16,"{""attention_groups"": 160, ""attention_task_tiles"": 3, ""barrier"": ""simd"", ""compact"": true, ""merge_unroll"": 4, ""schedule"": ""queue"", ""sgs"": 8, ""split"": true, ""task_barrier"": false, ""task_batch"": 1, ""task_grain"": ""tile"", ""tn"": 16, ""workers"": 80}",2445.653645787388,2462.052083341405,2476.692708209157,1.0126915201076134,0.999999907027142,0.00043137244749525875
adaptive,9,3,128,5,16,"{""attention_groups"": 160, ""attention_task_tiles"": 8, ""barrier"": ""simd"", ""compact"": true, ""merge_unroll"": 4, ""schedule"": ""queue"", ""sgs"": 8, ""split"": true, ""task_barrier"": false, ""task_batch"": 1, ""task_grain"": ""tile"", ""tn"": 16, ""workers"": 80}",628.8671875372529,638.3411455899477,650.7239581551403,1.0347557815879727,0.9999996342805897,0.0008553135086635376
adaptive,10,3,8192,5,16,"{""attention_groups"": 160, ""attention_task_tiles"": 8, ""barrier"": ""simd"", ""compact"": true, ""merge_unroll"": 4, ""schedule"": ""queue"", ""sgs"": 8, ""split"": true, ""task_barrier"": false, ""task_batch"": 1, ""task_grain"": ""tile"", ""tn"": 16, ""workers"": 80}",1065.5833333730698,1053.6093751434237,1134.7239583265036,1.0648852349581814,0.9999998948697897,0.00045854190688862797
adaptive,11,3,32768,5,16,"{""attention_groups"": 160, ""attention_task_tiles"": 8, ""barrier"": ""simd"", ""compact"": true, ""merge_unroll"": 4, ""schedule"": ""queue"", ""sgs"": 8, ""split"": true, ""task_barrier"": false, ""task_batch"": 1, ""task_grain"": ""tile"", ""tn"": 16, ""workers"": 80}",2451.552083250135,2456.8541669286788,2530.437499983236,1.0321777445692768,0.999999907027142,0.00043137244749525875
adaptive,12,3,128,5,16,"{""attention_groups"": 160, ""attention_task_tiles"": 16, ""barrier"": ""simd"", ""compact"": true, ""merge_unroll"": 4, ""schedule"": ""queue"", ""sgs"": 8, ""split"": true, ""task_barrier"": false, ""task_batch"": 1, ""task_grain"": ""tile"", ""tn"": 16, ""workers"": 80}",632.6692707370967,635.0286456290632,653.0104167759418,1.0321513102970001,0.9999996342805897,0.0008553135086635376
adaptive,13,3,8192,5,16,"{""attention_groups"": 160, ""attention_task_tiles"": 16, ""barrier"": ""simd"", ""compact"": true, ""merge_unroll"": 4, ""schedule"": ""queue"", ""sgs"": 8, ""split"": true, ""task_barrier"": false, ""task_batch"": 1, ""task_grain"": ""tile"", ""tn"": 16, ""workers"": 80}",1066.6979167144746,1054.4921874534339,1127.739583607763,1.0572248861995552,0.9999998948697897,0.00045854190688862797
adaptive,14,3,32768,5,16,"{""attention_groups"": 160, ""attention_task_tiles"": 16, ""barrier"": ""simd"", ""compact"": true, ""merge_unroll"": 4, ""schedule"": ""queue"", ""sgs"": 8, ""split"": true, ""task_barrier"": false, ""task_batch"": 1, ""task_grain"": ""tile"", ""tn"": 16, ""workers"": 80}",2449.320312589407,2463.0911459680647,2515.942708356306,1.0272003606161524,0.999999907027142,0.00043137244749525875
adaptive,15,3,128,5,16,"{""attention_groups"": 160, ""attention_task_tiles"": 32, ""barrier"": ""simd"", ""compact"": true, ""merge_unroll"": 4, ""schedule"": ""queue"", ""sgs"": 8, ""split"": true, ""task_barrier"": false, ""task_batch"": 1, ""task_grain"": ""tile"", ""tn"": 16, ""workers"": 80}",629.42447909154,639.5052082370967,653.466145740822,1.0381962688899258,0.9999996342805897,0.0008553135086635376
adaptive,16,3,8192,5,16,"{""attention_groups"": 160, ""attention_task_tiles"": 32, ""barrier"": ""simd"", ""compact"": true, ""merge_unroll"": 4, ""schedule"": ""queue"", ""sgs"": 8, ""split"": true, ""task_barrier"": false, ""task_batch"": 1, ""task_grain"": ""tile"", ""tn"": 16, ""workers"": 80}",1067.6692705601454,1055.2682289853692,1163.8723958749324,1.090105735893583,0.9999998948697897,0.00045854190688862797
adaptive,17,3,32768,5,16,"{""attention_groups"": 160, ""attention_task_tiles"": 32, ""barrier"": ""simd"", ""compact"": true, ""merge_unroll"": 4, ""schedule"": ""queue"", ""sgs"": 8, ""split"": true, ""task_barrier"": false, ""task_batch"": 1, ""task_grain"": ""tile"", ""tn"": 16, ""workers"": 80}",2449.6223956812173,2468.0885418783873,2575.791666749865,1.0515055999206608,0.999999907027142,0.00043137244749525875
adaptive,18,3,128,5,16,"{""attention_groups"": 160, ""attention_task_tiles"": 1, ""barrier"": ""simd"", ""compact"": true, ""merge_unroll"": 4, ""scalar_sgs"": 1, ""schedule"": ""queue"", ""sgs"": 8, ""split"": true, ""task_barrier"": false, ""task_batch"": 1, ""task_grain"": ""tile"", ""tn"": 16, ""workers"": 80}",630.7760418858379,636.3437499385327,659.5963542349637,1.0456902457217008,0.9999996342805897,0.0008553135086635376
adaptive,19,3,8192,5,16,"{""attention_groups"": 160, ""attention_task_tiles"": 1, ""barrier"": ""simd"", ""compact"": true, ""merge_unroll"": 4, ""scalar_sgs"": 1, ""schedule"": ""queue"", ""sgs"": 8, ""split"": true, ""task_barrier"": false, ""task_batch"": 1, ""task_grain"": ""tile"", ""tn"": 16, ""workers"": 80}",1065.5989584047347,1054.9869793467224,1254.9765626899898,1.1777193969565856,0.9999998948697897,0.00045854190688862797
adaptive,20,3,32768,5,16,"{""attention_groups"": 160, ""attention_task_tiles"": 1, ""barrier"": ""simd"", ""compact"": true, ""merge_unroll"": 4, ""scalar_sgs"": 1, ""schedule"": ""queue"", ""sgs"": 8, ""split"": true, ""task_barrier"": false, ""task_batch"": 1, ""task_grain"": ""tile"", ""tn"": 16, ""workers"": 80}",2450.4244790878147,2459.3802082818,3163.221354363486,1.290887101952644,0.999999907027142,0.00043137244749525875
adaptive,21,3,128,5,16,"{""attention_groups"": 160, ""attention_task_tiles"": 8, ""barrier"": ""simd"", ""compact"": true, ""merge_unroll"": 4, ""scalar_sgs"": 1, ""schedule"": ""queue"", ""sgs"": 8, ""split"": true, ""task_barrier"": false, ""task_batch"": 1, ""task_grain"": ""tile"", ""tn"": 16, ""workers"": 80}",631.3828125130385,635.0026039872319,661.2161458469927,1.0472507846946468,0.9999996342805897,0.0008553135086635376
adaptive,22,3,8192,5,16,"{""attention_groups"": 160, ""attention_task_tiles"": 8, ""barrier"": ""simd"", ""compact"": true, ""merge_unroll"": 4, ""scalar_sgs"": 1, ""schedule"": ""queue"", ""sgs"": 8, ""split"": true, ""task_barrier"": false, ""task_batch"": 1, ""task_grain"": ""tile"", ""tn"": 16, ""workers"": 80}",1066.9062500819564,1054.127604002133,1246.6223957017064,1.168446051943125,0.9999998948697897,0.00045854190688862797
adaptive,23,3,32768,5,16,"{""attention_groups"": 160, ""attention_task_tiles"": 8, ""barrier"": ""simd"", ""compact"": true, ""merge_unroll"": 4, ""scalar_sgs"": 1, ""schedule"": ""queue"", ""sgs"": 8, ""split"": true, ""task_barrier"": false, ""task_batch"": 1, ""task_grain"": ""tile"", ""tn"": 16, ""workers"": 80}",2452.526041539386,2451.1510415468365,3047.489583492279,1.2425921404608002,0.999999907027142,0.00043137244749525875
adaptive,24,3,128,5,16,"{""attention_groups"": 160, ""attention_task_tiles"": 32, ""barrier"": ""simd"", ""compact"": true, ""merge_unroll"": 4, ""scalar_sgs"": 1, ""schedule"": ""queue"", ""sgs"": 8, ""split"": true, ""task_barrier"": false, ""task_batch"": 1, ""task_grain"": ""tile"", ""tn"": 16, ""workers"": 80}",632.5312501285225,639.1770832706243,659.4765624031425,1.0425991795174467,0.9999996342805897,0.0008553135086635376
adaptive,25,3,8192,5,16,"{""attention_groups"": 160, ""attention_task_tiles"": 32, ""barrier"": ""simd"", ""compact"": true, ""merge_unroll"": 4, ""scalar_sgs"": 1, ""schedule"": ""queue"", ""sgs"": 8, ""split"": true, ""task_barrier"": false, ""task_batch"": 1, ""task_grain"": ""tile"", ""tn"": 16, ""workers"": 80}",1066.997396061197,1052.5625001173466,1277.7343748603016,1.1975046795587663,0.9999998948697897,0.00045854190688862797
adaptive,26,3,32768,5,16,"{""attention_groups"": 160, ""attention_task_tiles"": 32, ""barrier"": ""simd"", ""compact"": true, ""merge_unroll"": 4, ""scalar_sgs"": 1, ""schedule"": ""queue"", ""sgs"": 8, ""split"": true, ""task_barrier"": false, ""task_batch"": 1, ""task_grain"": ""tile"", ""tn"": 16, ""workers"": 80}",2446.945312432945,2454.9557289574295,3108.5807292256504,1.2703924004475833,0.999999907027142,0.00043137244749525875
adaptive,27,3,128,5,16,"{""attention_groups"": 160, ""attention_task_tiles"": 1, ""barrier"": ""simd"", ""compact"": true, ""merge_unroll"": 4, ""scalar_sgs"": 2, ""schedule"": ""queue"", ""sgs"": 8, ""split"": true, ""task_barrier"": false, ""task_batch"": 1, ""task_grain"": ""tile"", ""tn"": 16, ""workers"": 80}",631.4583334606141,636.502604233101,654.2916668113321,1.0361596832930897,0.9999996342805897,0.0008553135086635376
adaptive,28,3,8192,5,16,"{""attention_groups"": 160, ""attention_task_tiles"": 1, ""barrier"": ""simd"", ""compact"": true, ""merge_unroll"": 4, ""scalar_sgs"": 2, ""schedule"": ""queue"", ""sgs"": 8, ""split"": true, ""task_barrier"": false, ""task_batch"": 1, ""task_grain"": ""tile"", ""tn"": 16, ""workers"": 80}",1066.9713539537042,1056.765625020489,1203.5442707128823,1.1280005468310856,0.9999998948697897,0.00045854190688862797
adaptive,29,3,32768,5,16,"{""attention_groups"": 160, ""attention_task_tiles"": 1, ""barrier"": ""simd"", ""compact"": true, ""merge_unroll"": 4, ""scalar_sgs"": 2, ""schedule"": ""queue"", ""sgs"": 8, ""split"": true, ""task_barrier"": false, ""task_batch"": 1, ""task_grain"": ""tile"", ""tn"": 16, ""workers"": 80}",2449.7161456383765,2456.679687369615,2910.294270841405,1.188012854478291,0.999999907027142,0.00043137244749525875
adaptive,30,3,128,5,16,"{""attention_groups"": 160, ""attention_task_tiles"": 8, ""barrier"": ""simd"", ""compact"": true, ""merge_unroll"": 4, ""scalar_sgs"": 2, ""schedule"": ""queue"", ""sgs"": 8, ""split"": true, ""task_barrier"": false, ""task_batch"": 1, ""task_grain"": ""tile"", ""tn"": 16, ""workers"": 80}",630.0494794268161,635.2890625130385,657.2578125633299,1.0431844387226008,0.9999996342805897,0.0008553135086635376
adaptive,31,3,8192,5,16,"{""attention_groups"": 160, ""attention_task_tiles"": 8, ""barrier"": ""simd"", ""compact"": true, ""merge_unroll"": 4, ""scalar_sgs"": 2, ""schedule"": ""queue"", ""sgs"": 8, ""split"": true, ""task_barrier"": false, ""task_batch"": 1, ""task_grain"": ""tile"", ""tn"": 16, ""workers"": 80}",1069.0885414369404,1054.5026040636003,1200.6901043932885,1.123096972659968,0.9999998948697897,0.00045854190688862797
adaptive,32,3,32768,5,16,"{""attention_groups"": 160, ""attention_task_tiles"": 8, ""barrier"": ""simd"", ""compact"": true, ""merge_unroll"": 4, ""scalar_sgs"": 2, ""schedule"": ""queue"", ""sgs"": 8, ""split"": true, ""task_barrier"": false, ""task_batch"": 1, ""task_grain"": ""tile"", ""tn"": 16, ""workers"": 80}",2449.5703123975545,2457.023437367752,2789.5703124813735,1.138799853330619,0.999999907027142,0.00043137244749525875
adaptive,33,3,128,5,16,"{""attention_groups"": 160, ""attention_task_tiles"": 32, ""barrier"": ""simd"", ""compact"": true, ""merge_unroll"": 4, ""scalar_sgs"": 2, ""schedule"": ""queue"", ""sgs"": 8, ""split"": true, ""task_barrier"": false, ""task_batch"": 1, ""task_grain"": ""tile"", ""tn"": 16, ""workers"": 80}",630.8906250633299,636.3333330955356,656.2161457259208,1.0401424900870078,0.9999996342805897,0.0008553135086635376
adaptive,34,3,8192,5,16,"{""attention_groups"": 160, ""attention_task_tiles"": 32, ""barrier"": ""simd"", ""compact"": true, ""merge_unroll"": 4, ""scalar_sgs"": 2, ""schedule"": ""queue"", ""sgs"": 8, ""split"": true, ""task_barrier"": false, ""task_batch"": 1, ""task_grain"": ""tile"", ""tn"": 16, ""workers"": 80}",1066.5729164611548,1053.3671875018626,1217.914062552154,1.1418947957099295,0.9999998948697897,0.00045854190688862797
adaptive,35,3,32768,5,16,"{""attention_groups"": 160, ""attention_task_tiles"": 32, ""barrier"": ""simd"", ""compact"": true, ""merge_unroll"": 4, ""scalar_sgs"": 2, ""schedule"": ""queue"", ""sgs"": 8, ""split"": true, ""task_barrier"": false, ""task_batch"": 1, ""task_grain"": ""tile"", ""tn"": 16, ""workers"": 80}",2455.1536459475756,2452.197916805744,2840.3333332389593,1.1568861842627052,0.999999907027142,0.00043137244749525875
adaptive,36,3,128,5,16,"{""attention_groups"": 160, ""barrier"": ""simd"", ""compact"": true, ""merge_sgs"": 1, ""merge_unroll"": 4, ""schedule"": ""queue"", ""sgs"": 8, ""split"": true, ""task_barrier"": false, ""task_batch"": 1, ""task_grain"": ""tile"", ""tn"": 16, ""workers"": 80}",632.1015625726432,637.7239583525807,657.9531251918525,1.0408977989454635,0.9999996342805897,0.0008553135086635376
adaptive,37,3,8192,5,16,"{""attention_groups"": 160, ""barrier"": ""simd"", ""compact"": true, ""merge_sgs"": 1, ""merge_unroll"": 4, ""schedule"": ""queue"", ""sgs"": 8, ""split"": true, ""task_barrier"": false, ""task_batch"": 1, ""task_grain"": ""tile"", ""tn"": 16, ""workers"": 80}",1068.234374979511,1052.7421876322478,1255.2526043727994,1.1750722816768329,0.9999998948697897,0.00045854190688862797
adaptive,38,3,32768,5,16,"{""attention_groups"": 160, ""barrier"": ""simd"", ""compact"": true, ""merge_sgs"": 1, ""merge_unroll"": 4, ""schedule"": ""queue"", ""sgs"": 8, ""split"": true, ""task_barrier"": false, ""task_batch"": 1, ""task_grain"": ""tile"", ""tn"": 16, ""workers"": 80}",2447.1927082631737,2448.705729097128,3163.2864584680647,1.2926184553373887,0.999999907027142,0.00043137244749525875
adaptive,39,3,128,5,16,"{""attention_groups"": 160, ""barrier"": ""simd"", ""compact"": true, ""merge_sgs"": 2, ""merge_unroll"": 4, ""schedule"": ""queue"", ""sgs"": 8, ""split"": true, ""task_barrier"": false, ""task_batch"": 1, ""task_grain"": ""tile"", ""tn"": 16, ""workers"": 80}",631.2265626620501,644.1822918131948,655.817708466202,1.0389577170207231,0.9999996342805897,0.0008553135086635376
adaptive,40,3,8192,5,16,"{""attention_groups"": 160, ""barrier"": ""simd"", ""compact"": true, ""merge_sgs"": 2, ""merge_unroll"": 4, ""schedule"": ""queue"", ""sgs"": 8, ""split"": true, ""task_barrier"": false, ""task_batch"": 1, ""task_grain"": ""tile"", ""tn"": 16, ""workers"": 80}",1067.47395824641,1057.0416667032987,1207.2708331979811,1.1309604546992624,0.9999998948697897,0.00045854190688862797
adaptive,41,3,32768,5,16,"{""attention_groups"": 160, ""barrier"": ""simd"", ""compact"": true, ""merge_sgs"": 2, ""merge_unroll"": 4, ""schedule"": ""queue"", ""sgs"": 8, ""split"": true, ""task_barrier"": false, ""task_batch"": 1, ""task_grain"": ""tile"", ""tn"": 16, ""workers"": 80}",2449.6145832818,2458.5703124757856,2909.5312498975545,1.1877506240184097,0.999999907027142,0.00043137244749525875
adaptive,42,3,128,5,16,"{""attention_groups"": 160, ""attention_task_tiles"": 8, ""barrier"": ""simd"", ""compact"": true, ""merge_unroll"": 4, ""schedule"": ""stages"", ""sgs"": 8, ""split"": true, ""task_barrier"": false, ""task_grain"": ""tile"", ""tn"": 16, ""workers"": 80}",630.9348959475756,638.572916854173,651.8828126136214,1.0332013917768568,0.9999996342805897,0.0008553135086635376
adaptive,43,3,8192,5,16,"{""attention_groups"": 160, ""attention_task_tiles"": 8, ""barrier"": ""simd"", ""compact"": true, ""merge_unroll"": 4, ""schedule"": ""stages"", ""sgs"": 8, ""split"": true, ""task_barrier"": false, ""task_grain"": ""tile"", ""tn"": 16, ""workers"": 80}",1069.981771055609,1054.7812501899898,1118.6354167293757,1.0454714715613955,0.9999998948697897,0.00045854190688862797
adaptive,44,3,32768,5,16,"{""attention_groups"": 160, ""attention_task_tiles"": 8, ""barrier"": ""simd"", ""compact"": true, ""merge_unroll"": 4, ""schedule"": ""stages"", ""sgs"": 8, ""split"": true, ""task_barrier"": false, ""task_grain"": ""tile"", ""tn"": 16, ""workers"": 80}",2447.486978955567,2458.9583335909992,2500.5312499124557,1.0216729532835043,0.999999907027142,0.00043137244749525875
adaptive,45,3,128,5,16,"{""attention_groups"": 160, ""attention_task_tiles"": 8, ""barrier"": ""simd"", ""compact"": true, ""merge_unroll"": 4, ""schedule"": ""interleave"", ""sgs"": 8, ""split"": true, ""task_barrier"": false, ""task_grain"": ""tile"", ""tn"": 16, ""workers"": 80}",631.2760417349637,638.0156250670552,722.6145833265036,1.1446887503294283,0.9999996342805897,0.0008553135086635376
adaptive,46,3,8192,5,16,"{""attention_groups"": 160, ""attention_task_tiles"": 8, ""barrier"": ""simd"", ""compact"": true, ""merge_unroll"": 4, ""schedule"": ""interleave"", ""sgs"": 8, ""split"": true, ""task_barrier"": false, ""task_grain"": ""tile"", ""tn"": 16, ""workers"": 80}",1067.8229166660458,1060.1328124757856,1361.0546875279397,1.2746071153608705,0.9999998948697897,0.00045854190688862797
adaptive,47,3,32768,5,16,"{""attention_groups"": 160, ""attention_task_tiles"": 8, ""barrier"": ""simd"", ""compact"": true, ""merge_unroll"": 4, ""schedule"": ""interleave"", ""sgs"": 8, ""split"": true, ""task_barrier"": false, ""task_grain"": ""tile"", ""tn"": 16, ""workers"": 80}",2450.731771066785,2466.2812498863786,3640.531250042841,1.485487434007576,0.999999907027142,0.00043137244749525875
adaptive,48,3,128,5,16,"{""attention_groups"": 320, ""barrier"": ""simd"", ""compact"": true, ""merge_unroll"": 4, ""sgs"": 4, ""split"": true, ""task_barrier"": false, ""tn"": 16, ""workers"": 160}",635.8177084475756,657.7473960351199,674.9296875204891,1.061514453833647,0.9999996265052908,0.00086438796417499
adaptive,49,3,8192,5,16,"{""attention_groups"": 320, ""barrier"": ""simd"", ""compact"": true, ""merge_unroll"": 4, ""sgs"": 4, ""split"": true, ""task_barrier"": false, ""tn"": 16, ""workers"": 160}",1069.7083331178874,1105.4010419175029,1101.0755207389593,1.0293231216864935,0.9999998928091576,0.0004630137270387099
adaptive,50,3,32768,5,16,"{""attention_groups"": 320, ""barrier"": ""simd"", ""compact"": true, ""merge_unroll"": 4, ""sgs"": 4, ""split"": true, ""task_barrier"": false, ""tn"": 16, ""workers"": 160}",2455.4401042405516,2370.2317709103227,2398.8645835779607,0.9769591119062995,0.9999999018887432,0.00044313072788500717
adaptive,51,3,128,5,16,"{""attention_groups"": 320, ""attention_task_tiles"": 1, ""barrier"": ""simd"", ""compact"": true, ""merge_unroll"": 4, ""schedule"": ""queue"", ""sgs"": 4, ""split"": true, ""task_barrier"": false, ""task_batch"": 1, ""task_grain"": ""tile"", ""tn"": 16, ""workers"": 160}",632.3567710351199,657.3541664984077,663.372395792976,1.0490476676751415,0.9999996265052908,0.00086438796417499
adaptive,52,3,8192,5,16,"{""attention_groups"": 320, ""attention_task_tiles"": 1, ""barrier"": ""simd"", ""compact"": true, ""merge_unroll"": 4, ""schedule"": ""queue"", ""sgs"": 4, ""split"": true, ""task_barrier"": false, ""task_batch"": 1, ""task_grain"": ""tile"", ""tn"": 16, ""workers"": 160}",1070.4557292629033,1104.0546875447035,1096.6171873733401,1.0244395516743612,0.9999998928091576,0.0004630137270387099
adaptive,53,3,32768,5,16,"{""attention_groups"": 320, ""attention_task_tiles"": 1, ""barrier"": ""simd"", ""compact"": true, ""merge_unroll"": 4, ""schedule"": ""queue"", ""sgs"": 4, ""split"": true, ""task_barrier"": false, ""task_batch"": 1, ""task_grain"": ""tile"", ""tn"": 16, ""workers"": 160}",2454.294270835817,2368.7578125391155,2449.320312589407,0.9979733651724184,0.9999999018887432,0.00044313072788500717
adaptive,54,3,128,5,16,"{""attention_groups"": 320, ""attention_task_tiles"": 3, ""barrier"": ""simd"", ""compact"": true, ""merge_unroll"": 4, ""schedule"": ""queue"", ""sgs"": 4, ""split"": true, ""task_barrier"": false, ""task_batch"": 1, ""task_grain"": ""tile"", ""tn"": 16, ""workers"": 160}",633.9036459103227,657.6796874869615,665.1197918690741,1.0492443073330542,0.9999996265052908,0.00086438796417499
adaptive,55,3,8192,5,16,"{""attention_groups"": 320, ""attention_task_tiles"": 3, ""barrier"": ""simd"", ""compact"": true, ""merge_unroll"": 4, ""schedule"": ""queue"", ""sgs"": 4, ""split"": true, ""task_barrier"": false, ""task_batch"": 1, ""task_grain"": ""tile"", ""tn"": 16, ""workers"": 160}",1068.6927081551403,1106.1770834494382,1087.302083382383,1.0174132143741934,0.9999998928091576,0.0004630137270387099
adaptive,56,3,32768,5,16,"{""attention_groups"": 320, ""attention_task_tiles"": 3, ""barrier"": ""simd"", ""compact"": true, ""merge_unroll"": 4, ""schedule"": ""queue"", ""sgs"": 4, ""split"": true, ""task_barrier"": false, ""task_batch"": 1, ""task_grain"": ""tile"", ""tn"": 16, ""workers"": 160}",2452.018229290843,2371.716145891696,2339.572916738689,0.9541417305919969,0.9999999018887432,0.00044313072788500717
adaptive,57,3,128,5,16,"{""attention_groups"": 320, ""attention_task_tiles"": 8, ""barrier"": ""simd"", ""compact"": true, ""merge_unroll"": 4, ""schedule"": ""queue"", ""sgs"": 4, ""split"": true, ""task_barrier"": false, ""task_batch"": 1, ""task_grain"": ""tile"", ""tn"": 16, ""workers"": 160}",632.6067706104368,655.9817707166076,659.8567706532776,1.043075732522663,0.9999996265052908,0.00086438796417499
adaptive,58,3,8192,5,16,"{""attention_groups"": 320, ""attention_task_tiles"": 8, ""barrier"": ""simd"", ""compact"": true, ""merge_unroll"": 4, ""schedule"": ""queue"", ""sgs"": 4, ""split"": true, ""task_barrier"": false, ""task_batch"": 1, ""task_grain"": ""tile"", ""tn"": 16, ""workers"": 160}",1069.218749878928,1104.6562499832362,1114.786458434537,1.0426177604543212,0.9999998928091576,0.0004630137270387099
adaptive,59,3,32768,5,16,"{""attention_groups"": 320, ""attention_task_tiles"": 8, ""barrier"": ""simd"", ""compact"": true, ""merge_unroll"": 4, ""schedule"": ""queue"", ""sgs"": 4, ""split"": true, ""task_barrier"": false, ""task_batch"": 1, ""task_grain"": ""tile"", ""tn"": 16, ""workers"": 160}",2454.822916770354,2370.023437542841,2380.114583298564,0.9695667117324785,0.9999999018887432,0.00044313072788500717
adaptive,60,3,128,5,16,"{""attention_groups"": 320, ""attention_task_tiles"": 16, ""barrier"": ""simd"", ""compact"": true, ""merge_unroll"": 4, ""schedule"": ""queue"", ""sgs"": 4, ""split"": true, ""task_barrier"": false, ""task_batch"": 1, ""task_grain"": ""tile"", ""tn"": 16, ""workers"": 160}",633.8489586487412,654.4036457780749,661.1666667740792,1.0430981352143809,0.9999996265052908,0.00086438796417499
adaptive,61,3,8192,5,16,"{""attention_groups"": 320, ""attention_task_tiles"": 16, ""barrier"": ""simd"", ""compact"": true, ""merge_unroll"": 4, ""schedule"": ""queue"", ""sgs"": 4, ""split"": true, ""task_barrier"": false, ""task_batch"": 1, ""task_grain"": ""tile"", ""tn"": 16, ""workers"": 160}",1068.32812493667,1105.328124947846,1118.0703125428408,1.0465607770170045,0.9999998928091576,0.0004630137270387099
adaptive,62,3,32768,5,16,"{""attention_groups"": 320, ""attention_task_tiles"": 16, ""barrier"": ""simd"", ""compact"": true, ""merge_unroll"": 4, ""schedule"": ""queue"", ""sgs"": 4, ""split"": true, ""task_barrier"": false, ""task_batch"": 1, ""task_grain"": ""tile"", ""tn"": 16, ""workers"": 160}",2455.721354112029,2365.289062494412,2393.7291665934026,0.9747560172432339,0.9999999018887432,0.00044313072788500717
adaptive,63,3,128,5,16,"{""attention_groups"": 320, ""attention_task_tiles"": 32, ""barrier"": ""simd"", ""compact"": true, ""merge_unroll"": 4, ""schedule"": ""queue"", ""sgs"": 4, ""split"": true, ""task_barrier"": false, ""task_batch"": 1, ""task_grain"": ""tile"", ""tn"": 16, ""workers"": 160}",634.765625,658.3098957780749,662.0651041157544,1.043007179406973,0.9999996265052908,0.00086438796417499
adaptive,64,3,8192,5,16,"{""attention_groups"": 320, ""attention_task_tiles"": 32, ""barrier"": ""simd"", ""compact"": true, ""merge_unroll"": 4, ""schedule"": ""queue"", ""sgs"": 4, ""split"": true, ""task_barrier"": false, ""task_batch"": 1, ""task_grain"": ""tile"", ""tn"": 16, ""workers"": 160}",1068.7395834829658,1105.739583261311,1120.278645772487,1.0482241540278296,0.9999998928091576,0.0004630137270387099
adaptive,65,3,32768,5,16,"{""attention_groups"": 320, ""attention_task_tiles"": 32, ""barrier"": ""simd"", ""compact"": true, ""merge_unroll"": 4, ""schedule"": ""queue"", ""sgs"": 4, ""split"": true, ""task_barrier"": false, ""task_batch"": 1, ""task_grain"": ""tile"", ""tn"": 16, ""workers"": 160}",2452.226562425494,2372.726562432945,2546.1406249087304,1.038297465626645,0.9999999018887432,0.00044313072788500717
adaptive,66,3,128,5,16,"{""attention_groups"": 320, ""attention_task_tiles"": 1, ""barrier"": ""simd"", ""compact"": true, ""merge_unroll"": 4, ""scalar_sgs"": 1, ""schedule"": ""queue"", ""sgs"": 4, ""split"": true, ""task_barrier"": false, ""task_batch"": 1, ""task_grain"": ""tile"", ""tn"": 16, ""workers"": 160}",632.1666666772217,646.5416667051613,666.6796873323619,1.0545948125302884,0.9999996265052908,0.00086438796417499
adaptive,67,3,8192,5,16,"{""attention_groups"": 320, ""attention_task_tiles"": 1, ""barrier"": ""simd"", ""compact"": true, ""merge_unroll"": 4, ""scalar_sgs"": 1, ""schedule"": ""queue"", ""sgs"": 4, ""split"": true, ""task_barrier"": false, ""task_batch"": 1, ""task_grain"": ""tile"", ""tn"": 16, ""workers"": 160}",1070.3437498304993,1101.9843749236315,1164.822916733101,1.0882699290929325,0.9999998928091576,0.0004630137270387099
adaptive,68,3,32768,5,16,"{""attention_groups"": 320, ""attention_task_tiles"": 1, ""barrier"": ""simd"", ""compact"": true, ""merge_unroll"": 4, ""scalar_sgs"": 1, ""schedule"": ""queue"", ""sgs"": 4, ""split"": true, ""task_barrier"": false, ""task_batch"": 1, ""task_grain"": ""tile"", ""tn"": 16, ""workers"": 160}",2452.802083455026,2359.8359373863786,2726.786458399147,1.1117026020127092,0.9999999018887432,0.00044313072788500717
adaptive,69,3,128,5,16,"{""attention_groups"": 320, ""attention_task_tiles"": 8, ""barrier"": ""simd"", ""compact"": true, ""merge_unroll"": 4, ""scalar_sgs"": 1, ""schedule"": ""queue"", ""sgs"": 4, ""split"": true, ""task_barrier"": false, ""task_batch"": 1, ""task_grain"": ""tile"", ""tn"": 16, ""workers"": 160}",633.5729165002704,644.3645833060145,668.6822918709368,1.0554148929922755,0.9999996265052908,0.00086438796417499
adaptive,70,3,8192,5,16,"{""attention_groups"": 320, ""attention_task_tiles"": 8, ""barrier"": ""simd"", ""compact"": true, ""merge_unroll"": 4, ""scalar_sgs"": 1, ""schedule"": ""queue"", ""sgs"": 4, ""split"": true, ""task_barrier"": false, ""task_batch"": 1, ""task_grain"": ""tile"", ""tn"": 16, ""workers"": 160}",1070.4348958097398,1103.648437652737,1174.6276039630175,1.097336800735051,0.9999998928091576,0.0004630137270387099
adaptive,71,3,32768,5,16,"{""attention_groups"": 320, ""attention_task_tiles"": 8, ""barrier"": ""simd"", ""compact"": true, ""merge_unroll"": 4, ""scalar_sgs"": 1, ""schedule"": ""queue"", ""sgs"": 4, ""split"": true, ""task_barrier"": false, ""task_batch"": 1, ""task_grain"": ""tile"", ""tn"": 16, ""workers"": 160}",2452.979166759178,2361.158854328096,2667.213541455567,1.087336402036969,0.9999999018887432,0.00044313072788500717
adaptive,72,3,128,5,16,"{""attention_groups"": 320, ""attention_task_tiles"": 32, ""barrier"": ""simd"", ""compact"": true, ""merge_unroll"": 4, ""scalar_sgs"": 1, ""schedule"": ""queue"", ""sgs"": 4, ""split"": true, ""task_barrier"": false, ""task_batch"": 1, ""task_grain"": ""tile"", ""tn"": 16, ""workers"": 160}",632.9531248193234,646.7682290822268,666.3203125353903,1.0527166806003074,0.9999996265052908,0.00086438796417499
adaptive,73,3,8192,5,16,"{""attention_groups"": 320, ""attention_task_tiles"": 32, ""barrier"": ""simd"", ""compact"": true, ""merge_unroll"": 4, ""scalar_sgs"": 1, ""schedule"": ""queue"", ""sgs"": 4, ""split"": true, ""task_barrier"": false, ""task_batch"": 1, ""task_grain"": ""tile"", ""tn"": 16, ""workers"": 160}",1067.5182291306555,1104.5364583842456,1175.424479180947,1.1010814121068133,0.9999998928091576,0.0004630137270387099
adaptive,74,3,32768,5,16,"{""attention_groups"": 320, ""attention_task_tiles"": 32, ""barrier"": ""simd"", ""compact"": true, ""merge_unroll"": 4, ""scalar_sgs"": 1, ""schedule"": ""queue"", ""sgs"": 4, ""split"": true, ""task_barrier"": false, ""task_batch"": 1, ""task_grain"": ""tile"", ""tn"": 16, ""workers"": 160}",2451.830729143694,2358.122396050021,2844.2526042927057,1.1600525968144895,0.9999999018887432,0.00044313072788500717
adaptive,75,3,128,5,16,"{""attention_groups"": 320, ""attention_task_tiles"": 1, ""barrier"": ""simd"", ""compact"": true, ""merge_unroll"": 4, ""scalar_sgs"": 2, ""schedule"": ""queue"", ""sgs"": 4, ""split"": true, ""task_barrier"": false, ""task_batch"": 1, ""task_grain"": ""tile"", ""tn"": 16, ""workers"": 160}",633.3177082706243,645.1406250707805,663.8932290952653,1.0482783292261515,0.9999996265052908,0.00086438796417499
adaptive,76,3,8192,5,16,"{""attention_groups"": 320, ""attention_task_tiles"": 1, ""barrier"": ""simd"", ""compact"": true, ""merge_unroll"": 4, ""scalar_sgs"": 2, ""schedule"": ""queue"", ""sgs"": 4, ""split"": true, ""task_barrier"": false, ""task_batch"": 1, ""task_grain"": ""tile"", ""tn"": 16, ""workers"": 160}",1071.3229165412486,1098.4218751545995,1089.9947916623205,1.0174288021219164,0.9999998928091576,0.0004630137270387099
adaptive,77,3,32768,5,16,"{""attention_groups"": 320, ""attention_task_tiles"": 1, ""barrier"": ""simd"", ""compact"": true, ""merge_unroll"": 4, ""scalar_sgs"": 2, ""schedule"": ""queue"", ""sgs"": 4, ""split"": true, ""task_barrier"": false, ""task_batch"": 1, ""task_grain"": ""tile"", ""tn"": 16, ""workers"": 160}",2450.705728959292,2362.6744793727994,2422.239583451301,0.9883845109710174,0.9999999018887432,0.00044313072788500717
adaptive,78,3,128,5,16,"{""attention_groups"": 320, ""attention_task_tiles"": 8, ""barrier"": ""simd"", ""compact"": true, ""merge_unroll"": 4, ""scalar_sgs"": 2, ""schedule"": ""queue"", ""sgs"": 4, ""split"": true, ""task_barrier"": false, ""task_batch"": 1, ""task_grain"": ""tile"", ""tn"": 16, ""workers"": 160}",632.4427081272006,646.1276044137776,666.9999998994172,1.0546409838047595,0.9999996265052908,0.00086438796417499
adaptive,79,3,8192,5,16,"{""attention_groups"": 320, ""attention_task_tiles"": 8, ""barrier"": ""simd"", ""compact"": true, ""merge_unroll"": 4, ""scalar_sgs"": 2, ""schedule"": ""queue"", ""sgs"": 4, ""split"": true, ""task_barrier"": false, ""task_batch"": 1, ""task_grain"": ""tile"", ""tn"": 16, ""workers"": 160}",1070.3958335798234,1102.3906250484288,1113.0338539369404,1.0398338810928653,0.9999998928091576,0.0004630137270387099
adaptive,80,3,32768,5,16,"{""attention_groups"": 320, ""attention_task_tiles"": 8, ""barrier"": ""simd"", ""compact"": true, ""merge_unroll"": 4, ""scalar_sgs"": 2, ""schedule"": ""queue"", ""sgs"": 4, ""split"": true, ""task_barrier"": false, ""task_batch"": 1, ""task_grain"": ""tile"", ""tn"": 16, ""workers"": 160}",2451.5885417349637,2362.0156249962747,2368.171874899417,0.9659744425234941,0.9999999018887432,0.00044313072788500717
adaptive,81,3,128,5,16,"{""attention_groups"": 320, ""attention_task_tiles"": 32, ""barrier"": ""simd"", ""compact"": true, ""merge_unroll"": 4, ""scalar_sgs"": 2, ""schedule"": ""queue"", ""sgs"": 4, ""split"": true, ""task_barrier"": false, ""task_batch"": 1, ""task_grain"": ""tile"", ""tn"": 16, ""workers"": 160}",632.7942707575858,648.1536456849426,665.4036459513009,1.0515323489807753,0.9999996265052908,0.00086438796417499
adaptive,82,3,8192,5,16,"{""attention_groups"": 320, ""attention_task_tiles"": 32, ""barrier"": ""simd"", ""compact"": true, ""merge_unroll"": 4, ""scalar_sgs"": 2, ""schedule"": ""queue"", ""sgs"": 4, ""split"": true, ""task_barrier"": false, ""task_batch"": 1, ""task_grain"": ""tile"", ""tn"": 16, ""workers"": 160}",1068.8671874813735,1100.2786457538605,1118.9765625167638,1.046880824504928,0.9999998928091576,0.0004630137270387099
adaptive,83,3,32768,5,16,"{""attention_groups"": 320, ""attention_task_tiles"": 32, ""barrier"": ""simd"", ""compact"": true, ""merge_unroll"": 4, ""scalar_sgs"": 2, ""schedule"": ""queue"", ""sgs"": 4, ""split"": true, ""task_barrier"": false, ""task_batch"": 1, ""task_grain"": ""tile"", ""tn"": 16, ""workers"": 160}",2452.630208572373,2365.591145819053,2542.6953125279397,1.0367218440190347,0.9999999018887432,0.00044313072788500717
adaptive,84,3,128,5,16,"{""attention_groups"": 320, ""barrier"": ""simd"", ""compact"": true, ""merge_sgs"": 1, ""merge_unroll"": 4, ""schedule"": ""queue"", ""sgs"": 4, ""split"": true, ""task_barrier"": false, ""task_batch"": 1, ""task_grain"": ""tile"", ""tn"": 16, ""workers"": 160}",633.169270819053,658.8463543448597,668.2447916828096,1.0553967516749252,0.9999996265052908,0.00086438796417499
adaptive,85,3,8192,5,16,"{""attention_groups"": 320, ""barrier"": ""simd"", ""compact"": true, ""merge_sgs"": 1, ""merge_unroll"": 4, ""schedule"": ""queue"", ""sgs"": 4, ""split"": true, ""task_barrier"": false, ""task_batch"": 1, ""task_grain"": ""tile"", ""tn"": 16, ""workers"": 160}",1070.0026042759418,1097.927083261311,1163.6041663587093,1.0874778824917968,0.9999998928091576,0.0004630137270387099
adaptive,86,3,32768,5,16,"{""attention_groups"": 320, ""barrier"": ""simd"", ""compact"": true, ""merge_sgs"": 1, ""merge_unroll"": 4, ""schedule"": ""queue"", ""sgs"": 4, ""split"": true, ""task_barrier"": false, ""task_batch"": 1, ""task_grain"": ""tile"", ""tn"": 16, ""workers"": 160}",2453.3880210947245,2356.4322916790843,2714.914062526077,1.1065979124307688,0.9999999018887432,0.00044313072788500717
adaptive,87,3,128,5,16,"{""attention_groups"": 320, ""barrier"": ""simd"", ""compact"": true, ""merge_sgs"": 2, ""merge_unroll"": 4, ""schedule"": ""queue"", ""sgs"": 4, ""split"": true, ""task_barrier"": false, ""task_batch"": 1, ""task_grain"": ""tile"", ""tn"": 16, ""workers"": 160}",633.1510418094695,661.4427084568888,665.9062500111759,1.0517336402197113,0.9999996265052908,0.00086438796417499
adaptive,88,3,8192,5,16,"{""attention_groups"": 320, ""barrier"": ""simd"", ""compact"": true, ""merge_sgs"": 2, ""merge_unroll"": 4, ""schedule"": ""queue"", ""sgs"": 4, ""split"": true, ""task_barrier"": false, ""task_batch"": 1, ""task_grain"": ""tile"", ""tn"": 16, ""workers"": 160}",1068.7500000931323,1100.9609375614673,1092.3906250391155,1.0221198829884661,0.9999998928091576,0.0004630137270387099
adaptive,89,3,32768,5,16,"{""attention_groups"": 320, ""barrier"": ""simd"", ""compact"": true, ""merge_sgs"": 2, ""merge_unroll"": 4, ""schedule"": ""queue"", ""sgs"": 4, ""split"": true, ""task_barrier"": false, ""task_batch"": 1, ""task_grain"": ""tile"", ""tn"": 16, ""workers"": 160}",2453.924479195848,2363.052083645016,2423.3671876136214,0.9875475827225781,0.9999999018887432,0.00044313072788500717
adaptive,90,3,128,5,16,"{""attention_groups"": 320, ""attention_task_tiles"": 8, ""barrier"": ""simd"", ""compact"": true, ""merge_unroll"": 4, ""schedule"": ""stages"", ""sgs"": 4, ""split"": true, ""task_barrier"": false, ""task_grain"": ""tile"", ""tn"": 16, ""workers"": 160}",632.481771055609,656.5807291772217,669.6822918020189,1.058816747689538,0.9999996265052908,0.00086438796417499
adaptive,91,3,8192,5,16,"{""attention_groups"": 320, ""attention_task_tiles"": 8, ""barrier"": ""simd"", ""compact"": true, ""merge_unroll"": 4, ""schedule"": ""stages"", ""sgs"": 4, ""split"": true, ""task_barrier"": false, ""task_grain"": ""tile"", ""tn"": 16, ""workers"": 160}",1068.5520835686475,1101.8125000409782,1132.937500020489,1.0602548228035955,0.9999998928091576,0.0004630137270387099
adaptive,92,3,32768,5,16,"{""attention_groups"": 320, ""attention_task_tiles"": 8, ""barrier"": ""simd"", ""compact"": true, ""merge_unroll"": 4, ""schedule"": ""stages"", ""sgs"": 4, ""split"": true, ""task_barrier"": false, ""task_grain"": ""tile"", ""tn"": 16, ""workers"": 160}",2448.567708255723,2368.5937500558794,2388.044270919636,0.9752821058890783,0.9999999018887432,0.00044313072788500717
adaptive,93,3,128,5,16,"{""attention_groups"": 320, ""attention_task_tiles"": 8, ""barrier"": ""simd"", ""compact"": true, ""merge_unroll"": 4, ""schedule"": ""interleave"", ""sgs"": 4, ""split"": true, ""task_barrier"": false, ""task_grain"": ""tile"", ""tn"": 16, ""workers"": 160}",634.3515624757856,657.041666796431,720.002603949979,1.1350214085386805,0.9999996265052908,0.00086438796417499
adaptive,94,3,8192,5,16,"{""attention_groups"": 320, ""attention_task_tiles"": 8, ""barrier"": ""simd"", ""compact"": true, ""merge_unroll"": 4, ""schedule"": ""interleave"", ""sgs"": 4, ""split"": true, ""task_barrier"": false, ""task_grain"": ""tile"", ""tn"": 16, ""workers"": 160}",1069.234374910593,1107.0468749385327,1279.8697918187827,1.1969964881888524,0.9999998928091576,0.0004630137270387099
adaptive,95,3,32768,5,16,"{""attention_groups"": 320, ""attention_task_tiles"": 8, ""barrier"": ""simd"", ""compact"": true, ""merge_unroll"": 4, ""schedule"": ""interleave"", ""sgs"": 4, ""split"": true, ""task_barrier"": false, ""task_grain"": ""tile"", ""tn"": 16, ""workers"": 160}",2455.5130207445472,2365.3072915039957,3301.5000000596046,1.3445255521628396,0.9999999018887432,0.00044313072788500717
adaptive,96,3,128,5,16,"{""attention_groups"": 160, ""attention_task_tiles"": 1, ""barrier"": ""simd"", ""compact"": true, ""merge_unroll"": 4, ""schedule"": ""queue"", ""sgs"": 8, ""split"": true, ""task_barrier"": false, ""task_batch"": 1, ""task_grain"": ""tile"", ""task_seed"": true, ""tn"": 16, ""workers"": 80}",635.1484374608845,638.9192708302289,655.5859376676381,1.0321775178861434,0.9999996342805897,0.0008553135086635376
adaptive,97,3,8192,5,16,"{""attention_groups"": 160, ""attention_task_tiles"": 1, ""barrier"": ""simd"", ""compact"": true, ""merge_unroll"": 4, ""schedule"": ""queue"", ""sgs"": 8, ""split"": true, ""task_barrier"": false, ""task_batch"": 1, ""task_grain"": ""tile"", ""task_seed"": true, ""tn"": 16, ""workers"": 80}",1068.7031249981374,1060.4244791902602,1133.713541785255,1.060831128183733,0.9999998948697897,0.00045854190688862797
adaptive,98,3,32768,5,16,"{""attention_groups"": 160, ""attention_task_tiles"": 1, ""barrier"": ""simd"", ""compact"": true, ""merge_unroll"": 4, ""schedule"": ""queue"", ""sgs"": 8, ""split"": true, ""task_barrier"": false, ""task_batch"": 1, ""task_grain"": ""tile"", ""task_seed"": true, ""tn"": 16, ""workers"": 80}",2453.874999890104,2464.5442706532776,2612.294271122664,1.0645588187008934,0.999999907027142,0.00043137244749525875
adaptive,99,3,128,5,16,"{""attention_groups"": 160, ""attention_task_tiles"": 8, ""barrier"": ""simd"", ""compact"": true, ""merge_unroll"": 4, ""schedule"": ""queue"", ""sgs"": 8, ""split"": true, ""task_barrier"": false, ""task_batch"": 1, ""task_grain"": ""tile"", ""task_seed"": true, ""tn"": 16, ""workers"": 80}",632.4427081272006,643.1380207650363,652.6927081868052,1.0320187106268792,0.9999996342805897,0.0008553135086635376
adaptive,100,3,8192,5,16,"{""attention_groups"": 160, ""attention_task_tiles"": 8, ""barrier"": ""simd"", ""compact"": true, ""merge_unroll"": 4, ""schedule"": ""queue"", ""sgs"": 8, ""split"": true, ""task_barrier"": false, ""task_batch"": 1, ""task_grain"": ""tile"", ""task_seed"": true, ""tn"": 16, ""workers"": 80}",1068.4479165356606,1061.7499998770654,1128.9531248621643,1.056629066695816,0.9999998948697897,0.00045854190688862797
adaptive,101,3,32768,5,16,"{""attention_groups"": 160, ""attention_task_tiles"": 8, ""barrier"": ""simd"", ""compact"": true, ""merge_unroll"": 4, ""schedule"": ""queue"", ""sgs"": 8, ""split"": true, ""task_barrier"": false, ""task_batch"": 1, ""task_grain"": ""tile"", ""task_seed"": true, ""tn"": 16, ""workers"": 80}",2455.5833332706243,2467.559896176681,2489.2916665412486,1.0137272202551268,0.999999907027142,0.00043137244749525875
adaptive,102,3,128,5,16,"{""attention_groups"": 160, ""attention_task_tiles"": 32, ""barrier"": ""simd"", ""compact"": true, ""merge_unroll"": 4, ""schedule"": ""queue"", ""sgs"": 8, ""split"": true, ""task_barrier"": false, ""task_batch"": 1, ""task_grain"": ""tile"", ""task_seed"": true, ""tn"": 16, ""workers"": 80}",632.4140625074506,639.5026040263474,655.2057291846722,1.036039152239682,0.9999996342805897,0.0008553135086635376
adaptive,103,3,8192,5,16,"{""attention_groups"": 160, ""attention_task_tiles"": 32, ""barrier"": ""simd"", ""compact"": true, ""merge_unroll"": 4, ""schedule"": ""queue"", ""sgs"": 8, ""split"": true, ""task_barrier"": false, ""task_batch"": 1, ""task_grain"": ""tile"", ""task_seed"": true, ""tn"": 16, ""workers"": 80}",1068.0442708544433,1055.835937615484,1155.257812468335,1.081657234623917,0.9999998948697897,0.00045854190688862797
adaptive,104,3,32768,5,16,"{""attention_groups"": 160, ""attention_task_tiles"": 32, ""barrier"": ""simd"", ""compact"": true, ""merge_unroll"": 4, ""schedule"": ""queue"", ""sgs"": 8, ""split"": true, ""task_barrier"": false, ""task_batch"": 1, ""task_grain"": ""tile"", ""task_seed"": true, ""tn"": 16, ""workers"": 80}",2454.2552083730698,2468.3333332650363,2545.497396029532,1.0371771392580427,0.999999907027142,0.00043137244749525875
adaptive,105,3,128,5,16,"{""attention_groups"": 320, ""attention_task_tiles"": 1, ""barrier"": ""simd"", ""compact"": true, ""merge_unroll"": 4, ""schedule"": ""queue"", ""sgs"": 4, ""split"": true, ""task_barrier"": false, ""task_batch"": 1, ""task_grain"": ""tile"", ""task_seed"": true, ""tn"": 16, ""workers"": 160}",636.9374999776483,652.0442706532776,664.7109375335276,1.0436046512520523,0.9999996265052908,0.00086438796417499
adaptive,106,3,8192,5,16,"{""attention_groups"": 320, ""attention_task_tiles"": 1, ""barrier"": ""simd"", ""compact"": true, ""merge_unroll"": 4, ""schedule"": ""queue"", ""sgs"": 4, ""split"": true, ""task_barrier"": false, ""task_batch"": 1, ""task_grain"": ""tile"", ""task_seed"": true, ""tn"": 16, ""workers"": 160}",1068.244791822508,1101.390624884516,1090.8463539090008,1.0211576618575717,0.9999998928091576,0.0004630137270387099
adaptive,107,3,32768,5,16,"{""attention_groups"": 320, ""attention_task_tiles"": 1, ""barrier"": ""simd"", ""compact"": true, ""merge_unroll"": 4, ""schedule"": ""queue"", ""sgs"": 4, ""split"": true, ""task_barrier"": false, ""task_batch"": 1, ""task_grain"": ""tile"", ""task_seed"": true, ""tn"": 16, ""workers"": 160}",2450.8880206849426,2367.1354164835066,2420.145833399147,0.9874567148615773,0.9999999018887432,0.00044313072788500717
adaptive,108,3,128,5,16,"{""attention_groups"": 320, ""attention_task_tiles"": 8, ""barrier"": ""simd"", ""compact"": true, ""merge_unroll"": 4, ""schedule"": ""queue"", ""sgs"": 4, ""split"": true, ""task_barrier"": false, ""task_batch"": 1, ""task_grain"": ""tile"", ""task_seed"": true, ""tn"": 16, ""workers"": 160}",634.4140623696148,654.5911456923932,668.2760415133089,1.053375202651113,0.9999996265052908,0.00086438796417499
adaptive,109,3,8192,5,16,"{""attention_groups"": 320, ""attention_task_tiles"": 8, ""barrier"": ""simd"", ""compact"": true, ""merge_unroll"": 4, ""schedule"": ""queue"", ""sgs"": 4, ""split"": true, ""task_barrier"": false, ""task_batch"": 1, ""task_grain"": ""tile"", ""task_seed"": true, ""tn"": 16, ""workers"": 160}",1069.6614584885538,1104.4140623416752,1111.1223958432674,1.03876080326695,0.9999998928091576,0.0004630137270387099
adaptive,110,3,32768,5,16,"{""attention_groups"": 320, ""attention_task_tiles"": 8, ""barrier"": ""simd"", ""compact"": true, ""merge_unroll"": 4, ""schedule"": ""queue"", ""sgs"": 4, ""split"": true, ""task_barrier"": false, ""task_batch"": 1, ""task_grain"": ""tile"", ""task_seed"": true, ""tn"": 16, ""workers"": 160}",2449.697916628793,2363.130208104849,2370.166666340083,0.9675342621843926,0.9999999018887432,0.00044313072788500717
adaptive,111,3,128,5,16,"{""attention_groups"": 320, ""attention_task_tiles"": 32, ""barrier"": ""simd"", ""compact"": true, ""merge_unroll"": 4, ""schedule"": ""queue"", ""sgs"": 4, ""split"": true, ""task_barrier"": false, ""task_batch"": 1, ""task_grain"": ""tile"", ""task_seed"": true, ""tn"": 16, ""workers"": 160}",631.1666665133089,658.9609375223517,667.2421875409782,1.0571568857191995,0.9999996265052908,0.00086438796417499
adaptive,112,3,8192,5,16,"{""attention_groups"": 320, ""attention_task_tiles"": 32, ""barrier"": ""simd"", ""compact"": true, ""merge_unroll"": 4, ""schedule"": ""queue"", ""sgs"": 4, ""split"": true, ""task_barrier"": false, ""task_batch"": 1, ""task_grain"": ""tile"", ""task_seed"": true, ""tn"": 16, ""workers"": 160}",1065.9895832650363,1101.5338541474193,1115.059896139428,1.0460326382590845,0.9999998928091576,0.0004630137270387099
adaptive,113,3,32768,5,16,"{""attention_groups"": 320, ""attention_task_tiles"": 32, ""barrier"": ""simd"", ""compact"": true, ""merge_unroll"": 4, ""schedule"": ""queue"", ""sgs"": 4, ""split"": true, ""task_barrier"": false, ""task_batch"": 1, ""task_grain"": ""tile"", ""task_seed"": true, ""tn"": 16, ""workers"": 160}",2453.3072917256504,2365.156249841675,2543.2838541455567,1.0366756185510773,0.9999999018887432,0.00044313072788500717
adaptive,114,3,128,5,16,"{""attention_groups"": 320, ""attention_task_tiles"": 1, ""barrier"": ""simd"", ""compact"": true, ""merge_unroll"": 4, ""schedule"": ""queue"", ""sgs"": 4, ""split"": true, ""task_barrier"": false, ""task_batch"": 1, ""task_grain"": ""tile"", ""task_seed"": true, ""tn"": 16, ""workers"": 96}",634.593749884516,726.8515625037253,761.1822916660458,1.199479654195407,0.9999996265052908,0.00086438796417499
adaptive,115,3,8192,5,16,"{""attention_groups"": 320, ""attention_task_tiles"": 1, ""barrier"": ""simd"", ""compact"": true, ""merge_unroll"": 4, ""schedule"": ""queue"", ""sgs"": 4, ""split"": true, ""task_barrier"": false, ""task_batch"": 1, ""task_grain"": ""tile"", ""task_seed"": true, ""tn"": 16, ""workers"": 96}",1069.9843750335276,1171.4791664853692,1325.65364590846,1.238946733093108,0.9999998928091576,0.0004630137270387099
adaptive,116,3,32768,5,16,"{""attention_groups"": 320, ""attention_task_tiles"": 1, ""barrier"": ""simd"", ""compact"": true, ""merge_unroll"": 4, ""schedule"": ""queue"", ""sgs"": 4, ""split"": true, ""task_barrier"": false, ""task_batch"": 1, ""task_grain"": ""tile"", ""task_seed"": true, ""tn"": 16, ""workers"": 96}",2450.218749931082,2444.0651040058583,3075.002604164183,1.2549910510033744,0.9999999018887432,0.00044313072788500717
adaptive,117,3,128,5,16,"{""attention_groups"": 320, ""attention_task_tiles"": 8, ""barrier"": ""simd"", ""compact"": true, ""merge_unroll"": 4, ""schedule"": ""queue"", ""sgs"": 4, ""split"": true, ""task_barrier"": false, ""task_batch"": 1, ""task_grain"": ""tile"", ""task_seed"": true, ""tn"": 16, ""workers"": 96}",634.5468750223517,726.9973957445472,759.1901042032987,1.196428718014814,0.9999996265052908,0.00086438796417499
adaptive,118,3,8192,5,16,"{""attention_groups"": 320, ""attention_task_tiles"": 8, ""barrier"": ""simd"", ""compact"": true, ""merge_unroll"": 4, ""schedule"": ""queue"", ""sgs"": 4, ""split"": true, ""task_barrier"": false, ""task_batch"": 1, ""task_grain"": ""tile"", ""task_seed"": true, ""tn"": 16, ""workers"": 96}",1067.6067708991468,1171.330729033798,1317.6953124348074,1.2342515506201166,0.9999998928091576,0.0004630137270387099
adaptive,119,3,32768,5,16,"{""attention_groups"": 320, ""attention_task_tiles"": 8, ""barrier"": ""simd"", ""compact"": true, ""merge_unroll"": 4, ""schedule"": ""queue"", ""sgs"": 4, ""split"": true, ""task_barrier"": false, ""task_batch"": 1, ""task_grain"": ""tile"", ""task_seed"": true, ""tn"": 16, ""workers"": 96}",2459.0208334848285,2437.9479167982936,2883.132812567055,1.1724718934085612,0.9999999018887432,0.00044313072788500717
adaptive,120,3,128,5,16,"{""attention_groups"": 320, ""attention_task_tiles"": 1, ""barrier"": ""simd"", ""compact"": true, ""merge_unroll"": 4, ""schedule"": ""queue"", ""sgs"": 4, ""split"": true, ""task_barrier"": false, ""task_batch"": 1, ""task_grain"": ""tile"", ""task_seed"": true, ""tn"": 16, ""workers"": 112}",633.0520834308118,689.3593750428408,718.7578126322478,1.1353849571696466,0.9999996265052908,0.00086438796417499
adaptive,121,3,8192,5,16,"{""attention_groups"": 320, ""attention_task_tiles"": 1, ""barrier"": ""simd"", ""compact"": true, ""merge_unroll"": 4, ""schedule"": ""queue"", ""sgs"": 4, ""split"": true, ""task_barrier"": false, ""task_batch"": 1, ""task_grain"": ""tile"", ""task_seed"": true, ""tn"": 16, ""workers"": 112}",1066.7864582501352,1133.4999999962747,1228.2734375912696,1.151377042792635,0.9999998928091576,0.0004630137270387099
adaptive,122,3,32768,5,16,"{""attention_groups"": 320, ""attention_task_tiles"": 1, ""barrier"": ""simd"", ""compact"": true, ""merge_unroll"": 4, ""schedule"": ""queue"", ""sgs"": 4, ""split"": true, ""task_barrier"": false, ""task_batch"": 1, ""task_grain"": ""tile"", ""task_seed"": true, ""tn"": 16, ""workers"": 112}",2451.9218751229346,2399.664062540978,2816.2604165263474,1.1485930465811214,0.9999999018887432,0.00044313072788500717
adaptive,123,3,128,5,16,"{""attention_groups"": 320, ""attention_task_tiles"": 8, ""barrier"": ""simd"", ""compact"": true, ""merge_unroll"": 4, ""schedule"": ""queue"", ""sgs"": 4, ""split"": true, ""task_barrier"": false, ""task_batch"": 1, ""task_grain"": ""tile"", ""task_seed"": true, ""tn"": 16, ""workers"": 112}",632.0885417517275,689.0234374441206,716.9348960742354,1.1342317550755951,0.9999996265052908,0.00086438796417499
adaptive,124,3,8192,5,16,"{""attention_groups"": 320, ""attention_task_tiles"": 8, ""barrier"": ""simd"", ""compact"": true, ""merge_unroll"": 4, ""schedule"": ""queue"", ""sgs"": 4, ""split"": true, ""task_barrier"": false, ""task_batch"": 1, ""task_grain"": ""tile"", ""task_seed"": true, ""tn"": 16, ""workers"": 112}",1067.9531251080334,1130.9218751266599,1231.3645835965872,1.1530136994280749,0.9999998928091576,0.0004630137270387099
adaptive,125,3,32768,5,16,"{""attention_groups"": 320, ""attention_task_tiles"": 8, ""barrier"": ""simd"", ""compact"": true, ""merge_unroll"": 4, ""schedule"": ""queue"", ""sgs"": 4, ""split"": true, ""task_barrier"": false, ""task_batch"": 1, ""task_grain"": ""tile"", ""task_seed"": true, ""tn"": 16, ""workers"": 112}",2448.8645831588656,2396.4114584960043,2681.3020831905305,1.0949164366335997,0.9999999018887432,0.00044313072788500717
adaptive,126,3,128,5,16,"{""attention_groups"": 320, ""attention_task_tiles"": 1, ""barrier"": ""simd"", ""compact"": true, ""merge_unroll"": 4, ""schedule"": ""queue"", ""sgs"": 4, ""split"": true, ""task_barrier"": false, ""task_batch"": 1, ""task_grain"": ""tile"", ""task_seed"": true, ""tn"": 16, ""workers"": 128}",633.0364581663162,661.4843751303852,698.1015624478459,1.102782554530904,0.9999996265052908,0.00086438796417499
adaptive,127,3,8192,5,16,"{""attention_groups"": 320, ""attention_task_tiles"": 1, ""barrier"": ""simd"", ""compact"": true, ""merge_unroll"": 4, ""schedule"": ""queue"", ""sgs"": 4, ""split"": true, ""task_barrier"": false, ""task_batch"": 1, ""task_grain"": ""tile"", ""task_seed"": true, ""tn"": 16, ""workers"": 128}",1067.8593751508743,1120.817708550021,1171.9348959159106,1.097461822396167,0.9999998928091576,0.0004630137270387099
adaptive,128,3,32768,5,16,"{""attention_groups"": 320, ""attention_task_tiles"": 1, ""barrier"": ""simd"", ""compact"": true, ""merge_unroll"": 4, ""schedule"": ""queue"", ""sgs"": 4, ""split"": true, ""task_barrier"": false, ""task_batch"": 1, ""task_grain"": ""tile"", ""task_seed"": true, ""tn"": 16, ""workers"": 128}",2451.3828123454005,2385.703125037253,2651.9739581272006,1.0818277523900404,0.9999999018887432,0.00044313072788500717
adaptive,129,3,128,5,16,"{""attention_groups"": 320, ""attention_task_tiles"": 8, ""barrier"": ""simd"", ""compact"": true, ""merge_unroll"": 4, ""schedule"": ""queue"", ""sgs"": 4, ""split"": true, ""task_barrier"": false, ""task_batch"": 1, ""task_grain"": ""tile"", ""task_seed"": true, ""tn"": 16, ""workers"": 128}",632.6197916641831,657.5989581178874,694.1848956048489,1.0973177013300695,0.9999996265052908,0.00086438796417499
adaptive,130,3,8192,5,16,"{""attention_groups"": 320, ""attention_task_tiles"": 8, ""barrier"": ""simd"", ""compact"": true, ""merge_unroll"": 4, ""schedule"": ""queue"", ""sgs"": 4, ""split"": true, ""task_barrier"": false, ""task_batch"": 1, ""task_grain"": ""tile"", ""task_seed"": true, ""tn"": 16, ""workers"": 128}",1069.5494792889804,1124.338541412726,1185.075521003455,1.108013742189164,0.9999998928091576,0.0004630137270387099
adaptive,131,3,32768,5,16,"{""attention_groups"": 320, ""attention_task_tiles"": 8, ""barrier"": ""simd"", ""compact"": true, ""merge_unroll"": 4, ""schedule"": ""queue"", ""sgs"": 4, ""split"": true, ""task_barrier"": false, ""task_batch"": 1, ""task_grain"": ""tile"", ""task_seed"": true, ""tn"": 16, ""workers"": 128}",2450.5781249608845,2381.513020955026,2552.664062473923,1.0416578996087578,0.9999999018887432,0.00044313072788500717
adaptive,132,3,128,5,16,"{""attention_groups"": 320, ""attention_task_tiles"": 1, ""barrier"": ""simd"", ""compact"": true, ""merge_unroll"": 4, ""schedule"": ""queue"", ""sgs"": 4, ""split"": true, ""task_barrier"": false, ""task_batch"": 1, ""task_grain"": ""tile"", ""task_seed"": true, ""tn"": 16, ""workers"": 144}",634.7786458209157,658.2812499254942,688.0312501452863,1.0838916127298244,0.9999996265052908,0.00086438796417499
adaptive,133,3,8192,5,16,"{""attention_groups"": 320, ""attention_task_tiles"": 1, ""barrier"": ""simd"", ""compact"": true, ""merge_unroll"": 4, ""schedule"": ""queue"", ""sgs"": 4, ""split"": true, ""task_barrier"": false, ""task_batch"": 1, ""task_grain"": ""tile"", ""task_seed"": true, ""tn"": 16, ""workers"": 144}",1066.0937500651926,1117.7916664164513,1137.0208330918103,1.0665298741525129,0.9999998928091576,0.0004630137270387099
adaptive,134,3,32768,5,16,"{""attention_groups"": 320, ""attention_task_tiles"": 1, ""barrier"": ""simd"", ""compact"": true, ""merge_unroll"": 4, ""schedule"": ""queue"", ""sgs"": 4, ""split"": true, ""task_barrier"": false, ""task_batch"": 1, ""task_grain"": ""tile"", ""task_seed"": true, ""tn"": 16, ""workers"": 144}",2450.5390624981374,2377.4088544305414,2535.234374925494,1.0345619107744466,0.9999999018887432,0.00044313072788500717
adaptive,135,3,128,5,16,"{""attention_groups"": 320, ""attention_task_tiles"": 8, ""barrier"": ""simd"", ""compact"": true, ""merge_unroll"": 4, ""schedule"": ""queue"", ""sgs"": 4, ""split"": true, ""task_barrier"": false, ""task_batch"": 1, ""task_grain"": ""tile"", ""task_seed"": true, ""tn"": 16, ""workers"": 144}",633.1718750298023,658.4687500726432,685.7135414611548,1.0829816808096213,0.9999996265052908,0.00086438796417499
adaptive,136,3,8192,5,16,"{""attention_groups"": 320, ""attention_task_tiles"": 8, ""barrier"": ""simd"", ""compact"": true, ""merge_unroll"": 4, ""schedule"": ""queue"", ""sgs"": 4, ""split"": true, ""task_barrier"": false, ""task_batch"": 1, ""task_grain"": ""tile"", ""task_seed"": true, ""tn"": 16, ""workers"": 144}",1068.5416664928198,1117.3749999143183,1152.6796875987202,1.0787409829155836,0.9999998928091576,0.0004630137270387099
adaptive,137,3,32768,5,16,"{""attention_groups"": 320, ""attention_task_tiles"": 8, ""barrier"": ""simd"", ""compact"": true, ""merge_unroll"": 4, ""schedule"": ""queue"", ""sgs"": 4, ""split"": true, ""task_barrier"": false, ""task_batch"": 1, ""task_grain"": ""tile"", ""task_seed"": true, ""tn"": 16, ""workers"": 144}",2449.971354100853,2377.6171875651926,2457.528645871207,1.003084644952156,0.9999999018887432,0.00044313072788500717
adaptive,138,3,128,5,16,"{""attention_groups"": 320, ""attention_task_tiles"": 1, ""barrier"": ""simd"", ""compact"": true, ""merge_unroll"": 4, ""schedule"": ""queue"", ""sgs"": 4, ""split"": true, ""task_barrier"": false, ""task_batch"": 1, ""task_grain"": ""tile"", ""task_seed"": true, ""tn"": 16, ""workers"": 192}",633.7239583954215,690.3697915840894,10924.692708533257,17.238882266964307,0.9999996265052908,0.00086438796417499
adaptive,139,3,8192,5,16,"{""attention_groups"": 320, ""attention_task_tiles"": 1, ""barrier"": ""simd"", ""compact"": true, ""merge_unroll"": 4, ""schedule"": ""queue"", ""sgs"": 4, ""split"": true, ""task_barrier"": false, ""task_batch"": 1, ""task_grain"": ""tile"", ""task_seed"": true, ""tn"": 16, ""workers"": 192}",1070.583333261311,1123.2838542200625,11500.351562630385,10.742135810761166,0.9999998928091576,0.0004630137270387099
adaptive,140,3,32768,5,16,"{""attention_groups"": 320, ""attention_task_tiles"": 1, ""barrier"": ""simd"", ""compact"": true, ""merge_unroll"": 4, ""schedule"": ""queue"", ""sgs"": 4, ""split"": true, ""task_barrier"": false, ""task_batch"": 1, ""task_grain"": ""tile"", ""task_seed"": true, ""tn"": 16, ""workers"": 192}",2449.3385415989906,2396.4557289145887,12849.11979176104,5.245955009295207,0.9999999018887432,0.00044313072788500717
adaptive,141,3,128,5,16,"{""attention_groups"": 320, ""attention_task_tiles"": 8, ""barrier"": ""simd"", ""compact"": true, ""merge_unroll"": 4, ""schedule"": ""queue"", ""sgs"": 4, ""split"": true, ""task_barrier"": false, ""task_batch"": 1, ""task_grain"": ""tile"", ""task_seed"": true, ""tn"": 16, ""workers"": 192}",634.9427083041519,691.0651042126119,11015.174479223788,17.348296681198,0.9999996265052908,0.00086438796417499
adaptive,142,3,8192,5,16,"{""attention_groups"": 320, ""attention_task_tiles"": 8, ""barrier"": ""simd"", ""compact"": true, ""merge_unroll"": 4, ""schedule"": ""queue"", ""sgs"": 4, ""split"": true, ""task_barrier"": false, ""task_batch"": 1, ""task_grain"": ""tile"", ""task_seed"": true, ""tn"": 16, ""workers"": 192}",1069.3281248677522,1125.533854123205,11543.372395914048,10.794976890130576,0.9999998928091576,0.0004630137270387099
adaptive,143,3,32768,5,16,"{""attention_groups"": 320, ""attention_task_tiles"": 8, ""barrier"": ""simd"", ""compact"": true, ""merge_unroll"": 4, ""schedule"": ""queue"", ""sgs"": 4, ""split"": true, ""task_barrier"": false, ""task_batch"": 1, ""task_grain"": ""tile"", ""task_seed"": true, ""tn"": 16, ""workers"": 192}",2454.294270602986,2397.1875000279397,12394.729166757315,5.050221285694524,0.9999999018887432,0.00044313072788500717
adaptive,144,3,128,5,16,"{""attention_groups"": 320, ""attention_task_tiles"": 1, ""barrier"": ""simd"", ""compact"": true, ""merge_unroll"": 4, ""schedule"": ""queue"", ""sgs"": 4, ""split"": true, ""task_barrier"": false, ""task_batch"": 1, ""task_grain"": ""tile"", ""task_seed"": true, ""tn"": 16, ""workers"": 200}",633.7630208581686,663.7239581905305,11069.30208322592,17.465995520276888,0.9999996265052908,0.00086438796417499
adaptive,145,3,8192,5,16,"{""attention_groups"": 320, ""attention_task_tiles"": 1, ""barrier"": ""simd"", ""compact"": true, ""merge_unroll"": 4, ""schedule"": ""queue"", ""sgs"": 4, ""split"": true, ""task_barrier"": false, ""task_batch"": 1, ""task_grain"": ""tile"", ""task_seed"": true, ""tn"": 16, ""workers"": 200}",1070.3125,1095.1614582445472,11501.263020792976,10.74570559606935,0.9999998928091576,0.0004630137270387099
adaptive,146,3,32768,5,16,"{""attention_groups"": 320, ""attention_task_tiles"": 1, ""barrier"": ""simd"", ""compact"": true, ""merge_unroll"": 4, ""schedule"": ""queue"", ""sgs"": 4, ""split"": true, ""task_barrier"": false, ""task_batch"": 1, ""task_grain"": ""tile"", ""task_seed"": true, ""tn"": 16, ""workers"": 200}",2451.7239581327885,2364.9192706216127,12473.338541807607,5.087578681291344,0.9999999018887432,0.00044313072788500717
adaptive,147,3,128,5,16,"{""attention_groups"": 320, ""attention_task_tiles"": 8, ""barrier"": ""simd"", ""compact"": true, ""merge_unroll"": 4, ""schedule"": ""queue"", ""sgs"": 4, ""split"": true, ""task_barrier"": false, ""task_batch"": 1, ""task_grain"": ""tile"", ""task_seed"": true, ""tn"": 16, ""workers"": 200}",633.7708334904164,661.403645761311,9445.330729009584,14.90338499326415,0.9999996265052908,0.00086438796417499
adaptive,148,3,8192,5,16,"{""attention_groups"": 320, ""attention_task_tiles"": 8, ""barrier"": ""simd"", ""compact"": true, ""merge_unroll"": 4, ""schedule"": ""queue"", ""sgs"": 4, ""split"": true, ""task_barrier"": false, ""task_batch"": 1, ""task_grain"": ""tile"", ""task_seed"": true, ""tn"": 16, ""workers"": 200}",1068.9635418821126,1091.138020856306,11003.080729395151,10.293223574325225,0.9999998928091576,0.0004630137270387099
adaptive,149,3,32768,5,16,"{""attention_groups"": 320, ""attention_task_tiles"": 8, ""barrier"": ""simd"", ""compact"": true, ""merge_unroll"": 4, ""schedule"": ""queue"", ""sgs"": 4, ""split"": true, ""task_barrier"": false, ""task_batch"": 1, ""task_grain"": ""tile"", ""task_seed"": true, ""tn"": 16, ""workers"": 200}",2452.0755207631737,2364.471353823319,12815.781250130385,5.226503483115257,0.9999999018887432,0.00044313072788500717
confirmation,0,3,128,9,24,"{""attention_groups"": 320, ""attention_task_tiles"": 3, ""barrier"": ""simd"", ""compact"": true, ""merge_unroll"": 4, ""schedule"": ""queue"", ""sgs"": 4, ""split"": true, ""task_barrier"": false, ""task_batch"": 1, ""task_grain"": ""tile"", ""task_seed"": true, ""tn"": 16, ""workers"": 128}",628.439236121873,657.458333298564,690.4826390867432,1.0987261765317882,0.9999996265052908,0.00086438796417499
confirmation,1,3,8192,9,24,"{""attention_groups"": 320, ""attention_task_tiles"": 3, ""barrier"": ""simd"", ""compact"": true, ""merge_unroll"": 4, ""schedule"": ""queue"", ""sgs"": 4, ""split"": true, ""task_barrier"": false, ""task_batch"": 1, ""task_grain"": ""tile"", ""task_seed"": true, ""tn"": 16, ""workers"": 128}",1064.7013889004786,1121.2170139575999,1148.7690972474713,1.078958954335365,0.9999998928091576,0.0004630137270387099
confirmation,2,3,16384,9,24,"{""attention_groups"": 320, ""attention_task_tiles"": 3, ""barrier"": ""simd"", ""compact"": true, ""merge_unroll"": 4, ""schedule"": ""queue"", ""sgs"": 4, ""split"": true, ""task_barrier"": false, ""task_batch"": 1, ""task_grain"": ""tile"", ""task_seed"": true, ""tn"": 16, ""workers"": 128}",1514.8420141388972,1531.5694445744157,1605.2899304777384,1.0597078213402047,0.9999999285949349,0.0003779386102336033
confirmation,3,3,32768,9,24,"{""attention_groups"": 320, ""attention_task_tiles"": 3, ""barrier"": ""simd"", ""compact"": true, ""merge_unroll"": 4, ""schedule"": ""queue"", ""sgs"": 4, ""split"": true, ""task_barrier"": false, ""task_batch"": 1, ""task_grain"": ""tile"", ""task_seed"": true, ""tn"": 16, ""workers"": 128}",2445.493055662761,2386.2725693422058,2519.126736248533,1.0301099528437696,0.9999999018887432,0.00044313072788500717
confirmation,4,3,128,9,24,"{""attention_groups"": 320, ""attention_task_tiles"": 3, ""barrier"": ""simd"", ""compact"": true, ""merge_unroll"": 4, ""schedule"": ""queue"", ""sgs"": 4, ""split"": true, ""task_barrier"": false, ""task_batch"": 1, ""task_grain"": ""tile"", ""task_seed"": true, ""tn"": 16, ""workers"": 144}",631.5538195582727,657.6493054938813,682.7361111839613,1.0810418527141312,0.9999996265052908,0.00086438796417499
confirmation,5,3,8192,9,24,"{""attention_groups"": 320, ""attention_task_tiles"": 3, ""barrier"": ""simd"", ""compact"": true, ""merge_unroll"": 4, ""schedule"": ""queue"", ""sgs"": 4, ""split"": true, ""task_barrier"": false, ""task_batch"": 1, ""task_grain"": ""tile"", ""task_seed"": true, ""tn"": 16, ""workers"": 144}",1067.409722134471,1117.2656250807147,1113.6284722015262,1.0432999148392923,0.9999998928091576,0.0004630137270387099
confirmation,6,3,16384,9,24,"{""attention_groups"": 320, ""attention_task_tiles"": 3, ""barrier"": ""simd"", ""compact"": true, ""merge_unroll"": 4, ""schedule"": ""queue"", ""sgs"": 4, ""split"": true, ""task_barrier"": false, ""task_batch"": 1, ""task_grain"": ""tile"", ""task_seed"": true, ""tn"": 16, ""workers"": 144}",1515.35069445769,1529.7239584227402,1553.3645832911134,1.0250858688833264,0.9999999285949349,0.0003779386102336033
confirmation,7,3,32768,9,24,"{""attention_groups"": 320, ""attention_task_tiles"": 3, ""barrier"": ""simd"", ""compact"": true, ""merge_unroll"": 4, ""schedule"": ""queue"", ""sgs"": 4, ""split"": true, ""task_barrier"": false, ""task_batch"": 1, ""task_grain"": ""tile"", ""task_seed"": true, ""tn"": 16, ""workers"": 144}",2447.2499998907247,2378.3993056664863,2419.8385416530073,0.9887990772340621,0.9999999018887432,0.00044313072788500717
confirmation,8,3,128,9,24,"{""attention_groups"": 320, ""attention_task_tiles"": 3, ""barrier"": ""simd"", ""compact"": true, ""merge_unroll"": 4, ""schedule"": ""queue"", ""sgs"": 4, ""split"": true, ""task_barrier"": false, ""task_batch"": 1, ""task_grain"": ""tile"", ""task_seed"": true, ""tn"": 16, ""workers"": 160}",628.8524304206172,657.8854167213043,661.5486112423241,1.0519934077377064,0.9999996265052908,0.00086438796417499
confirmation,9,3,8192,9,24,"{""attention_groups"": 320, ""attention_task_tiles"": 3, ""barrier"": ""simd"", ""compact"": true, ""merge_unroll"": 4, ""schedule"": ""queue"", ""sgs"": 4, ""split"": true, ""task_barrier"": false, ""task_batch"": 1, ""task_grain"": ""tile"", ""task_seed"": true, ""tn"": 16, ""workers"": 160}",1064.2638891004026,1100.7274305447936,1073.694444571932,1.0088611063178146,0.9999998928091576,0.0004630137270387099
confirmation,10,3,16384,9,24,"{""attention_groups"": 320, ""attention_task_tiles"": 3, ""barrier"": ""simd"", ""compact"": true, ""merge_unroll"": 4, ""schedule"": ""queue"", ""sgs"": 4, ""split"": true, ""task_barrier"": false, ""task_batch"": 1, ""task_grain"": ""tile"", ""task_seed"": true, ""tn"": 16, ""workers"": 160}",1513.4131944117446,1523.2621527587373,1496.8142360448837,0.9890321041020705,0.9999999285949349,0.0003779386102336033
confirmation,11,3,32768,9,24,"{""attention_groups"": 320, ""attention_task_tiles"": 3, ""barrier"": ""simd"", ""compact"": true, ""merge_unroll"": 4, ""schedule"": ""queue"", ""sgs"": 4, ""split"": true, ""task_barrier"": false, ""task_batch"": 1, ""task_grain"": ""tile"", ""task_seed"": true, ""tn"": 16, ""workers"": 160}",2441.9687498981752,2361.0104167213044,2327.196180510024,0.9529999843802518,0.9999999018887432,0.00044313072788500717
confirmation,12,3,128,9,24,"{""attention_groups"": 320, ""attention_task_tiles"": 3, ""barrier"": ""simd"", ""compact"": true, ""merge_unroll"": 4, ""schedule"": ""queue"", ""sgs"": 4, ""split"": true, ""task_barrier"": false, ""task_batch"": 1, ""task_grain"": ""tile"", ""task_seed"": true, ""tn"": 16, ""workers"": 192}",630.4930554081997,689.1319445955256,10718.631944308678,17.000396518831,0.9999996265052908,0.00086438796417499
confirmation,13,3,8192,9,24,"{""attention_groups"": 320, ""attention_task_tiles"": 3, ""barrier"": ""simd"", ""compact"": true, ""merge_unroll"": 4, ""schedule"": ""queue"", ""sgs"": 4, ""split"": true, ""task_barrier"": false, ""task_batch"": 1, ""task_grain"": ""tile"", ""task_seed"": true, ""tn"": 16, ""workers"": 192}",1066.0260415946443,1122.5781249813735,11340.137152622143,10.637767474853323,0.9999998928091576,0.0004630137270387099
confirmation,14,3,16384,9,24,"{""attention_groups"": 320, ""attention_task_tiles"": 3, ""barrier"": ""simd"", ""compact"": true, ""merge_unroll"": 4, ""schedule"": ""queue"", ""sgs"": 4, ""split"": true, ""task_barrier"": false, ""task_batch"": 1, ""task_grain"": ""tile"", ""task_seed"": true, ""tn"": 16, ""workers"": 192}",1514.9375000037253,1548.6684028680127,8406.55381946514,5.549109332526569,0.9999999285949349,0.0003779386102336033
confirmation,15,3,32768,9,24,"{""attention_groups"": 320, ""attention_task_tiles"": 3, ""barrier"": ""simd"", ""compact"": true, ""merge_unroll"": 4, ""schedule"": ""queue"", ""sgs"": 4, ""split"": true, ""task_barrier"": false, ""task_batch"": 1, ""task_grain"": ""tile"", ""task_seed"": true, ""tn"": 16, ""workers"": 192}",2441.3489582948387,2389.248263866951,10785.821180635443,4.417976030828794,0.9999999018887432,0.00044313072788500717
confirmation,16,3,128,9,24,"{""attention_groups"": 320, ""attention_task_tiles"": 3, ""barrier"": ""simd"", ""compact"": true, ""merge_unroll"": 4, ""schedule"": ""queue"", ""sgs"": 4, ""split"": true, ""task_barrier"": false, ""task_batch"": 1, ""task_grain"": ""tile"", ""task_seed"": true, ""tn"": 16, ""workers"": 200}",635.5468750310441,662.8524305609366,7541.607638821006,11.86632793757758,0.9999996265052908,0.00086438796417499
confirmation,17,3,8192,9,24,"{""attention_groups"": 320, ""attention_task_tiles"": 3, ""barrier"": ""simd"", ""compact"": true, ""merge_unroll"": 4, ""schedule"": ""queue"", ""sgs"": 4, ""split"": true, ""task_barrier"": false, ""task_batch"": 1, ""task_grain"": ""tile"", ""task_seed"": true, ""tn"": 16, ""workers"": 200}",1079.909722475956,1101.2187500794728,5746.180555472772,5.320982333873477,0.9999998928091576,0.0004630137270387099
confirmation,18,3,16384,9,24,"{""attention_groups"": 320, ""attention_task_tiles"": 3, ""barrier"": ""simd"", ""compact"": true, ""merge_unroll"": 4, ""schedule"": ""queue"", ""sgs"": 4, ""split"": true, ""task_barrier"": false, ""task_batch"": 1, ""task_grain"": ""tile"", ""task_seed"": true, ""tn"": 16, ""workers"": 200}",1587.5486110647519,1599.0156250384946,3584.524305537343,2.2578989270339513,0.9999999285949349,0.0003779386102336033
confirmation,19,3,32768,9,24,"{""attention_groups"": 320, ""attention_task_tiles"": 3, ""barrier"": ""simd"", ""compact"": true, ""merge_unroll"": 4, ""schedule"": ""queue"", ""sgs"": 4, ""split"": true, ""task_barrier"": false, ""task_batch"": 1, ""task_grain"": ""tile"", ""task_seed"": true, ""tn"": 16, ""workers"": 200}",2583.605902890364,2529.791666660458,4527.751736187686,1.7524931844761396,0.9999999018887432,0.00044313072788500717
confirmation,20,3,128,9,24,"{""attention_groups"": 320, ""attention_task_tiles"": 3, ""barrier"": ""simd"", ""compact"": true, ""merge_unroll"": 4, ""schedule"": ""queue"", ""sgs"": 4, ""split"": true, ""task_barrier"": false, ""task_batch"": 1, ""task_grain"": ""tile"", ""tn"": 16, ""workers"": 160}",668.6319444949428,695.6388888259729,695.8576389588416,1.0407185069275504,0.9999996265052908,0.00086438796417499
confirmation,21,3,8192,9,24,"{""attention_groups"": 320, ""attention_task_tiles"": 3, ""barrier"": ""simd"", ""compact"": true, ""merge_unroll"": 4, ""schedule"": ""queue"", ""sgs"": 4, ""split"": true, ""task_barrier"": false, ""task_batch"": 1, ""task_grain"": ""tile"", ""tn"": 16, ""workers"": 160}",1116.3298611839612,1154.7187500012417,1134.6875000745058,1.0164446365978912,0.9999998928091576,0.0004630137270387099
confirmation,22,3,16384,9,24,"{""attention_groups"": 320, ""attention_task_tiles"": 3, ""barrier"": ""simd"", ""compact"": true, ""merge_unroll"": 4, ""schedule"": ""queue"", ""sgs"": 4, ""split"": true, ""task_barrier"": false, ""task_batch"": 1, ""task_grain"": ""tile"", ""tn"": 16, ""workers"": 160}",1585.6510416294138,1589.687499993791,1577.914930569629,0.9951211768184283,0.9999999285949349,0.0003779386102336033
confirmation,23,3,32768,9,24,"{""attention_groups"": 320, ""attention_task_tiles"": 3, ""barrier"": ""simd"", ""compact"": true, ""merge_unroll"": 4, ""schedule"": ""queue"", ""sgs"": 4, ""split"": true, ""task_barrier"": false, ""task_batch"": 1, ""task_grain"": ""tile"", ""tn"": 16, ""workers"": 160}",2548.0329861554005,2478.1684026432536,2457.5520833022892,0.9644899012906292,0.9999999018887432,0.00044313072788500717
confirmation,24,3,128,9,24,"{""attention_groups"": 320, ""attention_task_tiles"": 3, ""barrier"": ""simd"", ""compact"": true, ""merge_unroll"": 4, ""noinline"": true, ""schedule"": ""queue"", ""sgs"": 4, ""split"": true, ""task_barrier"": false, ""task_batch"": 1, ""task_grain"": ""tile"", ""tn"": 16, ""workers"": 160}",662.5399305485189,692.7777778667709,683.1267359666526,1.0310725504515477,0.9999996265052908,0.00086438796417499
confirmation,25,3,8192,9,24,"{""attention_groups"": 320, ""attention_task_tiles"": 3, ""barrier"": ""simd"", ""compact"": true, ""merge_unroll"": 4, ""noinline"": true, ""schedule"": ""queue"", ""sgs"": 4, ""split"": true, ""task_barrier"": false, ""task_batch"": 1, ""task_grain"": ""tile"", ""tn"": 16, ""workers"": 160}",1118.8298609728615,1154.5659721208115,1148.0503473430872,1.02611700615929,0.9999998928091576,0.0004630137270387099
confirmation,26,3,16384,9,24,"{""attention_groups"": 320, ""attention_task_tiles"": 3, ""barrier"": ""simd"", ""compact"": true, ""merge_unroll"": 4, ""noinline"": true, ""schedule"": ""queue"", ""sgs"": 4, ""split"": true, ""task_barrier"": false, ""task_batch"": 1, ""task_grain"": ""tile"", ""tn"": 16, ""workers"": 160}",1586.4062500186265,1593.519097349296,1571.1909723468125,0.9904089651237599,0.9999999285949349,0.0003779386102336033
confirmation,27,3,32768,9,24,"{""attention_groups"": 320, ""attention_task_tiles"": 3, ""barrier"": ""simd"", ""compact"": true, ""merge_unroll"": 4, ""noinline"": true, ""schedule"": ""queue"", ""sgs"": 4, ""split"": true, ""task_barrier"": false, ""task_batch"": 1, ""task_grain"": ""tile"", ""tn"": 16, ""workers"": 160}",2546.196180706223,2480.7864582786956,2466.6093750856817,0.9687428619115803,0.9999999018887432,0.00044313072788500717
confirmation,28,3,128,9,24,"{""attention_groups"": 320, ""attention_task_tiles"": 3, ""barrier"": ""simd"", ""compact"": true, ""merge_unroll"": 4, ""noinline"": true, ""schedule"": ""queue"", ""sgs"": 4, ""split"": true, ""task_barrier"": false, ""task_batch"": 1, ""task_grain"": ""tile"", ""task_seed"": true, ""tn"": 16, ""workers"": 160}",665.6440971419215,692.3368054752549,701.2465277997156,1.0534856852342873,0.9999996265052908,0.00086438796417499
confirmation,29,3,8192,9,24,"{""attention_groups"": 320, ""attention_task_tiles"": 3, ""barrier"": ""simd"", ""compact"": true, ""merge_unroll"": 4, ""noinline"": true, ""schedule"": ""queue"", ""sgs"": 4, ""split"": true, ""task_barrier"": false, ""task_batch"": 1, ""task_grain"": ""tile"", ""task_seed"": true, ""tn"": 16, ""workers"": 160}",1118.730902671814,1155.5711805510025,1135.3784721965592,1.0148807630905579,0.9999998928091576,0.0004630137270387099
confirmation,30,3,16384,9,24,"{""attention_groups"": 320, ""attention_task_tiles"": 3, ""barrier"": ""simd"", ""compact"": true, ""merge_unroll"": 4, ""noinline"": true, ""schedule"": ""queue"", ""sgs"": 4, ""split"": true, ""task_barrier"": false, ""task_batch"": 1, ""task_grain"": ""tile"", ""task_seed"": true, ""tn"": 16, ""workers"": 160}",1575.2430553548038,1598.6840279462438,1573.6631945086021,0.9989970685216918,0.9999999285949349,0.0003779386102336033
confirmation,31,3,32768,9,24,"{""attention_groups"": 320, ""attention_task_tiles"": 3, ""barrier"": ""simd"", ""compact"": true, ""merge_unroll"": 4, ""noinline"": true, ""schedule"": ""queue"", ""sgs"": 4, ""split"": true, ""task_barrier"": false, ""task_batch"": 1, ""task_grain"": ""tile"", ""task_seed"": true, ""tn"": 16, ""workers"": 160}",2540.4687500558794,2454.3177083445094,2445.7621527835727,0.9627208178529165,0.9999999018887432,0.00044313072788500717
confirmation,32,3,128,9,24,"{""attention_groups"": 320, ""attention_task_tiles"": 3, ""barrier"": ""simd"", ""compact"": true, ""merge_unroll"": 4, ""scalar_sgs"": 2, ""schedule"": ""queue"", ""sgs"": 4, ""split"": true, ""task_barrier"": false, ""task_batch"": 1, ""task_grain"": ""tile"", ""task_seed"": true, ""tn"": 16, ""workers"": 160}",667.6093749701977,690.432291633139,704.0121528940896,1.054527062214363,0.9999996265052908,0.00086438796417499
confirmation,33,3,8192,9,24,"{""attention_groups"": 320, ""attention_task_tiles"": 3, ""barrier"": ""simd"", ""compact"": true, ""merge_unroll"": 4, ""scalar_sgs"": 2, ""schedule"": ""queue"", ""sgs"": 4, ""split"": true, ""task_barrier"": false, ""task_batch"": 1, ""task_grain"": ""tile"", ""task_seed"": true, ""tn"": 16, ""workers"": 160}",1120.4965277574956,1156.4027777252097,1137.6388887874782,1.015298897056192,0.9999998928091576,0.0004630137270387099
confirmation,34,3,16384,9,24,"{""attention_groups"": 320, ""attention_task_tiles"": 3, ""barrier"": ""simd"", ""compact"": true, ""merge_unroll"": 4, ""scalar_sgs"": 2, ""schedule"": ""queue"", ""sgs"": 4, ""split"": true, ""task_barrier"": false, ""task_batch"": 1, ""task_grain"": ""tile"", ""task_seed"": true, ""tn"": 16, ""workers"": 160}",1571.029513919105,1594.2708333022892,1571.871527781089,1.000535963108601,0.9999999285949349,0.0003779386102336033
confirmation,35,3,32768,9,24,"{""attention_groups"": 320, ""attention_task_tiles"": 3, ""barrier"": ""simd"", ""compact"": true, ""merge_unroll"": 4, ""scalar_sgs"": 2, ""schedule"": ""queue"", ""sgs"": 4, ""split"": true, ""task_barrier"": false, ""task_batch"": 1, ""task_grain"": ""tile"", ""task_seed"": true, ""tn"": 16, ""workers"": 160}",2546.7100692912936,2480.005208402872,2433.2777777065835,0.9554592833505086,0.9999999018887432,0.00044313072788500717
tier,0,3,4096,7,24,"{""attention_groups"": 160, ""attention_task_tiles"": 1, ""barrier"": ""simd"", ""compact"": true, ""merge_unroll"": 4, ""schedule"": ""queue"", ""sgs"": 8, ""split"": true, ""task_barrier"": false, ""task_batch"": 1, ""task_grain"": ""tile"", ""task_seed"": true, ""tn"": 16, ""workers"": 80}",851.0312500099341,850.2760417759418,887.3749999329448,1.0427055409805297,0.9999999347767698,0.0003611820933745449
tier,1,3,8192,7,24,"{""attention_groups"": 160, ""attention_task_tiles"": 1, ""barrier"": ""simd"", ""compact"": true, ""merge_unroll"": 4, ""schedule"": ""queue"", ""sgs"": 8, ""split"": true, ""task_barrier"": false, ""task_batch"": 1, ""task_grain"": ""tile"", ""task_seed"": true, ""tn"": 16, ""workers"": 80}",1067.8368055572112,1056.5746525923412,1130.4236110299826,1.0586108337407538,0.9999998948697897,0.00045854190688862797
tier,2,3,16384,7,24,"{""attention_groups"": 160, ""attention_task_tiles"": 1, ""barrier"": ""simd"", ""compact"": true, ""merge_unroll"": 4, ""schedule"": ""queue"", ""sgs"": 8, ""split"": true, ""task_barrier"": false, ""task_batch"": 1, ""task_grain"": ""tile"", ""task_seed"": true, ""tn"": 16, ""workers"": 80}",1519.50173623239,1537.0607638421159,1627.7326388905446,1.071227890088835,0.9999999372549024,0.00035425252279456084
tier,3,3,32768,7,24,"{""attention_groups"": 160, ""attention_task_tiles"": 1, ""barrier"": ""simd"", ""compact"": true, ""merge_unroll"": 4, ""schedule"": ""queue"", ""sgs"": 8, ""split"": true, ""task_barrier"": false, ""task_batch"": 1, ""task_grain"": ""tile"", ""task_seed"": true, ""tn"": 16, ""workers"": 80}",2450.9756945384047,2475.46354169026,2608.602430516233,1.0643118315408324,0.999999907027142,0.00043137244749525875
tier,4,3,4096,7,24,"{""attention_groups"": 160, ""attention_task_tiles"": 3, ""barrier"": ""simd"", ""compact"": true, ""merge_unroll"": 4, ""schedule"": ""queue"", ""sgs"": 8, ""split"": true, ""task_barrier"": false, ""task_batch"": 1, ""task_grain"": ""tile"", ""task_seed"": true, ""tn"": 16, ""workers"": 80}",851.864583324641,848.2638887750605,880.118055579563,1.0331666239071178,0.9999999347767698,0.0003611820933745449
tier,5,3,8192,7,24,"{""attention_groups"": 160, ""attention_task_tiles"": 3, ""barrier"": ""simd"", ""compact"": true, ""merge_unroll"": 4, ""schedule"": ""queue"", ""sgs"": 8, ""split"": true, ""task_barrier"": false, ""task_batch"": 1, ""task_grain"": ""tile"", ""task_seed"": true, ""tn"": 16, ""workers"": 80}",1066.4947916132708,1053.9826390643914,1106.5590277624626,1.0375662745512215,0.9999998948697897,0.00045854190688862797
tier,6,3,16384,7,24,"{""attention_groups"": 160, ""attention_task_tiles"": 3, ""barrier"": ""simd"", ""compact"": true, ""merge_unroll"": 4, ""schedule"": ""queue"", ""sgs"": 8, ""split"": true, ""task_barrier"": false, ""task_batch"": 1, ""task_grain"": ""tile"", ""task_seed"": true, ""tn"": 16, ""workers"": 80}",1518.6354167138536,1530.2499999913077,1568.5260416939855,1.032852272791115,0.9999999372549024,0.00035425252279456084
tier,7,3,32768,7,24,"{""attention_groups"": 160, ""attention_task_tiles"": 3, ""barrier"": ""simd"", ""compact"": true, ""merge_unroll"": 4, ""schedule"": ""queue"", ""sgs"": 8, ""split"": true, ""task_barrier"": false, ""task_batch"": 1, ""task_grain"": ""tile"", ""task_seed"": true, ""tn"": 16, ""workers"": 80}",2448.6822915884354,2473.347222122053,2470.583333323399,1.0089440111566115,0.999999907027142,0.00043137244749525875
tier,8,3,4096,7,24,"{""attention_groups"": 160, ""attention_task_tiles"": 8, ""barrier"": ""simd"", ""compact"": true, ""merge_unroll"": 4, ""schedule"": ""queue"", ""sgs"": 8, ""split"": true, ""task_barrier"": false, ""task_batch"": 1, ""task_grain"": ""tile"", ""task_seed"": true, ""tn"": 16, ""workers"": 80}",853.4600692801178,852.2309027612209,876.178819530954,1.0266195819448227,0.9999999347767698,0.0003611820933745449
tier,9,3,8192,7,24,"{""attention_groups"": 160, ""attention_task_tiles"": 8, ""barrier"": ""simd"", ""compact"": true, ""merge_unroll"": 4, ""schedule"": ""queue"", ""sgs"": 8, ""split"": true, ""task_barrier"": false, ""task_batch"": 1, ""task_grain"": ""tile"", ""task_seed"": true, ""tn"": 16, ""workers"": 80}",1070.2916666244466,1054.5173610250156,1131.0590277425945,1.0567764498342773,0.9999998948697897,0.00045854190688862797
tier,10,3,16384,7,24,"{""attention_groups"": 160, ""attention_task_tiles"": 8, ""barrier"": ""simd"", ""compact"": true, ""merge_unroll"": 4, ""schedule"": ""queue"", ""sgs"": 8, ""split"": true, ""task_barrier"": false, ""task_batch"": 1, ""task_grain"": ""tile"", ""task_seed"": true, ""tn"": 16, ""workers"": 80}",1522.5920140122373,1535.6145833308499,1585.3541667262714,1.0412205975970197,0.9999999372549024,0.00035425252279456084
tier,11,3,32768,7,24,"{""attention_groups"": 160, ""attention_task_tiles"": 8, ""barrier"": ""simd"", ""compact"": true, ""merge_unroll"": 4, ""schedule"": ""queue"", ""sgs"": 8, ""split"": true, ""task_barrier"": false, ""task_batch"": 1, ""task_grain"": ""tile"", ""task_seed"": true, ""tn"": 16, ""workers"": 80}",2451.7534722884498,2472.4236112087965,2487.190972082317,1.0144539409016478,0.999999907027142,0.00043137244749525875
tier,12,3,4096,7,24,"{""attention_groups"": 320, ""attention_task_tiles"": 1, ""barrier"": ""simd"", ""compact"": true, ""merge_unroll"": 4, ""schedule"": ""queue"", ""sgs"": 4, ""split"": true, ""task_barrier"": false, ""task_batch"": 1, ""task_grain"": ""tile"", ""task_seed"": true, ""tn"": 16, ""workers"": 128}",854.0156250819564,914.0190971083939,925.7708333122233,1.0840209547962087,0.9999999277667948,0.000380090430355701
tier,13,3,8192,7,24,"{""attention_groups"": 320, ""attention_task_tiles"": 1, ""barrier"": ""simd"", ""compact"": true, ""merge_unroll"": 4, ""schedule"": ""queue"", ""sgs"": 4, ""split"": true, ""task_barrier"": false, ""task_batch"": 1, ""task_grain"": ""tile"", ""task_seed"": true, ""tn"": 16, ""workers"": 128}",1070.1440973207355,1118.71354173248,1170.8628471630316,1.094116997976684,0.9999998928091576,0.0004630137270387099
tier,14,3,16384,7,24,"{""attention_groups"": 320, ""attention_task_tiles"": 1, ""barrier"": ""simd"", ""compact"": true, ""merge_unroll"": 4, ""schedule"": ""queue"", ""sgs"": 4, ""split"": true, ""task_barrier"": false, ""task_batch"": 1, ""task_grain"": ""tile"", ""task_seed"": true, ""tn"": 16, ""workers"": 128}",1522.6354167486231,1534.6406249639888,1665.2135415934026,1.0936390440393375,0.9999999285949349,0.0003779386102336033
tier,15,3,32768,7,24,"{""attention_groups"": 320, ""attention_task_tiles"": 1, ""barrier"": ""simd"", ""compact"": true, ""merge_unroll"": 4, ""schedule"": ""queue"", ""sgs"": 4, ""split"": true, ""task_barrier"": false, ""task_batch"": 1, ""task_grain"": ""tile"", ""task_seed"": true, ""tn"": 16, ""workers"": 128}",2453.3489582439265,2395.2170138557753,2647.3003472201526,1.0790557691862368,0.9999999018887432,0.00044313072788500717
tier,16,3,4096,7,24,"{""attention_groups"": 320, ""attention_task_tiles"": 3, ""barrier"": ""simd"", ""compact"": true, ""merge_unroll"": 4, ""schedule"": ""queue"", ""sgs"": 4, ""split"": true, ""task_barrier"": false, ""task_batch"": 1, ""task_grain"": ""tile"", ""task_seed"": true, ""tn"": 16, ""workers"": 128}",853.0555555286506,914.9791666616997,922.6041665921608,1.081528817921372,0.9999999277667948,0.000380090430355701
tier,17,3,8192,7,24,"{""attention_groups"": 320, ""attention_task_tiles"": 3, ""barrier"": ""simd"", ""compact"": true, ""merge_unroll"": 4, ""schedule"": ""queue"", ""sgs"": 4, ""split"": true, ""task_barrier"": false, ""task_batch"": 1, ""task_grain"": ""tile"", ""task_seed"": true, ""tn"": 16, ""workers"": 128}",1068.326388951391,1128.4618056379259,1150.3506945446134,1.0767783202226549,0.9999998928091576,0.0004630137270387099
tier,18,3,16384,7,24,"{""attention_groups"": 320, ""attention_task_tiles"": 3, ""barrier"": ""simd"", ""compact"": true, ""merge_unroll"": 4, ""schedule"": ""queue"", ""sgs"": 4, ""split"": true, ""task_barrier"": false, ""task_batch"": 1, ""task_grain"": ""tile"", ""task_seed"": true, ""tn"": 16, ""workers"": 128}",1518.5017360684772,1537.2152778630455,1611.0434027699132,1.0609427467241717,0.9999999285949349,0.0003779386102336033
tier,19,3,32768,7,24,"{""attention_groups"": 320, ""attention_task_tiles"": 3, ""barrier"": ""simd"", ""compact"": true, ""merge_unroll"": 4, ""schedule"": ""queue"", ""sgs"": 4, ""split"": true, ""task_barrier"": false, ""task_batch"": 1, ""task_grain"": ""tile"", ""task_seed"": true, ""tn"": 16, ""workers"": 128}",2451.8923610448837,2391.218750116726,2519.506944498668,1.0275764892978296,0.9999999018887432,0.00044313072788500717
tier,20,3,4096,7,24,"{""attention_groups"": 320, ""attention_task_tiles"": 8, ""barrier"": ""simd"", ""compact"": true, ""merge_unroll"": 4, ""schedule"": ""queue"", ""sgs"": 4, ""split"": true, ""task_barrier"": false, ""task_batch"": 1, ""task_grain"": ""tile"", ""task_seed"": true, ""tn"": 16, ""workers"": 128}",851.8958332327505,911.6215275910994,924.4444444775581,1.0851613641183127,0.9999999277667948,0.000380090430355701
tier,21,3,8192,7,24,"{""attention_groups"": 320, ""attention_task_tiles"": 8, ""barrier"": ""simd"", ""compact"": true, ""merge_unroll"": 4, ""schedule"": ""queue"", ""sgs"": 4, ""split"": true, ""task_barrier"": false, ""task_batch"": 1, ""task_grain"": ""tile"", ""task_seed"": true, ""tn"": 16, ""workers"": 128}",1068.677083433916,1120.3975693012278,1185.9982637688518,1.1097816937909388,0.9999998928091576,0.0004630137270387099
tier,22,3,16384,7,24,"{""attention_groups"": 320, ""attention_task_tiles"": 8, ""barrier"": ""simd"", ""compact"": true, ""merge_unroll"": 4, ""schedule"": ""queue"", ""sgs"": 4, ""split"": true, ""task_barrier"": false, ""task_batch"": 1, ""task_grain"": ""tile"", ""task_seed"": true, ""tn"": 16, ""workers"": 128}",1520.1597221506138,1528.9583331905305,1641.6024304926395,1.0798881239730633,0.9999999285949349,0.0003779386102336033
tier,23,3,32768,7,24,"{""attention_groups"": 320, ""attention_task_tiles"": 8, ""barrier"": ""simd"", ""compact"": true, ""merge_unroll"": 4, ""schedule"": ""queue"", ""sgs"": 4, ""split"": true, ""task_barrier"": false, ""task_batch"": 1, ""task_grain"": ""tile"", ""task_seed"": true, ""tn"": 16, ""workers"": 128}",2449.6458332675197,2389.532986097038,2555.66319435214,1.0432786485478216,0.9999999018887432,0.00044313072788500717
tier,24,3,4096,7,24,"{""attention_groups"": 320, ""attention_task_tiles"": 1, ""barrier"": ""simd"", ""compact"": true, ""merge_unroll"": 4, ""schedule"": ""queue"", ""sgs"": 4, ""split"": true, ""task_barrier"": false, ""task_batch"": 1, ""task_grain"": ""tile"", ""task_seed"": true, ""tn"": 16, ""workers"": 160}",851.4218749478459,891.970486069719,871.1059026730558,1.023119006340324,0.9999999277667948,0.000380090430355701
tier,25,3,8192,7,24,"{""attention_groups"": 320, ""attention_task_tiles"": 1, ""barrier"": ""simd"", ""compact"": true, ""merge_unroll"": 4, ""schedule"": ""queue"", ""sgs"": 4, ""split"": true, ""task_barrier"": false, ""task_batch"": 1, ""task_grain"": ""tile"", ""task_seed"": true, ""tn"": 16, ""workers"": 160}",1068.7465276569128,1102.6822916852932,1090.9774304988484,1.0208009123460489,0.9999998928091576,0.0004630137270387099
tier,26,3,16384,7,24,"{""attention_groups"": 320, ""attention_task_tiles"": 1, ""barrier"": ""simd"", ""compact"": true, ""merge_unroll"": 4, ""schedule"": ""queue"", ""sgs"": 4, ""split"": true, ""task_barrier"": false, ""task_batch"": 1, ""task_grain"": ""tile"", ""task_seed"": true, ""tn"": 16, ""workers"": 160}",1518.5381945533056,1527.8281249726813,1534.72916673248,1.0106622093782351,0.9999999285949349,0.0003779386102336033
tier,27,3,32768,7,24,"{""attention_groups"": 320, ""attention_task_tiles"": 1, ""barrier"": ""simd"", ""compact"": true, ""merge_unroll"": 4, ""schedule"": ""queue"", ""sgs"": 4, ""split"": true, ""task_barrier"": false, ""task_batch"": 1, ""task_grain"": ""tile"", ""task_seed"": true, ""tn"": 16, ""workers"": 160}",2449.7517361305654,2371.227430490156,2417.6822917846343,0.9869091043500655,0.9999999018887432,0.00044313072788500717
tier,28,3,4096,7,24,"{""attention_groups"": 320, ""attention_task_tiles"": 3, ""barrier"": ""simd"", ""compact"": true, ""merge_unroll"": 4, ""schedule"": ""queue"", ""sgs"": 4, ""split"": true, ""task_barrier"": false, ""task_batch"": 1, ""task_grain"": ""tile"", ""task_seed"": true, ""tn"": 16, ""workers"": 160}",851.5937500633299,893.013888814797,868.6493057757616,1.02002780752109,0.9999999277667948,0.000380090430355701
tier,29,3,8192,7,24,"{""attention_groups"": 320, ""attention_task_tiles"": 3, ""barrier"": ""simd"", ""compact"": true, ""merge_unroll"": 4, ""schedule"": ""queue"", ""sgs"": 4, ""split"": true, ""task_barrier"": false, ""task_batch"": 1, ""task_grain"": ""tile"", ""task_seed"": true, ""tn"": 16, ""workers"": 160}",1068.593749931703,1104.901041680326,1079.7725695495803,1.0104612436846012,0.9999998928091576,0.0004630137270387099
tier,30,3,16384,7,24,"{""attention_groups"": 320, ""attention_task_tiles"": 3, ""barrier"": ""simd"", ""compact"": true, ""merge_unroll"": 4, ""schedule"": ""queue"", ""sgs"": 4, ""split"": true, ""task_barrier"": false, ""task_batch"": 1, ""task_grain"": ""tile"", ""task_seed"": true, ""tn"": 16, ""workers"": 160}",1519.6493056913216,1521.7552084165316,1500.1197916766007,0.9871486704586513,0.9999999285949349,0.0003779386102336033
tier,31,3,32768,7,24,"{""attention_groups"": 320, ""attention_task_tiles"": 3, ""barrier"": ""simd"", ""compact"": true, ""merge_unroll"": 4, ""schedule"": ""queue"", ""sgs"": 4, ""split"": true, ""task_barrier"": false, ""task_batch"": 1, ""task_grain"": ""tile"", ""task_seed"": true, ""tn"": 16, ""workers"": 160}",2448.142361206313,2367.0538193546236,2335.7916666815677,0.9541077772661125,0.9999999018887432,0.00044313072788500717
tier,32,3,4096,7,24,"{""attention_groups"": 320, ""attention_task_tiles"": 8, ""barrier"": ""simd"", ""compact"": true, ""merge_unroll"": 4, ""schedule"": ""queue"", ""sgs"": 4, ""split"": true, ""task_barrier"": false, ""task_batch"": 1, ""task_grain"": ""tile"", ""task_seed"": true, ""tn"": 16, ""workers"": 160}",852.951388961325,889.6718750086924,876.1961806255082,1.0272521880672347,0.9999999277667948,0.000380090430355701
tier,33,3,8192,7,24,"{""attention_groups"": 320, ""attention_task_tiles"": 8, ""barrier"": ""simd"", ""compact"": true, ""merge_unroll"": 4, ""schedule"": ""queue"", ""sgs"": 4, ""split"": true, ""task_barrier"": false, ""task_batch"": 1, ""task_grain"": ""tile"", ""task_seed"": true, ""tn"": 16, ""workers"": 160}",1068.013888783753,1101.0312500099342,1113.3906251440446,1.0424870283400214,0.9999998928091576,0.0004630137270387099
tier,34,3,16384,7,24,"{""attention_groups"": 320, ""attention_task_tiles"": 8, ""barrier"": ""simd"", ""compact"": true, ""merge_unroll"": 4, ""schedule"": ""queue"", ""sgs"": 4, ""split"": true, ""task_barrier"": false, ""task_batch"": 1, ""task_grain"": ""tile"", ""task_seed"": true, ""tn"": 16, ""workers"": 160}",1518.630208292355,1522.0434027723968,1523.68055547898,1.0033255937877754,0.9999999285949349,0.0003779386102336033
tier,35,3,32768,7,24,"{""attention_groups"": 320, ""attention_task_tiles"": 8, ""barrier"": ""simd"", ""compact"": true, ""merge_unroll"": 4, ""schedule"": ""queue"", ""sgs"": 4, ""split"": true, ""task_barrier"": false, ""task_batch"": 1, ""task_grain"": ""tile"", ""task_seed"": true, ""tn"": 16, ""workers"": 160}",2447.2812501092753,2363.3628470512726,2367.2881942863264,0.9673135011272704,0.9999999018887432,0.00044313072788500717
tier,36,3,4096,7,24,"{""attention_groups"": 320, ""attention_task_tiles"": 1, ""barrier"": ""simd"", ""compact"": true, ""merge_unroll"": 4, ""schedule"": ""queue"", ""sgs"": 4, ""split"": true, ""task_barrier"": false, ""task_batch"": 1, ""task_grain"": ""tile"", ""task_seed"": true, ""tn"": 16, ""workers"": 192}",852.1458332737287,917.8194444005688,4531.008680506299,5.317175187138227,0.9999999277667948,0.000380090430355701
tier,37,3,8192,7,24,"{""attention_groups"": 320, ""attention_task_tiles"": 1, ""barrier"": ""simd"", ""compact"": true, ""merge_unroll"": 4, ""schedule"": ""queue"", ""sgs"": 4, ""split"": true, ""task_barrier"": false, ""task_batch"": 1, ""task_grain"": ""tile"", ""task_seed"": true, ""tn"": 16, ""workers"": 192}",1066.6562500409782,1125.1631945682068,4119.640624926736,3.8622008025251526,0.9999998928091576,0.0004630137270387099
tier,38,3,16384,7,24,"{""attention_groups"": 320, ""attention_task_tiles"": 1, ""barrier"": ""simd"", ""compact"": true, ""merge_unroll"": 4, ""schedule"": ""queue"", ""sgs"": 4, ""split"": true, ""task_barrier"": false, ""task_batch"": 1, ""task_grain"": ""tile"", ""task_seed"": true, ""tn"": 16, ""workers"": 192}",1520.4236111603677,1553.0312499031425,5257.880208392938,3.4581679538508294,0.9999999285949349,0.0003779386102336033
tier,39,3,32768,7,24,"{""attention_groups"": 320, ""attention_task_tiles"": 1, ""barrier"": ""simd"", ""compact"": true, ""merge_unroll"": 4, ""schedule"": ""queue"", ""sgs"": 4, ""split"": true, ""task_barrier"": false, ""task_batch"": 1, ""task_grain"": ""tile"", ""task_seed"": true, ""tn"": 16, ""workers"": 192}",2448.1232641264796,2400.227430431793,6294.687500068297,2.571229803787808,0.9999999018887432,0.00044313072788500717
tier,40,3,4096,7,24,"{""attention_groups"": 320, ""attention_task_tiles"": 3, ""barrier"": ""simd"", ""compact"": true, ""merge_unroll"": 4, ""schedule"": ""queue"", ""sgs"": 4, ""split"": true, ""task_barrier"": false, ""task_batch"": 1, ""task_grain"": ""tile"", ""task_seed"": true, ""tn"": 16, ""workers"": 192}",852.1475695694486,920.2170139178634,3598.9479166455567,4.223385766932295,0.9999999277667948,0.000380090430355701
tier,41,3,8192,7,24,"{""attention_groups"": 320, ""attention_task_tiles"": 3, ""barrier"": ""simd"", ""compact"": true, ""merge_unroll"": 4, ""schedule"": ""queue"", ""sgs"": 4, ""split"": true, ""task_barrier"": false, ""task_batch"": 1, ""task_grain"": ""tile"", ""task_seed"": true, ""tn"": 16, ""workers"": 192}",1066.373263951391,1124.0920138855774,3932.348958371828,3.687591475990979,0.9999998928091576,0.0004630137270387099
tier,42,3,16384,7,24,"{""attention_groups"": 320, ""attention_task_tiles"": 3, ""barrier"": ""simd"", ""compact"": true, ""merge_unroll"": 4, ""schedule"": ""queue"", ""sgs"": 4, ""split"": true, ""task_barrier"": false, ""task_batch"": 1, ""task_grain"": ""tile"", ""task_seed"": true, ""tn"": 16, ""workers"": 192}",1517.6614583469927,1550.2291667896013,4962.298611023773,3.269700619813204,0.9999999285949349,0.0003779386102336033
tier,43,3,32768,7,24,"{""attention_groups"": 320, ""attention_task_tiles"": 3, ""barrier"": ""simd"", ""compact"": true, ""merge_unroll"": 4, ""schedule"": ""queue"", ""sgs"": 4, ""split"": true, ""task_barrier"": false, ""task_batch"": 1, ""task_grain"": ""tile"", ""task_seed"": true, ""tn"": 16, ""workers"": 192}",2445.225694527229,2398.4722221891084,5945.609375058363,2.431517625700361,0.9999999018887432,0.00044313072788500717
tier,44,3,4096,7,24,"{""attention_groups"": 320, ""attention_task_tiles"": 3, ""barrier"": ""simd"", ""compact"": true, ""merge_unroll"": 4, ""scalar_sgs"": 2, ""schedule"": ""queue"", ""sgs"": 4, ""split"": true, ""task_barrier"": false, ""task_batch"": 1, ""task_grain"": ""tile"", ""task_seed"": true, ""tn"": 16, ""workers"": 160}",851.7482639290392,890.085069462657,866.7187499813735,1.0175761861647674,0.9999999277667948,0.000380090430355701
tier,45,3,8192,7,24,"{""attention_groups"": 320, ""attention_task_tiles"": 3, ""barrier"": ""simd"", ""compact"": true, ""merge_unroll"": 4, ""scalar_sgs"": 2, ""schedule"": ""queue"", ""sgs"": 4, ""split"": true, ""task_barrier"": false, ""task_batch"": 1, ""task_grain"": ""tile"", ""task_seed"": true, ""tn"": 16, ""workers"": 160}",1069.5868053783972,1102.565972134471,1078.5104166716337,1.0083430454156355,0.9999998928091576,0.0004630137270387099
tier,46,3,16384,7,24,"{""attention_groups"": 320, ""attention_task_tiles"": 3, ""barrier"": ""simd"", ""compact"": true, ""merge_unroll"": 4, ""scalar_sgs"": 2, ""schedule"": ""queue"", ""sgs"": 4, ""split"": true, ""task_barrier"": false, ""task_batch"": 1, ""task_grain"": ""tile"", ""task_seed"": true, ""tn"": 16, ""workers"": 160}",1521.217014019688,1520.244791638106,1493.4756943645577,0.9817637329851931,0.9999999285949349,0.0003779386102336033
tier,47,3,32768,7,24,"{""attention_groups"": 320, ""attention_task_tiles"": 3, ""barrier"": ""simd"", ""compact"": true, ""merge_unroll"": 4, ""scalar_sgs"": 2, ""schedule"": ""queue"", ""sgs"": 4, ""split"": true, ""task_barrier"": false, ""task_batch"": 1, ""task_grain"": ""tile"", ""task_seed"": true, ""tn"": 16, ""workers"": 160}",2449.2135415785015,2361.770833376795,2325.538194583108,0.9495040571612693,0.9999999018887432,0.00044313072788500717
tier,48,3,4096,7,24,"{""attention_groups"": 320, ""attention_task_tiles"": 3, ""barrier"": ""simd"", ""compact"": true, ""merge_sgs"": 1, ""merge_unroll"": 4, ""schedule"": ""queue"", ""sgs"": 4, ""split"": true, ""task_barrier"": false, ""task_batch"": 1, ""task_grain"": ""tile"", ""task_seed"": true, ""tn"": 16, ""workers"": 160}",851.756944321096,890.7656250521541,899.276041580985,1.0557895037741838,0.9999999277667948,0.000380090430355701
tier,49,3,8192,7,24,"{""attention_groups"": 320, ""attention_task_tiles"": 3, ""barrier"": ""simd"", ""compact"": true, ""merge_sgs"": 1, ""merge_unroll"": 4, ""schedule"": ""queue"", ""sgs"": 4, ""split"": true, ""task_barrier"": false, ""task_batch"": 1, ""task_grain"": ""tile"", ""task_seed"": true, ""tn"": 16, ""workers"": 160}",1068.6197917287548,1100.4201389538746,1145.5277775724728,1.071969456713225,0.9999998928091576,0.0004630137270387099
tier,50,3,16384,7,24,"{""attention_groups"": 320, ""attention_task_tiles"": 3, ""barrier"": ""simd"", ""compact"": true, ""merge_sgs"": 1, ""merge_unroll"": 4, ""schedule"": ""queue"", ""sgs"": 4, ""split"": true, ""task_barrier"": false, ""task_batch"": 1, ""task_grain"": ""tile"", ""task_seed"": true, ""tn"": 16, ""workers"": 160}",1518.3541666095455,1519.9652778295178,1631.3125000645716,1.074395247129502,0.9999999285949349,0.0003779386102336033
tier,51,3,32768,7,24,"{""attention_groups"": 320, ""attention_task_tiles"": 3, ""barrier"": ""simd"", ""compact"": true, ""merge_sgs"": 1, ""merge_unroll"": 4, ""schedule"": ""queue"", ""sgs"": 4, ""split"": true, ""task_barrier"": false, ""task_batch"": 1, ""task_grain"": ""tile"", ""task_seed"": true, ""tn"": 16, ""workers"": 160}",2451.2656250347695,2357.4270832662783,2644.994791597128,1.0790323025721091,0.9999999018887432,0.00044313072788500717
tier,52,3,4096,7,24,"{""attention_groups"": 320, ""attention_task_tiles"": 3, ""barrier"": ""simd"", ""compact"": true, ""merge_sgs"": 2, ""merge_unroll"": 4, ""schedule"": ""queue"", ""sgs"": 4, ""split"": true, ""task_barrier"": false, ""task_batch"": 1, ""task_grain"": ""tile"", ""task_seed"": true, ""tn"": 16, ""workers"": 160}",851.364583397905,888.3159722511967,869.3732637912035,1.0211527243961964,0.9999999277667948,0.000380090430355701
tier,53,3,8192,7,24,"{""attention_groups"": 320, ""attention_task_tiles"": 3, ""barrier"": ""simd"", ""compact"": true, ""merge_sgs"": 2, ""merge_unroll"": 4, ""schedule"": ""queue"", ""sgs"": 4, ""split"": true, ""task_barrier"": false, ""task_batch"": 1, ""task_grain"": ""tile"", ""task_seed"": true, ""tn"": 16, ""workers"": 160}",1069.8090276370447,1097.4878473207355,1080.2135416306555,1.009725580664235,0.9999998928091576,0.0004630137270387099
tier,54,3,16384,7,24,"{""attention_groups"": 320, ""attention_task_tiles"": 3, ""barrier"": ""simd"", ""compact"": true, ""merge_sgs"": 2, ""merge_unroll"": 4, ""schedule"": ""queue"", ""sgs"": 4, ""split"": true, ""task_barrier"": false, ""task_batch"": 1, ""task_grain"": ""tile"", ""task_seed"": true, ""tn"": 16, ""workers"": 160}",1518.9895833221574,1520.4618056304753,1498.583333256344,0.9865659051978598,0.9999999285949349,0.0003779386102336033
tier,55,3,32768,7,24,"{""attention_groups"": 320, ""attention_task_tiles"": 3, ""barrier"": ""simd"", ""compact"": true, ""merge_sgs"": 2, ""merge_unroll"": 4, ""schedule"": ""queue"", ""sgs"": 4, ""split"": true, ""task_barrier"": false, ""task_batch"": 1, ""task_grain"": ""tile"", ""task_seed"": true, ""tn"": 16, ""workers"": 160}",2445.2430557770035,2360.430555573354,2327.069444426646,0.951672038871078,0.9999999018887432,0.00044313072788500717
tier,56,3,4096,7,24,"{""attention_groups"": 320, ""attention_task_tiles"": 3, ""barrier"": ""simd"", ""compact"": true, ""merge_unroll"": 4, ""noinline"": true, ""schedule"": ""queue"", ""sgs"": 4, ""split"": true, ""task_barrier"": false, ""task_batch"": 1, ""task_grain"": ""tile"", ""task_seed"": true, ""tn"": 16, ""workers"": 160}",852.0138887688518,889.6024307856957,867.529513935248,1.0182105308034546,0.9999999277667948,0.000380090430355701
tier,57,3,8192,7,24,"{""attention_groups"": 320, ""attention_task_tiles"": 3, ""barrier"": ""simd"", ""compact"": true, ""merge_unroll"": 4, ""noinline"": true, ""schedule"": ""queue"", ""sgs"": 4, ""split"": true, ""task_barrier"": false, ""task_batch"": 1, ""task_grain"": ""tile"", ""task_seed"": true, ""tn"": 16, ""workers"": 160}",1067.786458414048,1100.1041666604578,1080.5711805199583,1.011973107548956,0.9999998928091576,0.0004630137270387099
tier,58,3,16384,7,24,"{""attention_groups"": 320, ""attention_task_tiles"": 3, ""barrier"": ""simd"", ""compact"": true, ""merge_unroll"": 4, ""noinline"": true, ""schedule"": ""queue"", ""sgs"": 4, ""split"": true, ""task_barrier"": false, ""task_batch"": 1, ""task_grain"": ""tile"", ""task_seed"": true, ""tn"": 16, ""workers"": 160}",1519.0746528096497,1519.4861111231148,1496.7934028245509,0.9853323535193692,0.9999999285949349,0.0003779386102336033
tier,59,3,32768,7,24,"{""attention_groups"": 320, ""attention_task_tiles"": 3, ""barrier"": ""simd"", ""compact"": true, ""merge_unroll"": 4, ""noinline"": true, ""schedule"": ""queue"", ""sgs"": 4, ""split"": true, ""task_barrier"": false, ""task_batch"": 1, ""task_grain"": ""tile"", ""task_seed"": true, ""tn"": 16, ""workers"": 160}",2448.54687495778,2366.2847221518555,2337.104166702678,0.9544861855025653,0.9999999018887432,0.00044313072788500717
tier,60,3,4096,7,24,"{""attention_groups"": 320, ""attention_task_tiles"": 6, ""barrier"": ""simd"", ""compact"": true, ""merge_unroll"": 4, ""schedule"": ""queue"", ""sgs"": 4, ""split"": true, ""task_barrier"": false, ""task_batch"": 1, ""task_grain"": ""tile"", ""task_seed"": true, ""tn"": 16, ""workers"": 160}",851.5746526730558,889.7708333097398,877.2204861355325,1.030115778319582,0.9999999277667948,0.000380090430355701
tier,61,3,8192,7,24,"{""attention_groups"": 320, ""attention_task_tiles"": 6, ""barrier"": ""simd"", ""compact"": true, ""merge_unroll"": 4, ""schedule"": ""queue"", ""sgs"": 4, ""split"": true, ""task_barrier"": false, ""task_batch"": 1, ""task_grain"": ""tile"", ""task_seed"": true, ""tn"": 16, ""workers"": 160}",1068.215277666847,1100.9201388806105,1094.9774305336177,1.0250531455843093,0.9999998928091576,0.0004630137270387099
tier,62,3,16384,7,24,"{""attention_groups"": 320, ""attention_task_tiles"": 6, ""barrier"": ""simd"", ""compact"": true, ""merge_unroll"": 4, ""schedule"": ""queue"", ""sgs"": 4, ""split"": true, ""task_barrier"": false, ""task_batch"": 1, ""task_grain"": ""tile"", ""task_seed"": true, ""tn"": 16, ""workers"": 160}",1521.4427082488935,1524.1163194489975,1521.8368054678042,1.0002590286290598,0.9999999285949349,0.0003779386102336033
tier,63,3,32768,7,24,"{""attention_groups"": 320, ""attention_task_tiles"": 6, ""barrier"": ""simd"", ""compact"": true, ""merge_unroll"": 4, ""schedule"": ""queue"", ""sgs"": 4, ""split"": true, ""task_barrier"": false, ""task_batch"": 1, ""task_grain"": ""tile"", ""task_seed"": true, ""tn"": 16, ""workers"": 160}",2448.7708333569267,2369.888888982435,2356.406250037253,0.9622812465497007,0.9999999018887432,0.00044313072788500717
tier,64,3,4096,7,24,"{""attention_groups"": 320, ""attention_task_tiles"": 3, ""barrier"": ""simd"", ""compact"": true, ""ksplit"": 2, ""merge_unroll"": 4, ""schedule"": ""queue"", ""sgs"": 4, ""split"": true, ""task_barrier"": false, ""task_batch"": 1, ""task_grain"": ""tile"", ""task_seed"": true, ""tn"": 16, ""workers"": 160}",852.1493053995073,906.9288194489976,895.3298612808188,1.0506725237088206,0.99999981746861,0.0006042220692577717
tier,65,3,8192,7,24,"{""attention_groups"": 320, ""attention_task_tiles"": 3, ""barrier"": ""simd"", ""compact"": true, ""ksplit"": 2, ""merge_unroll"": 4, ""schedule"": ""queue"", ""sgs"": 4, ""split"": true, ""task_barrier"": false, ""task_batch"": 1, ""task_grain"": ""tile"", ""task_seed"": true, ""tn"": 16, ""workers"": 160}",1085.0468751353521,1122.9427084326744,1103.5972223617136,1.0170963556058787,0.9999997972963889,0.0006367177530906033
tier,66,3,16384,7,24,"{""attention_groups"": 320, ""attention_task_tiles"": 3, ""barrier"": ""simd"", ""compact"": true, ""ksplit"": 2, ""merge_unroll"": 4, ""schedule"": ""queue"", ""sgs"": 4, ""split"": true, ""task_barrier"": false, ""task_batch"": 1, ""task_grain"": ""tile"", ""task_seed"": true, ""tn"": 16, ""workers"": 160}",1518.479166707645,1547.9618054814637,1522.2152777326603,1.0024604295580268,0.9999997945769696,0.0006410250633351427
tier,67,3,32768,7,24,"{""attention_groups"": 320, ""attention_task_tiles"": 3, ""barrier"": ""simd"", ""compact"": true, ""ksplit"": 2, ""merge_unroll"": 4, ""schedule"": ""queue"", ""sgs"": 4, ""split"": true, ""task_barrier"": false, ""task_batch"": 1, ""task_grain"": ""tile"", ""task_seed"": true, ""tn"": 16, ""workers"": 160}",2445.475694257766,2391.237847196559,2351.9218750298023,0.9617441222386148,0.9999998872702968,0.0004749422335842486
tier,68,3,4096,7,24,"{""attention_groups"": 320, ""attention_task_tiles"": 3, ""barrier"": ""simd"", ""compact"": true, ""gemm_overrides"": {""0"": {""ksplit"": 2}}, ""merge_unroll"": 4, ""schedule"": ""queue"", ""sgs"": 4, ""split"": true, ""task_barrier"": false, ""task_batch"": 1, ""task_grain"": ""tile"", ""task_seed"": true, ""tn"": 16, ""workers"": 160}",852.371527813375,896.0572915772597,884.6996525923411,1.0379272696518838,0.9999998194488051,0.0006009425448931562
tier,69,3,8192,7,24,"{""attention_groups"": 320, ""attention_task_tiles"": 3, ""barrier"": ""simd"", ""compact"": true, ""gemm_overrides"": {""0"": {""ksplit"": 2}}, ""merge_unroll"": 4, ""schedule"": ""queue"", ""sgs"": 4, ""split"": true, ""task_barrier"": false, ""task_batch"": 1, ""task_grain"": ""tile"", ""task_seed"": true, ""tn"": 16, ""workers"": 160}",1068.1666666641831,1111.8194445346792,1098.2829861653347,1.02819440115577,0.9999998150245981,0.0006082377261202019
tier,70,3,16384,7,24,"{""attention_groups"": 320, ""attention_task_tiles"": 3, ""barrier"": ""simd"", ""compact"": true, ""gemm_overrides"": {""0"": {""ksplit"": 2}}, ""merge_unroll"": 4, ""schedule"": ""queue"", ""sgs"": 4, ""split"": true, ""task_barrier"": false, ""task_batch"": 1, ""task_grain"": ""tile"", ""task_seed"": true, ""tn"": 16, ""workers"": 160}",1517.6996526618798,1533.850694540888,1520.5434028369684,1.0018737239414275,0.9999997778254082,0.0006666752841341411
tier,71,3,32768,7,24,"{""attention_groups"": 320, ""attention_task_tiles"": 3, ""barrier"": ""simd"", ""compact"": true, ""gemm_overrides"": {""0"": {""ksplit"": 2}}, ""merge_unroll"": 4, ""schedule"": ""queue"", ""sgs"": 4, ""split"": true, ""task_barrier"": false, ""task_batch"": 1, ""task_grain"": ""tile"", ""task_seed"": true, ""tn"": 16, ""workers"": 160}",2449.8368056180575,2376.017361258467,2350.578125100583,0.9594835540514981,0.9999998872702968,0.0004749422335842486
