ctx,workers,selected,stage,function,worker,tasks
128,80,True,0,rmsnorm_stat,0,0
128,80,True,0,rmsnorm_stat,1,0
128,80,True,0,rmsnorm_stat,2,0
128,80,True,0,rmsnorm_stat,3,0
128,80,True,0,rmsnorm_stat,4,0
128,80,True,0,rmsnorm_stat,5,0
128,80,True,0,rmsnorm_stat,6,0
128,80,True,0,rmsnorm_stat,7,0
128,80,True,0,rmsnorm_stat,8,0
128,80,True,0,rmsnorm_stat,9,0
128,80,True,0,rmsnorm_stat,10,0
128,80,True,0,rmsnorm_stat,11,0
128,80,True,0,rmsnorm_stat,12,0
128,80,True,0,rmsnorm_stat,13,0
128,80,True,0,rmsnorm_stat,14,0
128,80,True,0,rmsnorm_stat,15,0
128,80,True,0,rmsnorm_stat,16,0
128,80,True,0,rmsnorm_stat,17,0
128,80,True,0,rmsnorm_stat,18,0
128,80,True,0,rmsnorm_stat,19,0
128,80,True,0,rmsnorm_stat,20,0
128,80,True,0,rmsnorm_stat,21,0
128,80,True,0,rmsnorm_stat,22,0
128,80,True,0,rmsnorm_stat,23,0
128,80,True,0,rmsnorm_stat,24,0
128,80,True,0,rmsnorm_stat,25,0
128,80,True,0,rmsnorm_stat,26,0
128,80,True,0,rmsnorm_stat,27,0
128,80,True,0,rmsnorm_stat,28,0
128,80,True,0,rmsnorm_stat,29,0
128,80,True,0,rmsnorm_stat,30,0
128,80,True,0,rmsnorm_stat,31,0
128,80,True,0,rmsnorm_stat,32,0
128,80,True,0,rmsnorm_stat,33,0
128,80,True,0,rmsnorm_stat,34,0
128,80,True,0,rmsnorm_stat,35,0
128,80,True,0,rmsnorm_stat,36,0
128,80,True,0,rmsnorm_stat,37,0
128,80,True,0,rmsnorm_stat,38,0
128,80,True,0,rmsnorm_stat,39,0
128,80,True,0,rmsnorm_stat,40,0
128,80,True,0,rmsnorm_stat,41,0
128,80,True,0,rmsnorm_stat,42,0
128,80,True,0,rmsnorm_stat,43,0
128,80,True,0,rmsnorm_stat,44,0
128,80,True,0,rmsnorm_stat,45,0
128,80,True,0,rmsnorm_stat,46,0
128,80,True,0,rmsnorm_stat,47,0
128,80,True,0,rmsnorm_stat,48,0
128,80,True,0,rmsnorm_stat,49,0
128,80,True,0,rmsnorm_stat,50,0
128,80,True,0,rmsnorm_stat,51,0
128,80,True,0,rmsnorm_stat,52,0
128,80,True,0,rmsnorm_stat,53,0
128,80,True,0,rmsnorm_stat,54,0
128,80,True,0,rmsnorm_stat,55,0
128,80,True,0,rmsnorm_stat,56,0
128,80,True,0,rmsnorm_stat,57,0
128,80,True,0,rmsnorm_stat,58,0
128,80,True,0,rmsnorm_stat,59,0
128,80,True,0,rmsnorm_stat,60,0
128,80,True,0,rmsnorm_stat,61,0
128,80,True,0,rmsnorm_stat,62,0
128,80,True,0,rmsnorm_stat,63,0
128,80,True,0,rmsnorm_stat,64,0
128,80,True,0,rmsnorm_stat,65,0
128,80,True,0,rmsnorm_stat,66,0
128,80,True,0,rmsnorm_stat,67,0
128,80,True,0,rmsnorm_stat,68,0
128,80,True,0,rmsnorm_stat,69,0
128,80,True,0,rmsnorm_stat,70,0
128,80,True,0,rmsnorm_stat,71,0
128,80,True,0,rmsnorm_stat,72,0
128,80,True,0,rmsnorm_stat,73,0
128,80,True,0,rmsnorm_stat,74,0
128,80,True,0,rmsnorm_stat,75,0
128,80,True,0,rmsnorm_stat,76,0
128,80,True,0,rmsnorm_stat,77,0
128,80,True,0,rmsnorm_stat,78,0
128,80,True,0,rmsnorm_stat,79,0
128,80,True,1,x_permute,0,1
128,80,True,1,x_permute,1,1
128,80,True,1,x_permute,2,1
128,80,True,1,x_permute,3,1
128,80,True,1,x_permute,4,1
128,80,True,1,x_permute,5,1
128,80,True,1,x_permute,6,1
128,80,True,1,x_permute,7,1
128,80,True,1,x_permute,8,1
128,80,True,1,x_permute,9,1
128,80,True,1,x_permute,10,1
128,80,True,1,x_permute,11,1
128,80,True,1,x_permute,12,1
128,80,True,1,x_permute,13,1
128,80,True,1,x_permute,14,1
128,80,True,1,x_permute,15,1
128,80,True,1,x_permute,16,0
128,80,True,1,x_permute,17,0
128,80,True,1,x_permute,18,0
128,80,True,1,x_permute,19,0
128,80,True,1,x_permute,20,0
128,80,True,1,x_permute,21,0
128,80,True,1,x_permute,22,0
128,80,True,1,x_permute,23,0
128,80,True,1,x_permute,24,0
128,80,True,1,x_permute,25,0
128,80,True,1,x_permute,26,0
128,80,True,1,x_permute,27,0
128,80,True,1,x_permute,28,0
128,80,True,1,x_permute,29,0
128,80,True,1,x_permute,30,0
128,80,True,1,x_permute,31,0
128,80,True,1,x_permute,32,0
128,80,True,1,x_permute,33,0
128,80,True,1,x_permute,34,0
128,80,True,1,x_permute,35,0
128,80,True,1,x_permute,36,0
128,80,True,1,x_permute,37,0
128,80,True,1,x_permute,38,0
128,80,True,1,x_permute,39,0
128,80,True,1,x_permute,40,0
128,80,True,1,x_permute,41,0
128,80,True,1,x_permute,42,0
128,80,True,1,x_permute,43,0
128,80,True,1,x_permute,44,0
128,80,True,1,x_permute,45,0
128,80,True,1,x_permute,46,0
128,80,True,1,x_permute,47,0
128,80,True,1,x_permute,48,0
128,80,True,1,x_permute,49,0
128,80,True,1,x_permute,50,0
128,80,True,1,x_permute,51,0
128,80,True,1,x_permute,52,0
128,80,True,1,x_permute,53,0
128,80,True,1,x_permute,54,0
128,80,True,1,x_permute,55,0
128,80,True,1,x_permute,56,0
128,80,True,1,x_permute,57,0
128,80,True,1,x_permute,58,0
128,80,True,1,x_permute,59,0
128,80,True,1,x_permute,60,0
128,80,True,1,x_permute,61,0
128,80,True,1,x_permute,62,0
128,80,True,1,x_permute,63,0
128,80,True,1,x_permute,64,0
128,80,True,1,x_permute,65,0
128,80,True,1,x_permute,66,0
128,80,True,1,x_permute,67,0
128,80,True,1,x_permute,68,0
128,80,True,1,x_permute,69,0
128,80,True,1,x_permute,70,0
128,80,True,1,x_permute,71,0
128,80,True,1,x_permute,72,0
128,80,True,1,x_permute,73,0
128,80,True,1,x_permute,74,0
128,80,True,1,x_permute,75,0
128,80,True,1,x_permute,76,0
128,80,True,1,x_permute,77,0
128,80,True,1,x_permute,78,0
128,80,True,1,x_permute,79,0
128,80,True,2,gemm_tile,0,7
128,80,True,2,gemm_tile,1,7
128,80,True,2,gemm_tile,2,6
128,80,True,2,gemm_tile,3,7
128,80,True,2,gemm_tile,4,7
128,80,True,2,gemm_tile,5,7
128,80,True,2,gemm_tile,6,7
128,80,True,2,gemm_tile,7,7
128,80,True,2,gemm_tile,8,7
128,80,True,2,gemm_tile,9,7
128,80,True,2,gemm_tile,10,6
128,80,True,2,gemm_tile,11,7
128,80,True,2,gemm_tile,12,6
128,80,True,2,gemm_tile,13,7
128,80,True,2,gemm_tile,14,6
128,80,True,2,gemm_tile,15,7
128,80,True,2,gemm_tile,16,6
128,80,True,2,gemm_tile,17,7
128,80,True,2,gemm_tile,18,6
128,80,True,2,gemm_tile,19,6
128,80,True,2,gemm_tile,20,7
128,80,True,2,gemm_tile,21,7
128,80,True,2,gemm_tile,22,6
128,80,True,2,gemm_tile,23,7
128,80,True,2,gemm_tile,24,6
128,80,True,2,gemm_tile,25,6
128,80,True,2,gemm_tile,26,6
128,80,True,2,gemm_tile,27,6
128,80,True,2,gemm_tile,28,6
128,80,True,2,gemm_tile,29,6
128,80,True,2,gemm_tile,30,6
128,80,True,2,gemm_tile,31,7
128,80,True,2,gemm_tile,32,7
128,80,True,2,gemm_tile,33,7
128,80,True,2,gemm_tile,34,7
128,80,True,2,gemm_tile,35,7
128,80,True,2,gemm_tile,36,7
128,80,True,2,gemm_tile,37,6
128,80,True,2,gemm_tile,38,6
128,80,True,2,gemm_tile,39,6
128,80,True,2,gemm_tile,40,7
128,80,True,2,gemm_tile,41,7
128,80,True,2,gemm_tile,42,6
128,80,True,2,gemm_tile,43,6
128,80,True,2,gemm_tile,44,7
128,80,True,2,gemm_tile,45,7
128,80,True,2,gemm_tile,46,7
128,80,True,2,gemm_tile,47,6
128,80,True,2,gemm_tile,48,7
128,80,True,2,gemm_tile,49,6
128,80,True,2,gemm_tile,50,6
128,80,True,2,gemm_tile,51,7
128,80,True,2,gemm_tile,52,6
128,80,True,2,gemm_tile,53,6
128,80,True,2,gemm_tile,54,6
128,80,True,2,gemm_tile,55,6
128,80,True,2,gemm_tile,56,6
128,80,True,2,gemm_tile,57,6
128,80,True,2,gemm_tile,58,6
128,80,True,2,gemm_tile,59,6
128,80,True,2,gemm_tile,60,6
128,80,True,2,gemm_tile,61,6
128,80,True,2,gemm_tile,62,6
128,80,True,2,gemm_tile,63,6
128,80,True,2,gemm_tile,64,6
128,80,True,2,gemm_tile,65,6
128,80,True,2,gemm_tile,66,6
128,80,True,2,gemm_tile,67,6
128,80,True,2,gemm_tile,68,6
128,80,True,2,gemm_tile,69,6
128,80,True,2,gemm_tile,70,6
128,80,True,2,gemm_tile,71,6
128,80,True,2,gemm_tile,72,6
128,80,True,2,gemm_tile,73,7
128,80,True,2,gemm_tile,74,7
128,80,True,2,gemm_tile,75,7
128,80,True,2,gemm_tile,76,6
128,80,True,2,gemm_tile,77,6
128,80,True,2,gemm_tile,78,6
128,80,True,2,gemm_tile,79,6
128,80,True,3,gqa_decode_mma,0,2
128,80,True,3,gqa_decode_mma,1,0
128,80,True,3,gqa_decode_mma,2,2
128,80,True,3,gqa_decode_mma,3,0
128,80,True,3,gqa_decode_mma,4,1
128,80,True,3,gqa_decode_mma,5,0
128,80,True,3,gqa_decode_mma,6,2
128,80,True,3,gqa_decode_mma,7,0
128,80,True,3,gqa_decode_mma,8,1
128,80,True,3,gqa_decode_mma,9,0
128,80,True,3,gqa_decode_mma,10,1
128,80,True,3,gqa_decode_mma,11,0
128,80,True,3,gqa_decode_mma,12,1
128,80,True,3,gqa_decode_mma,13,0
128,80,True,3,gqa_decode_mma,14,1
128,80,True,3,gqa_decode_mma,15,0
128,80,True,3,gqa_decode_mma,16,2
128,80,True,3,gqa_decode_mma,17,0
128,80,True,3,gqa_decode_mma,18,1
128,80,True,3,gqa_decode_mma,19,0
128,80,True,3,gqa_decode_mma,20,2
128,80,True,3,gqa_decode_mma,21,0
128,80,True,3,gqa_decode_mma,22,2
128,80,True,3,gqa_decode_mma,23,0
128,80,True,3,gqa_decode_mma,24,2
128,80,True,3,gqa_decode_mma,25,0
128,80,True,3,gqa_decode_mma,26,1
128,80,True,3,gqa_decode_mma,27,0
128,80,True,3,gqa_decode_mma,28,2
128,80,True,3,gqa_decode_mma,29,0
128,80,True,3,gqa_decode_mma,30,1
128,80,True,3,gqa_decode_mma,31,0
128,80,True,3,gqa_decode_mma,32,2
128,80,True,3,gqa_decode_mma,33,0
128,80,True,3,gqa_decode_mma,34,2
128,80,True,3,gqa_decode_mma,35,0
128,80,True,3,gqa_decode_mma,36,2
128,80,True,3,gqa_decode_mma,37,0
128,80,True,3,gqa_decode_mma,38,1
128,80,True,3,gqa_decode_mma,39,0
128,80,True,3,gqa_decode_mma,40,1
128,80,True,3,gqa_decode_mma,41,0
128,80,True,3,gqa_decode_mma,42,1
128,80,True,3,gqa_decode_mma,43,0
128,80,True,3,gqa_decode_mma,44,2
128,80,True,3,gqa_decode_mma,45,0
128,80,True,3,gqa_decode_mma,46,1
128,80,True,3,gqa_decode_mma,47,0
128,80,True,3,gqa_decode_mma,48,1
128,80,True,3,gqa_decode_mma,49,0
128,80,True,3,gqa_decode_mma,50,1
128,80,True,3,gqa_decode_mma,51,0
128,80,True,3,gqa_decode_mma,52,1
128,80,True,3,gqa_decode_mma,53,0
128,80,True,3,gqa_decode_mma,54,2
128,80,True,3,gqa_decode_mma,55,0
128,80,True,3,gqa_decode_mma,56,1
128,80,True,3,gqa_decode_mma,57,0
128,80,True,3,gqa_decode_mma,58,2
128,80,True,3,gqa_decode_mma,59,0
128,80,True,3,gqa_decode_mma,60,2
128,80,True,3,gqa_decode_mma,61,0
128,80,True,3,gqa_decode_mma,62,2
128,80,True,3,gqa_decode_mma,63,0
128,80,True,3,gqa_decode_mma,64,2
128,80,True,3,gqa_decode_mma,65,0
128,80,True,3,gqa_decode_mma,66,1
128,80,True,3,gqa_decode_mma,67,0
128,80,True,3,gqa_decode_mma,68,1
128,80,True,3,gqa_decode_mma,69,0
128,80,True,3,gqa_decode_mma,70,2
128,80,True,3,gqa_decode_mma,71,0
128,80,True,3,gqa_decode_mma,72,1
128,80,True,3,gqa_decode_mma,73,0
128,80,True,3,gqa_decode_mma,74,2
128,80,True,3,gqa_decode_mma,75,0
128,80,True,3,gqa_decode_mma,76,1
128,80,True,3,gqa_decode_mma,77,0
128,80,True,3,gqa_decode_mma,78,2
128,80,True,3,gqa_decode_mma,79,0
128,80,True,4,gemm_tile,0,4
128,80,True,4,gemm_tile,1,5
128,80,True,4,gemm_tile,2,5
128,80,True,4,gemm_tile,3,5
128,80,True,4,gemm_tile,4,5
128,80,True,4,gemm_tile,5,5
128,80,True,4,gemm_tile,6,5
128,80,True,4,gemm_tile,7,5
128,80,True,4,gemm_tile,8,5
128,80,True,4,gemm_tile,9,5
128,80,True,4,gemm_tile,10,5
128,80,True,4,gemm_tile,11,5
128,80,True,4,gemm_tile,12,5
128,80,True,4,gemm_tile,13,5
128,80,True,4,gemm_tile,14,5
128,80,True,4,gemm_tile,15,5
128,80,True,4,gemm_tile,16,4
128,80,True,4,gemm_tile,17,5
128,80,True,4,gemm_tile,18,5
128,80,True,4,gemm_tile,19,5
128,80,True,4,gemm_tile,20,4
128,80,True,4,gemm_tile,21,5
128,80,True,4,gemm_tile,22,4
128,80,True,4,gemm_tile,23,5
128,80,True,4,gemm_tile,24,4
128,80,True,4,gemm_tile,25,5
128,80,True,4,gemm_tile,26,5
128,80,True,4,gemm_tile,27,6
128,80,True,4,gemm_tile,28,4
128,80,True,4,gemm_tile,29,5
128,80,True,4,gemm_tile,30,5
128,80,True,4,gemm_tile,31,6
128,80,True,4,gemm_tile,32,4
128,80,True,4,gemm_tile,33,5
128,80,True,4,gemm_tile,34,4
128,80,True,4,gemm_tile,35,5
128,80,True,4,gemm_tile,36,4
128,80,True,4,gemm_tile,37,5
128,80,True,4,gemm_tile,38,5
128,80,True,4,gemm_tile,39,5
128,80,True,4,gemm_tile,40,5
128,80,True,4,gemm_tile,41,5
128,80,True,4,gemm_tile,42,5
128,80,True,4,gemm_tile,43,5
128,80,True,4,gemm_tile,44,4
128,80,True,4,gemm_tile,45,5
128,80,True,4,gemm_tile,46,5
128,80,True,4,gemm_tile,47,5
128,80,True,4,gemm_tile,48,5
128,80,True,4,gemm_tile,49,5
128,80,True,4,gemm_tile,50,5
128,80,True,4,gemm_tile,51,5
128,80,True,4,gemm_tile,52,5
128,80,True,4,gemm_tile,53,5
128,80,True,4,gemm_tile,54,4
128,80,True,4,gemm_tile,55,5
128,80,True,4,gemm_tile,56,5
128,80,True,4,gemm_tile,57,5
128,80,True,4,gemm_tile,58,4
128,80,True,4,gemm_tile,59,5
128,80,True,4,gemm_tile,60,4
128,80,True,4,gemm_tile,61,5
128,80,True,4,gemm_tile,62,4
128,80,True,4,gemm_tile,63,5
128,80,True,4,gemm_tile,64,4
128,80,True,4,gemm_tile,65,5
128,80,True,4,gemm_tile,66,5
128,80,True,4,gemm_tile,67,5
128,80,True,4,gemm_tile,68,5
128,80,True,4,gemm_tile,69,5
128,80,True,4,gemm_tile,70,4
128,80,True,4,gemm_tile,71,5
128,80,True,4,gemm_tile,72,5
128,80,True,4,gemm_tile,73,5
128,80,True,4,gemm_tile,74,4
128,80,True,4,gemm_tile,75,5
128,80,True,4,gemm_tile,76,5
128,80,True,4,gemm_tile,77,5
128,80,True,4,gemm_tile,78,4
128,80,True,4,gemm_tile,79,5
128,80,True,5,gqa_merge,0,1
128,80,True,5,gqa_merge,1,1
128,80,True,5,gqa_merge,2,1
128,80,True,5,gqa_merge,3,1
128,80,True,5,gqa_merge,4,1
128,80,True,5,gqa_merge,5,1
128,80,True,5,gqa_merge,6,1
128,80,True,5,gqa_merge,7,1
128,80,True,5,gqa_merge,8,1
128,80,True,5,gqa_merge,9,1
128,80,True,5,gqa_merge,10,1
128,80,True,5,gqa_merge,11,1
128,80,True,5,gqa_merge,12,1
128,80,True,5,gqa_merge,13,1
128,80,True,5,gqa_merge,14,1
128,80,True,5,gqa_merge,15,1
128,80,True,5,gqa_merge,16,1
128,80,True,5,gqa_merge,17,1
128,80,True,5,gqa_merge,18,1
128,80,True,5,gqa_merge,19,1
128,80,True,5,gqa_merge,20,1
128,80,True,5,gqa_merge,21,1
128,80,True,5,gqa_merge,22,1
128,80,True,5,gqa_merge,23,1
128,80,True,5,gqa_merge,24,0
128,80,True,5,gqa_merge,25,0
128,80,True,5,gqa_merge,26,0
128,80,True,5,gqa_merge,27,0
128,80,True,5,gqa_merge,28,0
128,80,True,5,gqa_merge,29,0
128,80,True,5,gqa_merge,30,0
128,80,True,5,gqa_merge,31,0
128,80,True,5,gqa_merge,32,0
128,80,True,5,gqa_merge,33,0
128,80,True,5,gqa_merge,34,0
128,80,True,5,gqa_merge,35,0
128,80,True,5,gqa_merge,36,0
128,80,True,5,gqa_merge,37,0
128,80,True,5,gqa_merge,38,0
128,80,True,5,gqa_merge,39,0
128,80,True,5,gqa_merge,40,0
128,80,True,5,gqa_merge,41,0
128,80,True,5,gqa_merge,42,0
128,80,True,5,gqa_merge,43,0
128,80,True,5,gqa_merge,44,0
128,80,True,5,gqa_merge,45,0
128,80,True,5,gqa_merge,46,0
128,80,True,5,gqa_merge,47,0
128,80,True,5,gqa_merge,48,0
128,80,True,5,gqa_merge,49,0
128,80,True,5,gqa_merge,50,0
128,80,True,5,gqa_merge,51,0
128,80,True,5,gqa_merge,52,0
128,80,True,5,gqa_merge,53,0
128,80,True,5,gqa_merge,54,0
128,80,True,5,gqa_merge,55,0
128,80,True,5,gqa_merge,56,0
128,80,True,5,gqa_merge,57,0
128,80,True,5,gqa_merge,58,0
128,80,True,5,gqa_merge,59,0
128,80,True,5,gqa_merge,60,0
128,80,True,5,gqa_merge,61,0
128,80,True,5,gqa_merge,62,0
128,80,True,5,gqa_merge,63,0
128,80,True,5,gqa_merge,64,0
128,80,True,5,gqa_merge,65,0
128,80,True,5,gqa_merge,66,0
128,80,True,5,gqa_merge,67,0
128,80,True,5,gqa_merge,68,0
128,80,True,5,gqa_merge,69,0
128,80,True,5,gqa_merge,70,0
128,80,True,5,gqa_merge,71,0
128,80,True,5,gqa_merge,72,0
128,80,True,5,gqa_merge,73,0
128,80,True,5,gqa_merge,74,0
128,80,True,5,gqa_merge,75,0
128,80,True,5,gqa_merge,76,0
128,80,True,5,gqa_merge,77,0
128,80,True,5,gqa_merge,78,0
128,80,True,5,gqa_merge,79,0
128,80,True,6,gemm_tile,0,4
128,80,True,6,gemm_tile,1,4
128,80,True,6,gemm_tile,2,4
128,80,True,6,gemm_tile,3,4
128,80,True,6,gemm_tile,4,4
128,80,True,6,gemm_tile,5,4
128,80,True,6,gemm_tile,6,4
128,80,True,6,gemm_tile,7,4
128,80,True,6,gemm_tile,8,4
128,80,True,6,gemm_tile,9,4
128,80,True,6,gemm_tile,10,4
128,80,True,6,gemm_tile,11,4
128,80,True,6,gemm_tile,12,4
128,80,True,6,gemm_tile,13,4
128,80,True,6,gemm_tile,14,4
128,80,True,6,gemm_tile,15,4
128,80,True,6,gemm_tile,16,4
128,80,True,6,gemm_tile,17,4
128,80,True,6,gemm_tile,18,4
128,80,True,6,gemm_tile,19,4
128,80,True,6,gemm_tile,20,4
128,80,True,6,gemm_tile,21,4
128,80,True,6,gemm_tile,22,4
128,80,True,6,gemm_tile,23,4
128,80,True,6,gemm_tile,24,4
128,80,True,6,gemm_tile,25,4
128,80,True,6,gemm_tile,26,4
128,80,True,6,gemm_tile,27,4
128,80,True,6,gemm_tile,28,4
128,80,True,6,gemm_tile,29,4
128,80,True,6,gemm_tile,30,4
128,80,True,6,gemm_tile,31,4
128,80,True,6,gemm_tile,32,4
128,80,True,6,gemm_tile,33,4
128,80,True,6,gemm_tile,34,4
128,80,True,6,gemm_tile,35,4
128,80,True,6,gemm_tile,36,4
128,80,True,6,gemm_tile,37,4
128,80,True,6,gemm_tile,38,4
128,80,True,6,gemm_tile,39,4
128,80,True,6,gemm_tile,40,4
128,80,True,6,gemm_tile,41,4
128,80,True,6,gemm_tile,42,4
128,80,True,6,gemm_tile,43,4
128,80,True,6,gemm_tile,44,4
128,80,True,6,gemm_tile,45,4
128,80,True,6,gemm_tile,46,4
128,80,True,6,gemm_tile,47,4
128,80,True,6,gemm_tile,48,4
128,80,True,6,gemm_tile,49,4
128,80,True,6,gemm_tile,50,4
128,80,True,6,gemm_tile,51,4
128,80,True,6,gemm_tile,52,4
128,80,True,6,gemm_tile,53,4
128,80,True,6,gemm_tile,54,4
128,80,True,6,gemm_tile,55,4
128,80,True,6,gemm_tile,56,4
128,80,True,6,gemm_tile,57,4
128,80,True,6,gemm_tile,58,4
128,80,True,6,gemm_tile,59,4
128,80,True,6,gemm_tile,60,4
128,80,True,6,gemm_tile,61,4
128,80,True,6,gemm_tile,62,4
128,80,True,6,gemm_tile,63,4
128,80,True,6,gemm_tile,64,4
128,80,True,6,gemm_tile,65,4
128,80,True,6,gemm_tile,66,4
128,80,True,6,gemm_tile,67,4
128,80,True,6,gemm_tile,68,4
128,80,True,6,gemm_tile,69,4
128,80,True,6,gemm_tile,70,4
128,80,True,6,gemm_tile,71,4
128,80,True,6,gemm_tile,72,4
128,80,True,6,gemm_tile,73,4
128,80,True,6,gemm_tile,74,4
128,80,True,6,gemm_tile,75,4
128,80,True,6,gemm_tile,76,4
128,80,True,6,gemm_tile,77,4
128,80,True,6,gemm_tile,78,4
128,80,True,6,gemm_tile,79,4
4096,80,False,0,rmsnorm_stat,0,0
4096,80,False,0,rmsnorm_stat,1,0
4096,80,False,0,rmsnorm_stat,2,0
4096,80,False,0,rmsnorm_stat,3,0
4096,80,False,0,rmsnorm_stat,4,0
4096,80,False,0,rmsnorm_stat,5,0
4096,80,False,0,rmsnorm_stat,6,0
4096,80,False,0,rmsnorm_stat,7,0
4096,80,False,0,rmsnorm_stat,8,0
4096,80,False,0,rmsnorm_stat,9,0
4096,80,False,0,rmsnorm_stat,10,0
4096,80,False,0,rmsnorm_stat,11,0
4096,80,False,0,rmsnorm_stat,12,0
4096,80,False,0,rmsnorm_stat,13,0
4096,80,False,0,rmsnorm_stat,14,0
4096,80,False,0,rmsnorm_stat,15,0
4096,80,False,0,rmsnorm_stat,16,0
4096,80,False,0,rmsnorm_stat,17,0
4096,80,False,0,rmsnorm_stat,18,0
4096,80,False,0,rmsnorm_stat,19,0
4096,80,False,0,rmsnorm_stat,20,0
4096,80,False,0,rmsnorm_stat,21,0
4096,80,False,0,rmsnorm_stat,22,0
4096,80,False,0,rmsnorm_stat,23,0
4096,80,False,0,rmsnorm_stat,24,0
4096,80,False,0,rmsnorm_stat,25,0
4096,80,False,0,rmsnorm_stat,26,0
4096,80,False,0,rmsnorm_stat,27,0
4096,80,False,0,rmsnorm_stat,28,0
4096,80,False,0,rmsnorm_stat,29,0
4096,80,False,0,rmsnorm_stat,30,0
4096,80,False,0,rmsnorm_stat,31,0
4096,80,False,0,rmsnorm_stat,32,0
4096,80,False,0,rmsnorm_stat,33,0
4096,80,False,0,rmsnorm_stat,34,0
4096,80,False,0,rmsnorm_stat,35,0
4096,80,False,0,rmsnorm_stat,36,0
4096,80,False,0,rmsnorm_stat,37,0
4096,80,False,0,rmsnorm_stat,38,0
4096,80,False,0,rmsnorm_stat,39,0
4096,80,False,0,rmsnorm_stat,40,0
4096,80,False,0,rmsnorm_stat,41,0
4096,80,False,0,rmsnorm_stat,42,0
4096,80,False,0,rmsnorm_stat,43,0
4096,80,False,0,rmsnorm_stat,44,0
4096,80,False,0,rmsnorm_stat,45,0
4096,80,False,0,rmsnorm_stat,46,0
4096,80,False,0,rmsnorm_stat,47,0
4096,80,False,0,rmsnorm_stat,48,0
4096,80,False,0,rmsnorm_stat,49,0
4096,80,False,0,rmsnorm_stat,50,0
4096,80,False,0,rmsnorm_stat,51,0
4096,80,False,0,rmsnorm_stat,52,0
4096,80,False,0,rmsnorm_stat,53,0
4096,80,False,0,rmsnorm_stat,54,0
4096,80,False,0,rmsnorm_stat,55,0
4096,80,False,0,rmsnorm_stat,56,0
4096,80,False,0,rmsnorm_stat,57,0
4096,80,False,0,rmsnorm_stat,58,0
4096,80,False,0,rmsnorm_stat,59,0
4096,80,False,0,rmsnorm_stat,60,0
4096,80,False,0,rmsnorm_stat,61,0
4096,80,False,0,rmsnorm_stat,62,0
4096,80,False,0,rmsnorm_stat,63,0
4096,80,False,0,rmsnorm_stat,64,0
4096,80,False,0,rmsnorm_stat,65,0
4096,80,False,0,rmsnorm_stat,66,0
4096,80,False,0,rmsnorm_stat,67,0
4096,80,False,0,rmsnorm_stat,68,0
4096,80,False,0,rmsnorm_stat,69,0
4096,80,False,0,rmsnorm_stat,70,0
4096,80,False,0,rmsnorm_stat,71,0
4096,80,False,0,rmsnorm_stat,72,0
4096,80,False,0,rmsnorm_stat,73,0
4096,80,False,0,rmsnorm_stat,74,0
4096,80,False,0,rmsnorm_stat,75,0
4096,80,False,0,rmsnorm_stat,76,0
4096,80,False,0,rmsnorm_stat,77,0
4096,80,False,0,rmsnorm_stat,78,0
4096,80,False,0,rmsnorm_stat,79,0
4096,80,False,1,x_permute,0,1
4096,80,False,1,x_permute,1,1
4096,80,False,1,x_permute,2,1
4096,80,False,1,x_permute,3,1
4096,80,False,1,x_permute,4,1
4096,80,False,1,x_permute,5,1
4096,80,False,1,x_permute,6,1
4096,80,False,1,x_permute,7,1
4096,80,False,1,x_permute,8,1
4096,80,False,1,x_permute,9,1
4096,80,False,1,x_permute,10,1
4096,80,False,1,x_permute,11,1
4096,80,False,1,x_permute,12,1
4096,80,False,1,x_permute,13,1
4096,80,False,1,x_permute,14,1
4096,80,False,1,x_permute,15,1
4096,80,False,1,x_permute,16,0
4096,80,False,1,x_permute,17,0
4096,80,False,1,x_permute,18,0
4096,80,False,1,x_permute,19,0
4096,80,False,1,x_permute,20,0
4096,80,False,1,x_permute,21,0
4096,80,False,1,x_permute,22,0
4096,80,False,1,x_permute,23,0
4096,80,False,1,x_permute,24,0
4096,80,False,1,x_permute,25,0
4096,80,False,1,x_permute,26,0
4096,80,False,1,x_permute,27,0
4096,80,False,1,x_permute,28,0
4096,80,False,1,x_permute,29,0
4096,80,False,1,x_permute,30,0
4096,80,False,1,x_permute,31,0
4096,80,False,1,x_permute,32,0
4096,80,False,1,x_permute,33,0
4096,80,False,1,x_permute,34,0
4096,80,False,1,x_permute,35,0
4096,80,False,1,x_permute,36,0
4096,80,False,1,x_permute,37,0
4096,80,False,1,x_permute,38,0
4096,80,False,1,x_permute,39,0
4096,80,False,1,x_permute,40,0
4096,80,False,1,x_permute,41,0
4096,80,False,1,x_permute,42,0
4096,80,False,1,x_permute,43,0
4096,80,False,1,x_permute,44,0
4096,80,False,1,x_permute,45,0
4096,80,False,1,x_permute,46,0
4096,80,False,1,x_permute,47,0
4096,80,False,1,x_permute,48,0
4096,80,False,1,x_permute,49,0
4096,80,False,1,x_permute,50,0
4096,80,False,1,x_permute,51,0
4096,80,False,1,x_permute,52,0
4096,80,False,1,x_permute,53,0
4096,80,False,1,x_permute,54,0
4096,80,False,1,x_permute,55,0
4096,80,False,1,x_permute,56,0
4096,80,False,1,x_permute,57,0
4096,80,False,1,x_permute,58,0
4096,80,False,1,x_permute,59,0
4096,80,False,1,x_permute,60,0
4096,80,False,1,x_permute,61,0
4096,80,False,1,x_permute,62,0
4096,80,False,1,x_permute,63,0
4096,80,False,1,x_permute,64,0
4096,80,False,1,x_permute,65,0
4096,80,False,1,x_permute,66,0
4096,80,False,1,x_permute,67,0
4096,80,False,1,x_permute,68,0
4096,80,False,1,x_permute,69,0
4096,80,False,1,x_permute,70,0
4096,80,False,1,x_permute,71,0
4096,80,False,1,x_permute,72,0
4096,80,False,1,x_permute,73,0
4096,80,False,1,x_permute,74,0
4096,80,False,1,x_permute,75,0
4096,80,False,1,x_permute,76,0
4096,80,False,1,x_permute,77,0
4096,80,False,1,x_permute,78,0
4096,80,False,1,x_permute,79,0
4096,80,False,2,gemm_tile,0,7
4096,80,False,2,gemm_tile,1,7
4096,80,False,2,gemm_tile,2,7
4096,80,False,2,gemm_tile,3,7
4096,80,False,2,gemm_tile,4,7
4096,80,False,2,gemm_tile,5,7
4096,80,False,2,gemm_tile,6,7
4096,80,False,2,gemm_tile,7,7
4096,80,False,2,gemm_tile,8,7
4096,80,False,2,gemm_tile,9,7
4096,80,False,2,gemm_tile,10,7
4096,80,False,2,gemm_tile,11,6
4096,80,False,2,gemm_tile,12,6
4096,80,False,2,gemm_tile,13,6
4096,80,False,2,gemm_tile,14,6
4096,80,False,2,gemm_tile,15,6
4096,80,False,2,gemm_tile,16,7
4096,80,False,2,gemm_tile,17,6
4096,80,False,2,gemm_tile,18,6
4096,80,False,2,gemm_tile,19,6
4096,80,False,2,gemm_tile,20,7
4096,80,False,2,gemm_tile,21,7
4096,80,False,2,gemm_tile,22,6
4096,80,False,2,gemm_tile,23,6
4096,80,False,2,gemm_tile,24,6
4096,80,False,2,gemm_tile,25,7
4096,80,False,2,gemm_tile,26,6
4096,80,False,2,gemm_tile,27,6
4096,80,False,2,gemm_tile,28,6
4096,80,False,2,gemm_tile,29,6
4096,80,False,2,gemm_tile,30,6
4096,80,False,2,gemm_tile,31,6
4096,80,False,2,gemm_tile,32,6
4096,80,False,2,gemm_tile,33,7
4096,80,False,2,gemm_tile,34,7
4096,80,False,2,gemm_tile,35,7
4096,80,False,2,gemm_tile,36,6
4096,80,False,2,gemm_tile,37,7
4096,80,False,2,gemm_tile,38,6
4096,80,False,2,gemm_tile,39,6
4096,80,False,2,gemm_tile,40,7
4096,80,False,2,gemm_tile,41,7
4096,80,False,2,gemm_tile,42,7
4096,80,False,2,gemm_tile,43,7
4096,80,False,2,gemm_tile,44,7
4096,80,False,2,gemm_tile,45,7
4096,80,False,2,gemm_tile,46,6
4096,80,False,2,gemm_tile,47,6
4096,80,False,2,gemm_tile,48,6
4096,80,False,2,gemm_tile,49,7
4096,80,False,2,gemm_tile,50,6
4096,80,False,2,gemm_tile,51,6
4096,80,False,2,gemm_tile,52,6
4096,80,False,2,gemm_tile,53,6
4096,80,False,2,gemm_tile,54,6
4096,80,False,2,gemm_tile,55,6
4096,80,False,2,gemm_tile,56,7
4096,80,False,2,gemm_tile,57,6
4096,80,False,2,gemm_tile,58,6
4096,80,False,2,gemm_tile,59,6
4096,80,False,2,gemm_tile,60,7
4096,80,False,2,gemm_tile,61,7
4096,80,False,2,gemm_tile,62,6
4096,80,False,2,gemm_tile,63,6
4096,80,False,2,gemm_tile,64,6
4096,80,False,2,gemm_tile,65,6
4096,80,False,2,gemm_tile,66,6
4096,80,False,2,gemm_tile,67,6
4096,80,False,2,gemm_tile,68,6
4096,80,False,2,gemm_tile,69,6
4096,80,False,2,gemm_tile,70,6
4096,80,False,2,gemm_tile,71,6
4096,80,False,2,gemm_tile,72,7
4096,80,False,2,gemm_tile,73,6
4096,80,False,2,gemm_tile,74,7
4096,80,False,2,gemm_tile,75,7
4096,80,False,2,gemm_tile,76,6
4096,80,False,2,gemm_tile,77,6
4096,80,False,2,gemm_tile,78,6
4096,80,False,2,gemm_tile,79,6
4096,80,False,3,gqa_decode_mma,0,3
4096,80,False,3,gqa_decode_mma,1,2
4096,80,False,3,gqa_decode_mma,2,2
4096,80,False,3,gqa_decode_mma,3,2
4096,80,False,3,gqa_decode_mma,4,2
4096,80,False,3,gqa_decode_mma,5,3
4096,80,False,3,gqa_decode_mma,6,2
4096,80,False,3,gqa_decode_mma,7,1
4096,80,False,3,gqa_decode_mma,8,3
4096,80,False,3,gqa_decode_mma,9,2
4096,80,False,3,gqa_decode_mma,10,3
4096,80,False,3,gqa_decode_mma,11,2
4096,80,False,3,gqa_decode_mma,12,3
4096,80,False,3,gqa_decode_mma,13,2
4096,80,False,3,gqa_decode_mma,14,3
4096,80,False,3,gqa_decode_mma,15,2
4096,80,False,3,gqa_decode_mma,16,2
4096,80,False,3,gqa_decode_mma,17,2
4096,80,False,3,gqa_decode_mma,18,3
4096,80,False,3,gqa_decode_mma,19,3
4096,80,False,3,gqa_decode_mma,20,2
4096,80,False,3,gqa_decode_mma,21,3
4096,80,False,3,gqa_decode_mma,22,3
4096,80,False,3,gqa_decode_mma,23,2
4096,80,False,3,gqa_decode_mma,24,3
4096,80,False,3,gqa_decode_mma,25,2
4096,80,False,3,gqa_decode_mma,26,3
4096,80,False,3,gqa_decode_mma,27,3
4096,80,False,3,gqa_decode_mma,28,2
4096,80,False,3,gqa_decode_mma,29,1
4096,80,False,3,gqa_decode_mma,30,3
4096,80,False,3,gqa_decode_mma,31,3
4096,80,False,3,gqa_decode_mma,32,3
4096,80,False,3,gqa_decode_mma,33,2
4096,80,False,3,gqa_decode_mma,34,3
4096,80,False,3,gqa_decode_mma,35,2
4096,80,False,3,gqa_decode_mma,36,3
4096,80,False,3,gqa_decode_mma,37,2
4096,80,False,3,gqa_decode_mma,38,3
4096,80,False,3,gqa_decode_mma,39,2
4096,80,False,3,gqa_decode_mma,40,3
4096,80,False,3,gqa_decode_mma,41,2
4096,80,False,3,gqa_decode_mma,42,3
4096,80,False,3,gqa_decode_mma,43,2
4096,80,False,3,gqa_decode_mma,44,2
4096,80,False,3,gqa_decode_mma,45,2
4096,80,False,3,gqa_decode_mma,46,3
4096,80,False,3,gqa_decode_mma,47,3
4096,80,False,3,gqa_decode_mma,48,2
4096,80,False,3,gqa_decode_mma,49,2
4096,80,False,3,gqa_decode_mma,50,3
4096,80,False,3,gqa_decode_mma,51,2
4096,80,False,3,gqa_decode_mma,52,3
4096,80,False,3,gqa_decode_mma,53,3
4096,80,False,3,gqa_decode_mma,54,3
4096,80,False,3,gqa_decode_mma,55,2
4096,80,False,3,gqa_decode_mma,56,3
4096,80,False,3,gqa_decode_mma,57,3
4096,80,False,3,gqa_decode_mma,58,3
4096,80,False,3,gqa_decode_mma,59,3
4096,80,False,3,gqa_decode_mma,60,2
4096,80,False,3,gqa_decode_mma,61,2
4096,80,False,3,gqa_decode_mma,62,2
4096,80,False,3,gqa_decode_mma,63,3
4096,80,False,3,gqa_decode_mma,64,2
4096,80,False,3,gqa_decode_mma,65,3
4096,80,False,3,gqa_decode_mma,66,3
4096,80,False,3,gqa_decode_mma,67,1
4096,80,False,3,gqa_decode_mma,68,3
4096,80,False,3,gqa_decode_mma,69,2
4096,80,False,3,gqa_decode_mma,70,2
4096,80,False,3,gqa_decode_mma,71,2
4096,80,False,3,gqa_decode_mma,72,3
4096,80,False,3,gqa_decode_mma,73,1
4096,80,False,3,gqa_decode_mma,74,3
4096,80,False,3,gqa_decode_mma,75,3
4096,80,False,3,gqa_decode_mma,76,2
4096,80,False,3,gqa_decode_mma,77,2
4096,80,False,3,gqa_decode_mma,78,2
4096,80,False,3,gqa_decode_mma,79,2
4096,80,False,4,gemm_tile,0,3
4096,80,False,4,gemm_tile,1,6
4096,80,False,4,gemm_tile,2,7
4096,80,False,4,gemm_tile,3,7
4096,80,False,4,gemm_tile,4,6
4096,80,False,4,gemm_tile,5,3
4096,80,False,4,gemm_tile,6,6
4096,80,False,4,gemm_tile,7,10
4096,80,False,4,gemm_tile,8,3
4096,80,False,4,gemm_tile,9,7
4096,80,False,4,gemm_tile,10,3
4096,80,False,4,gemm_tile,11,7
4096,80,False,4,gemm_tile,12,3
4096,80,False,4,gemm_tile,13,7
4096,80,False,4,gemm_tile,14,3
4096,80,False,4,gemm_tile,15,7
4096,80,False,4,gemm_tile,16,6
4096,80,False,4,gemm_tile,17,6
4096,80,False,4,gemm_tile,18,4
4096,80,False,4,gemm_tile,19,4
4096,80,False,4,gemm_tile,20,7
4096,80,False,4,gemm_tile,21,3
4096,80,False,4,gemm_tile,22,3
4096,80,False,4,gemm_tile,23,6
4096,80,False,4,gemm_tile,24,2
4096,80,False,4,gemm_tile,25,6
4096,80,False,4,gemm_tile,26,3
4096,80,False,4,gemm_tile,27,3
4096,80,False,4,gemm_tile,28,6
4096,80,False,4,gemm_tile,29,10
4096,80,False,4,gemm_tile,30,3
4096,80,False,4,gemm_tile,31,3
4096,80,False,4,gemm_tile,32,3
4096,80,False,4,gemm_tile,33,7
4096,80,False,4,gemm_tile,34,4
4096,80,False,4,gemm_tile,35,6
4096,80,False,4,gemm_tile,36,3
4096,80,False,4,gemm_tile,37,7
4096,80,False,4,gemm_tile,38,3
4096,80,False,4,gemm_tile,39,6
4096,80,False,4,gemm_tile,40,3
4096,80,False,4,gemm_tile,41,6
4096,80,False,4,gemm_tile,42,3
4096,80,False,4,gemm_tile,43,6
4096,80,False,4,gemm_tile,44,6
4096,80,False,4,gemm_tile,45,6
4096,80,False,4,gemm_tile,46,2
4096,80,False,4,gemm_tile,47,2
4096,80,False,4,gemm_tile,48,6
4096,80,False,4,gemm_tile,49,6
4096,80,False,4,gemm_tile,50,3
4096,80,False,4,gemm_tile,51,6
4096,80,False,4,gemm_tile,52,2
4096,80,False,4,gemm_tile,53,2
4096,80,False,4,gemm_tile,54,3
4096,80,False,4,gemm_tile,55,6
4096,80,False,4,gemm_tile,56,2
4096,80,False,4,gemm_tile,57,2
4096,80,False,4,gemm_tile,58,3
4096,80,False,4,gemm_tile,59,2
4096,80,False,4,gemm_tile,60,6
4096,80,False,4,gemm_tile,61,6
4096,80,False,4,gemm_tile,62,6
4096,80,False,4,gemm_tile,63,2
4096,80,False,4,gemm_tile,64,6
4096,80,False,4,gemm_tile,65,3
4096,80,False,4,gemm_tile,66,2
4096,80,False,4,gemm_tile,67,9
4096,80,False,4,gemm_tile,68,3
4096,80,False,4,gemm_tile,69,6
4096,80,False,4,gemm_tile,70,6
4096,80,False,4,gemm_tile,71,6
4096,80,False,4,gemm_tile,72,3
4096,80,False,4,gemm_tile,73,10
4096,80,False,4,gemm_tile,74,3
4096,80,False,4,gemm_tile,75,4
4096,80,False,4,gemm_tile,76,6
4096,80,False,4,gemm_tile,77,6
4096,80,False,4,gemm_tile,78,6
4096,80,False,4,gemm_tile,79,6
4096,80,False,5,gqa_merge,0,1
4096,80,False,5,gqa_merge,1,1
4096,80,False,5,gqa_merge,2,1
4096,80,False,5,gqa_merge,3,1
4096,80,False,5,gqa_merge,4,1
4096,80,False,5,gqa_merge,5,1
4096,80,False,5,gqa_merge,6,1
4096,80,False,5,gqa_merge,7,1
4096,80,False,5,gqa_merge,8,1
4096,80,False,5,gqa_merge,9,1
4096,80,False,5,gqa_merge,10,1
4096,80,False,5,gqa_merge,11,1
4096,80,False,5,gqa_merge,12,1
4096,80,False,5,gqa_merge,13,1
4096,80,False,5,gqa_merge,14,1
4096,80,False,5,gqa_merge,15,1
4096,80,False,5,gqa_merge,16,1
4096,80,False,5,gqa_merge,17,1
4096,80,False,5,gqa_merge,18,1
4096,80,False,5,gqa_merge,19,1
4096,80,False,5,gqa_merge,20,1
4096,80,False,5,gqa_merge,21,1
4096,80,False,5,gqa_merge,22,1
4096,80,False,5,gqa_merge,23,1
4096,80,False,5,gqa_merge,24,0
4096,80,False,5,gqa_merge,25,0
4096,80,False,5,gqa_merge,26,0
4096,80,False,5,gqa_merge,27,0
4096,80,False,5,gqa_merge,28,0
4096,80,False,5,gqa_merge,29,0
4096,80,False,5,gqa_merge,30,0
4096,80,False,5,gqa_merge,31,0
4096,80,False,5,gqa_merge,32,0
4096,80,False,5,gqa_merge,33,0
4096,80,False,5,gqa_merge,34,0
4096,80,False,5,gqa_merge,35,0
4096,80,False,5,gqa_merge,36,0
4096,80,False,5,gqa_merge,37,0
4096,80,False,5,gqa_merge,38,0
4096,80,False,5,gqa_merge,39,0
4096,80,False,5,gqa_merge,40,0
4096,80,False,5,gqa_merge,41,0
4096,80,False,5,gqa_merge,42,0
4096,80,False,5,gqa_merge,43,0
4096,80,False,5,gqa_merge,44,0
4096,80,False,5,gqa_merge,45,0
4096,80,False,5,gqa_merge,46,0
4096,80,False,5,gqa_merge,47,0
4096,80,False,5,gqa_merge,48,0
4096,80,False,5,gqa_merge,49,0
4096,80,False,5,gqa_merge,50,0
4096,80,False,5,gqa_merge,51,0
4096,80,False,5,gqa_merge,52,0
4096,80,False,5,gqa_merge,53,0
4096,80,False,5,gqa_merge,54,0
4096,80,False,5,gqa_merge,55,0
4096,80,False,5,gqa_merge,56,0
4096,80,False,5,gqa_merge,57,0
4096,80,False,5,gqa_merge,58,0
4096,80,False,5,gqa_merge,59,0
4096,80,False,5,gqa_merge,60,0
4096,80,False,5,gqa_merge,61,0
4096,80,False,5,gqa_merge,62,0
4096,80,False,5,gqa_merge,63,0
4096,80,False,5,gqa_merge,64,0
4096,80,False,5,gqa_merge,65,0
4096,80,False,5,gqa_merge,66,0
4096,80,False,5,gqa_merge,67,0
4096,80,False,5,gqa_merge,68,0
4096,80,False,5,gqa_merge,69,0
4096,80,False,5,gqa_merge,70,0
4096,80,False,5,gqa_merge,71,0
4096,80,False,5,gqa_merge,72,0
4096,80,False,5,gqa_merge,73,0
4096,80,False,5,gqa_merge,74,0
4096,80,False,5,gqa_merge,75,0
4096,80,False,5,gqa_merge,76,0
4096,80,False,5,gqa_merge,77,0
4096,80,False,5,gqa_merge,78,0
4096,80,False,5,gqa_merge,79,0
4096,80,False,6,gemm_tile,0,4
4096,80,False,6,gemm_tile,1,4
4096,80,False,6,gemm_tile,2,4
4096,80,False,6,gemm_tile,3,4
4096,80,False,6,gemm_tile,4,4
4096,80,False,6,gemm_tile,5,4
4096,80,False,6,gemm_tile,6,4
4096,80,False,6,gemm_tile,7,4
4096,80,False,6,gemm_tile,8,4
4096,80,False,6,gemm_tile,9,4
4096,80,False,6,gemm_tile,10,4
4096,80,False,6,gemm_tile,11,4
4096,80,False,6,gemm_tile,12,4
4096,80,False,6,gemm_tile,13,4
4096,80,False,6,gemm_tile,14,4
4096,80,False,6,gemm_tile,15,4
4096,80,False,6,gemm_tile,16,4
4096,80,False,6,gemm_tile,17,4
4096,80,False,6,gemm_tile,18,4
4096,80,False,6,gemm_tile,19,4
4096,80,False,6,gemm_tile,20,4
4096,80,False,6,gemm_tile,21,4
4096,80,False,6,gemm_tile,22,4
4096,80,False,6,gemm_tile,23,4
4096,80,False,6,gemm_tile,24,4
4096,80,False,6,gemm_tile,25,4
4096,80,False,6,gemm_tile,26,4
4096,80,False,6,gemm_tile,27,4
4096,80,False,6,gemm_tile,28,4
4096,80,False,6,gemm_tile,29,4
4096,80,False,6,gemm_tile,30,4
4096,80,False,6,gemm_tile,31,4
4096,80,False,6,gemm_tile,32,4
4096,80,False,6,gemm_tile,33,4
4096,80,False,6,gemm_tile,34,4
4096,80,False,6,gemm_tile,35,4
4096,80,False,6,gemm_tile,36,4
4096,80,False,6,gemm_tile,37,4
4096,80,False,6,gemm_tile,38,4
4096,80,False,6,gemm_tile,39,4
4096,80,False,6,gemm_tile,40,4
4096,80,False,6,gemm_tile,41,4
4096,80,False,6,gemm_tile,42,4
4096,80,False,6,gemm_tile,43,4
4096,80,False,6,gemm_tile,44,4
4096,80,False,6,gemm_tile,45,4
4096,80,False,6,gemm_tile,46,4
4096,80,False,6,gemm_tile,47,4
4096,80,False,6,gemm_tile,48,4
4096,80,False,6,gemm_tile,49,4
4096,80,False,6,gemm_tile,50,4
4096,80,False,6,gemm_tile,51,4
4096,80,False,6,gemm_tile,52,4
4096,80,False,6,gemm_tile,53,4
4096,80,False,6,gemm_tile,54,4
4096,80,False,6,gemm_tile,55,4
4096,80,False,6,gemm_tile,56,4
4096,80,False,6,gemm_tile,57,4
4096,80,False,6,gemm_tile,58,4
4096,80,False,6,gemm_tile,59,4
4096,80,False,6,gemm_tile,60,4
4096,80,False,6,gemm_tile,61,4
4096,80,False,6,gemm_tile,62,4
4096,80,False,6,gemm_tile,63,4
4096,80,False,6,gemm_tile,64,4
4096,80,False,6,gemm_tile,65,4
4096,80,False,6,gemm_tile,66,4
4096,80,False,6,gemm_tile,67,4
4096,80,False,6,gemm_tile,68,4
4096,80,False,6,gemm_tile,69,4
4096,80,False,6,gemm_tile,70,4
4096,80,False,6,gemm_tile,71,4
4096,80,False,6,gemm_tile,72,4
4096,80,False,6,gemm_tile,73,4
4096,80,False,6,gemm_tile,74,4
4096,80,False,6,gemm_tile,75,4
4096,80,False,6,gemm_tile,76,4
4096,80,False,6,gemm_tile,77,4
4096,80,False,6,gemm_tile,78,4
4096,80,False,6,gemm_tile,79,4
8192,80,False,0,rmsnorm_stat,0,0
8192,80,False,0,rmsnorm_stat,1,0
8192,80,False,0,rmsnorm_stat,2,0
8192,80,False,0,rmsnorm_stat,3,0
8192,80,False,0,rmsnorm_stat,4,0
8192,80,False,0,rmsnorm_stat,5,0
8192,80,False,0,rmsnorm_stat,6,0
8192,80,False,0,rmsnorm_stat,7,0
8192,80,False,0,rmsnorm_stat,8,0
8192,80,False,0,rmsnorm_stat,9,0
8192,80,False,0,rmsnorm_stat,10,0
8192,80,False,0,rmsnorm_stat,11,0
8192,80,False,0,rmsnorm_stat,12,0
8192,80,False,0,rmsnorm_stat,13,0
8192,80,False,0,rmsnorm_stat,14,0
8192,80,False,0,rmsnorm_stat,15,0
8192,80,False,0,rmsnorm_stat,16,0
8192,80,False,0,rmsnorm_stat,17,0
8192,80,False,0,rmsnorm_stat,18,0
8192,80,False,0,rmsnorm_stat,19,0
8192,80,False,0,rmsnorm_stat,20,0
8192,80,False,0,rmsnorm_stat,21,0
8192,80,False,0,rmsnorm_stat,22,0
8192,80,False,0,rmsnorm_stat,23,0
8192,80,False,0,rmsnorm_stat,24,0
8192,80,False,0,rmsnorm_stat,25,0
8192,80,False,0,rmsnorm_stat,26,0
8192,80,False,0,rmsnorm_stat,27,0
8192,80,False,0,rmsnorm_stat,28,0
8192,80,False,0,rmsnorm_stat,29,0
8192,80,False,0,rmsnorm_stat,30,0
8192,80,False,0,rmsnorm_stat,31,0
8192,80,False,0,rmsnorm_stat,32,0
8192,80,False,0,rmsnorm_stat,33,0
8192,80,False,0,rmsnorm_stat,34,0
8192,80,False,0,rmsnorm_stat,35,0
8192,80,False,0,rmsnorm_stat,36,0
8192,80,False,0,rmsnorm_stat,37,0
8192,80,False,0,rmsnorm_stat,38,0
8192,80,False,0,rmsnorm_stat,39,0
8192,80,False,0,rmsnorm_stat,40,0
8192,80,False,0,rmsnorm_stat,41,0
8192,80,False,0,rmsnorm_stat,42,0
8192,80,False,0,rmsnorm_stat,43,0
8192,80,False,0,rmsnorm_stat,44,0
8192,80,False,0,rmsnorm_stat,45,0
8192,80,False,0,rmsnorm_stat,46,0
8192,80,False,0,rmsnorm_stat,47,0
8192,80,False,0,rmsnorm_stat,48,0
8192,80,False,0,rmsnorm_stat,49,0
8192,80,False,0,rmsnorm_stat,50,0
8192,80,False,0,rmsnorm_stat,51,0
8192,80,False,0,rmsnorm_stat,52,0
8192,80,False,0,rmsnorm_stat,53,0
8192,80,False,0,rmsnorm_stat,54,0
8192,80,False,0,rmsnorm_stat,55,0
8192,80,False,0,rmsnorm_stat,56,0
8192,80,False,0,rmsnorm_stat,57,0
8192,80,False,0,rmsnorm_stat,58,0
8192,80,False,0,rmsnorm_stat,59,0
8192,80,False,0,rmsnorm_stat,60,0
8192,80,False,0,rmsnorm_stat,61,0
8192,80,False,0,rmsnorm_stat,62,0
8192,80,False,0,rmsnorm_stat,63,0
8192,80,False,0,rmsnorm_stat,64,0
8192,80,False,0,rmsnorm_stat,65,0
8192,80,False,0,rmsnorm_stat,66,0
8192,80,False,0,rmsnorm_stat,67,0
8192,80,False,0,rmsnorm_stat,68,0
8192,80,False,0,rmsnorm_stat,69,0
8192,80,False,0,rmsnorm_stat,70,0
8192,80,False,0,rmsnorm_stat,71,0
8192,80,False,0,rmsnorm_stat,72,0
8192,80,False,0,rmsnorm_stat,73,0
8192,80,False,0,rmsnorm_stat,74,0
8192,80,False,0,rmsnorm_stat,75,0
8192,80,False,0,rmsnorm_stat,76,0
8192,80,False,0,rmsnorm_stat,77,0
8192,80,False,0,rmsnorm_stat,78,0
8192,80,False,0,rmsnorm_stat,79,0
8192,80,False,1,x_permute,0,1
8192,80,False,1,x_permute,1,1
8192,80,False,1,x_permute,2,1
8192,80,False,1,x_permute,3,1
8192,80,False,1,x_permute,4,1
8192,80,False,1,x_permute,5,1
8192,80,False,1,x_permute,6,1
8192,80,False,1,x_permute,7,1
8192,80,False,1,x_permute,8,1
8192,80,False,1,x_permute,9,1
8192,80,False,1,x_permute,10,1
8192,80,False,1,x_permute,11,1
8192,80,False,1,x_permute,12,1
8192,80,False,1,x_permute,13,1
8192,80,False,1,x_permute,14,1
8192,80,False,1,x_permute,15,1
8192,80,False,1,x_permute,16,0
8192,80,False,1,x_permute,17,0
8192,80,False,1,x_permute,18,0
8192,80,False,1,x_permute,19,0
8192,80,False,1,x_permute,20,0
8192,80,False,1,x_permute,21,0
8192,80,False,1,x_permute,22,0
8192,80,False,1,x_permute,23,0
8192,80,False,1,x_permute,24,0
8192,80,False,1,x_permute,25,0
8192,80,False,1,x_permute,26,0
8192,80,False,1,x_permute,27,0
8192,80,False,1,x_permute,28,0
8192,80,False,1,x_permute,29,0
8192,80,False,1,x_permute,30,0
8192,80,False,1,x_permute,31,0
8192,80,False,1,x_permute,32,0
8192,80,False,1,x_permute,33,0
8192,80,False,1,x_permute,34,0
8192,80,False,1,x_permute,35,0
8192,80,False,1,x_permute,36,0
8192,80,False,1,x_permute,37,0
8192,80,False,1,x_permute,38,0
8192,80,False,1,x_permute,39,0
8192,80,False,1,x_permute,40,0
8192,80,False,1,x_permute,41,0
8192,80,False,1,x_permute,42,0
8192,80,False,1,x_permute,43,0
8192,80,False,1,x_permute,44,0
8192,80,False,1,x_permute,45,0
8192,80,False,1,x_permute,46,0
8192,80,False,1,x_permute,47,0
8192,80,False,1,x_permute,48,0
8192,80,False,1,x_permute,49,0
8192,80,False,1,x_permute,50,0
8192,80,False,1,x_permute,51,0
8192,80,False,1,x_permute,52,0
8192,80,False,1,x_permute,53,0
8192,80,False,1,x_permute,54,0
8192,80,False,1,x_permute,55,0
8192,80,False,1,x_permute,56,0
8192,80,False,1,x_permute,57,0
8192,80,False,1,x_permute,58,0
8192,80,False,1,x_permute,59,0
8192,80,False,1,x_permute,60,0
8192,80,False,1,x_permute,61,0
8192,80,False,1,x_permute,62,0
8192,80,False,1,x_permute,63,0
8192,80,False,1,x_permute,64,0
8192,80,False,1,x_permute,65,0
8192,80,False,1,x_permute,66,0
8192,80,False,1,x_permute,67,0
8192,80,False,1,x_permute,68,0
8192,80,False,1,x_permute,69,0
8192,80,False,1,x_permute,70,0
8192,80,False,1,x_permute,71,0
8192,80,False,1,x_permute,72,0
8192,80,False,1,x_permute,73,0
8192,80,False,1,x_permute,74,0
8192,80,False,1,x_permute,75,0
8192,80,False,1,x_permute,76,0
8192,80,False,1,x_permute,77,0
8192,80,False,1,x_permute,78,0
8192,80,False,1,x_permute,79,0
8192,80,False,2,gemm_tile,0,7
8192,80,False,2,gemm_tile,1,7
8192,80,False,2,gemm_tile,2,7
8192,80,False,2,gemm_tile,3,7
8192,80,False,2,gemm_tile,4,7
8192,80,False,2,gemm_tile,5,7
8192,80,False,2,gemm_tile,6,7
8192,80,False,2,gemm_tile,7,7
8192,80,False,2,gemm_tile,8,7
8192,80,False,2,gemm_tile,9,7
8192,80,False,2,gemm_tile,10,6
8192,80,False,2,gemm_tile,11,7
8192,80,False,2,gemm_tile,12,7
8192,80,False,2,gemm_tile,13,6
8192,80,False,2,gemm_tile,14,6
8192,80,False,2,gemm_tile,15,6
8192,80,False,2,gemm_tile,16,7
8192,80,False,2,gemm_tile,17,6
8192,80,False,2,gemm_tile,18,6
8192,80,False,2,gemm_tile,19,7
8192,80,False,2,gemm_tile,20,7
8192,80,False,2,gemm_tile,21,6
8192,80,False,2,gemm_tile,22,6
8192,80,False,2,gemm_tile,23,6
8192,80,False,2,gemm_tile,24,6
8192,80,False,2,gemm_tile,25,6
8192,80,False,2,gemm_tile,26,6
8192,80,False,2,gemm_tile,27,6
8192,80,False,2,gemm_tile,28,6
8192,80,False,2,gemm_tile,29,6
8192,80,False,2,gemm_tile,30,6
8192,80,False,2,gemm_tile,31,7
8192,80,False,2,gemm_tile,32,7
8192,80,False,2,gemm_tile,33,6
8192,80,False,2,gemm_tile,34,6
8192,80,False,2,gemm_tile,35,7
8192,80,False,2,gemm_tile,36,6
8192,80,False,2,gemm_tile,37,7
8192,80,False,2,gemm_tile,38,6
8192,80,False,2,gemm_tile,39,6
8192,80,False,2,gemm_tile,40,7
8192,80,False,2,gemm_tile,41,7
8192,80,False,2,gemm_tile,42,7
8192,80,False,2,gemm_tile,43,7
8192,80,False,2,gemm_tile,44,7
8192,80,False,2,gemm_tile,45,7
8192,80,False,2,gemm_tile,46,7
8192,80,False,2,gemm_tile,47,7
8192,80,False,2,gemm_tile,48,6
8192,80,False,2,gemm_tile,49,7
8192,80,False,2,gemm_tile,50,6
8192,80,False,2,gemm_tile,51,6
8192,80,False,2,gemm_tile,52,7
8192,80,False,2,gemm_tile,53,6
8192,80,False,2,gemm_tile,54,6
8192,80,False,2,gemm_tile,55,6
8192,80,False,2,gemm_tile,56,7
8192,80,False,2,gemm_tile,57,6
8192,80,False,2,gemm_tile,58,6
8192,80,False,2,gemm_tile,59,6
8192,80,False,2,gemm_tile,60,6
8192,80,False,2,gemm_tile,61,6
8192,80,False,2,gemm_tile,62,6
8192,80,False,2,gemm_tile,63,6
8192,80,False,2,gemm_tile,64,6
8192,80,False,2,gemm_tile,65,6
8192,80,False,2,gemm_tile,66,6
8192,80,False,2,gemm_tile,67,6
8192,80,False,2,gemm_tile,68,6
8192,80,False,2,gemm_tile,69,6
8192,80,False,2,gemm_tile,70,6
8192,80,False,2,gemm_tile,71,6
8192,80,False,2,gemm_tile,72,6
8192,80,False,2,gemm_tile,73,6
8192,80,False,2,gemm_tile,74,6
8192,80,False,2,gemm_tile,75,7
8192,80,False,2,gemm_tile,76,6
8192,80,False,2,gemm_tile,77,7
8192,80,False,2,gemm_tile,78,6
8192,80,False,2,gemm_tile,79,6
8192,80,False,3,gqa_decode_mma,0,5
8192,80,False,3,gqa_decode_mma,1,5
8192,80,False,3,gqa_decode_mma,2,6
8192,80,False,3,gqa_decode_mma,3,4
8192,80,False,3,gqa_decode_mma,4,5
8192,80,False,3,gqa_decode_mma,5,5
8192,80,False,3,gqa_decode_mma,6,5
8192,80,False,3,gqa_decode_mma,7,6
8192,80,False,3,gqa_decode_mma,8,5
8192,80,False,3,gqa_decode_mma,9,6
8192,80,False,3,gqa_decode_mma,10,5
8192,80,False,3,gqa_decode_mma,11,4
8192,80,False,3,gqa_decode_mma,12,6
8192,80,False,3,gqa_decode_mma,13,5
8192,80,False,3,gqa_decode_mma,14,6
8192,80,False,3,gqa_decode_mma,15,5
8192,80,False,3,gqa_decode_mma,16,5
8192,80,False,3,gqa_decode_mma,17,5
8192,80,False,3,gqa_decode_mma,18,3
8192,80,False,3,gqa_decode_mma,19,5
8192,80,False,3,gqa_decode_mma,20,5
8192,80,False,3,gqa_decode_mma,21,5
8192,80,False,3,gqa_decode_mma,22,5
8192,80,False,3,gqa_decode_mma,23,4
8192,80,False,3,gqa_decode_mma,24,5
8192,80,False,3,gqa_decode_mma,25,4
8192,80,False,3,gqa_decode_mma,26,5
8192,80,False,3,gqa_decode_mma,27,4
8192,80,False,3,gqa_decode_mma,28,6
8192,80,False,3,gqa_decode_mma,29,5
8192,80,False,3,gqa_decode_mma,30,5
8192,80,False,3,gqa_decode_mma,31,4
8192,80,False,3,gqa_decode_mma,32,5
8192,80,False,3,gqa_decode_mma,33,5
8192,80,False,3,gqa_decode_mma,34,6
8192,80,False,3,gqa_decode_mma,35,5
8192,80,False,3,gqa_decode_mma,36,3
8192,80,False,3,gqa_decode_mma,37,6
8192,80,False,3,gqa_decode_mma,38,5
8192,80,False,3,gqa_decode_mma,39,5
8192,80,False,3,gqa_decode_mma,40,4
8192,80,False,3,gqa_decode_mma,41,5
8192,80,False,3,gqa_decode_mma,42,5
8192,80,False,3,gqa_decode_mma,43,3
8192,80,False,3,gqa_decode_mma,44,4
8192,80,False,3,gqa_decode_mma,45,4
8192,80,False,3,gqa_decode_mma,46,6
8192,80,False,3,gqa_decode_mma,47,4
8192,80,False,3,gqa_decode_mma,48,5
8192,80,False,3,gqa_decode_mma,49,4
8192,80,False,3,gqa_decode_mma,50,5
8192,80,False,3,gqa_decode_mma,51,5
8192,80,False,3,gqa_decode_mma,52,4
8192,80,False,3,gqa_decode_mma,53,5
8192,80,False,3,gqa_decode_mma,54,5
8192,80,False,3,gqa_decode_mma,55,4
8192,80,False,3,gqa_decode_mma,56,4
8192,80,False,3,gqa_decode_mma,57,3
8192,80,False,3,gqa_decode_mma,58,5
8192,80,False,3,gqa_decode_mma,59,6
8192,80,False,3,gqa_decode_mma,60,6
8192,80,False,3,gqa_decode_mma,61,5
8192,80,False,3,gqa_decode_mma,62,5
8192,80,False,3,gqa_decode_mma,63,5
8192,80,False,3,gqa_decode_mma,64,6
8192,80,False,3,gqa_decode_mma,65,3
8192,80,False,3,gqa_decode_mma,66,4
8192,80,False,3,gqa_decode_mma,67,6
8192,80,False,3,gqa_decode_mma,68,5
8192,80,False,3,gqa_decode_mma,69,4
8192,80,False,3,gqa_decode_mma,70,5
8192,80,False,3,gqa_decode_mma,71,4
8192,80,False,3,gqa_decode_mma,72,6
8192,80,False,3,gqa_decode_mma,73,6
8192,80,False,3,gqa_decode_mma,74,6
8192,80,False,3,gqa_decode_mma,75,4
8192,80,False,3,gqa_decode_mma,76,5
8192,80,False,3,gqa_decode_mma,77,5
8192,80,False,3,gqa_decode_mma,78,5
8192,80,False,3,gqa_decode_mma,79,3
8192,80,False,4,gemm_tile,0,4
8192,80,False,4,gemm_tile,1,4
8192,80,False,4,gemm_tile,2,3
8192,80,False,4,gemm_tile,3,7
8192,80,False,4,gemm_tile,4,5
8192,80,False,4,gemm_tile,5,5
8192,80,False,4,gemm_tile,6,4
8192,80,False,4,gemm_tile,7,2
8192,80,False,4,gemm_tile,8,4
8192,80,False,4,gemm_tile,9,3
8192,80,False,4,gemm_tile,10,4
8192,80,False,4,gemm_tile,11,9
8192,80,False,4,gemm_tile,12,1
8192,80,False,4,gemm_tile,13,4
8192,80,False,4,gemm_tile,14,3
8192,80,False,4,gemm_tile,15,5
8192,80,False,4,gemm_tile,16,4
8192,80,False,4,gemm_tile,17,6
8192,80,False,4,gemm_tile,18,10
8192,80,False,4,gemm_tile,19,4
8192,80,False,4,gemm_tile,20,4
8192,80,False,4,gemm_tile,21,5
8192,80,False,4,gemm_tile,22,4
8192,80,False,4,gemm_tile,23,7
8192,80,False,4,gemm_tile,24,6
8192,80,False,4,gemm_tile,25,8
8192,80,False,4,gemm_tile,26,3
8192,80,False,4,gemm_tile,27,7
8192,80,False,4,gemm_tile,28,1
8192,80,False,4,gemm_tile,29,4
8192,80,False,4,gemm_tile,30,6
8192,80,False,4,gemm_tile,31,9
8192,80,False,4,gemm_tile,32,4
8192,80,False,4,gemm_tile,33,5
8192,80,False,4,gemm_tile,34,1
8192,80,False,4,gemm_tile,35,3
8192,80,False,4,gemm_tile,36,10
8192,80,False,4,gemm_tile,37,1
8192,80,False,4,gemm_tile,38,6
8192,80,False,4,gemm_tile,39,4
8192,80,False,4,gemm_tile,40,7
8192,80,False,4,gemm_tile,41,3
8192,80,False,4,gemm_tile,42,5
8192,80,False,4,gemm_tile,43,10
8192,80,False,4,gemm_tile,44,6
8192,80,False,4,gemm_tile,45,8
8192,80,False,4,gemm_tile,46,2
8192,80,False,4,gemm_tile,47,6
8192,80,False,4,gemm_tile,48,3
8192,80,False,4,gemm_tile,49,7
8192,80,False,4,gemm_tile,50,5
8192,80,False,4,gemm_tile,51,4
8192,80,False,4,gemm_tile,52,6
8192,80,False,4,gemm_tile,53,5
8192,80,False,4,gemm_tile,54,4
8192,80,False,4,gemm_tile,55,6
8192,80,False,4,gemm_tile,56,6
8192,80,False,4,gemm_tile,57,10
8192,80,False,4,gemm_tile,58,3
8192,80,False,4,gemm_tile,59,2
8192,80,False,4,gemm_tile,60,2
8192,80,False,4,gemm_tile,61,5
8192,80,False,4,gemm_tile,62,4
8192,80,False,4,gemm_tile,63,5
8192,80,False,4,gemm_tile,64,1
8192,80,False,4,gemm_tile,65,9
8192,80,False,4,gemm_tile,66,6
8192,80,False,4,gemm_tile,67,2
8192,80,False,4,gemm_tile,68,3
8192,80,False,4,gemm_tile,69,6
8192,80,False,4,gemm_tile,70,3
8192,80,False,4,gemm_tile,71,8
8192,80,False,4,gemm_tile,72,2
8192,80,False,4,gemm_tile,73,2
8192,80,False,4,gemm_tile,74,2
8192,80,False,4,gemm_tile,75,7
8192,80,False,4,gemm_tile,76,3
8192,80,False,4,gemm_tile,77,5
8192,80,False,4,gemm_tile,78,3
8192,80,False,4,gemm_tile,79,9
8192,80,False,5,gqa_merge,0,1
8192,80,False,5,gqa_merge,1,1
8192,80,False,5,gqa_merge,2,1
8192,80,False,5,gqa_merge,3,1
8192,80,False,5,gqa_merge,4,1
8192,80,False,5,gqa_merge,5,1
8192,80,False,5,gqa_merge,6,1
8192,80,False,5,gqa_merge,7,1
8192,80,False,5,gqa_merge,8,1
8192,80,False,5,gqa_merge,9,1
8192,80,False,5,gqa_merge,10,1
8192,80,False,5,gqa_merge,11,1
8192,80,False,5,gqa_merge,12,1
8192,80,False,5,gqa_merge,13,1
8192,80,False,5,gqa_merge,14,1
8192,80,False,5,gqa_merge,15,1
8192,80,False,5,gqa_merge,16,1
8192,80,False,5,gqa_merge,17,1
8192,80,False,5,gqa_merge,18,1
8192,80,False,5,gqa_merge,19,1
8192,80,False,5,gqa_merge,20,1
8192,80,False,5,gqa_merge,21,1
8192,80,False,5,gqa_merge,22,1
8192,80,False,5,gqa_merge,23,1
8192,80,False,5,gqa_merge,24,0
8192,80,False,5,gqa_merge,25,0
8192,80,False,5,gqa_merge,26,0
8192,80,False,5,gqa_merge,27,0
8192,80,False,5,gqa_merge,28,0
8192,80,False,5,gqa_merge,29,0
8192,80,False,5,gqa_merge,30,0
8192,80,False,5,gqa_merge,31,0
8192,80,False,5,gqa_merge,32,0
8192,80,False,5,gqa_merge,33,0
8192,80,False,5,gqa_merge,34,0
8192,80,False,5,gqa_merge,35,0
8192,80,False,5,gqa_merge,36,0
8192,80,False,5,gqa_merge,37,0
8192,80,False,5,gqa_merge,38,0
8192,80,False,5,gqa_merge,39,0
8192,80,False,5,gqa_merge,40,0
8192,80,False,5,gqa_merge,41,0
8192,80,False,5,gqa_merge,42,0
8192,80,False,5,gqa_merge,43,0
8192,80,False,5,gqa_merge,44,0
8192,80,False,5,gqa_merge,45,0
8192,80,False,5,gqa_merge,46,0
8192,80,False,5,gqa_merge,47,0
8192,80,False,5,gqa_merge,48,0
8192,80,False,5,gqa_merge,49,0
8192,80,False,5,gqa_merge,50,0
8192,80,False,5,gqa_merge,51,0
8192,80,False,5,gqa_merge,52,0
8192,80,False,5,gqa_merge,53,0
8192,80,False,5,gqa_merge,54,0
8192,80,False,5,gqa_merge,55,0
8192,80,False,5,gqa_merge,56,0
8192,80,False,5,gqa_merge,57,0
8192,80,False,5,gqa_merge,58,0
8192,80,False,5,gqa_merge,59,0
8192,80,False,5,gqa_merge,60,0
8192,80,False,5,gqa_merge,61,0
8192,80,False,5,gqa_merge,62,0
8192,80,False,5,gqa_merge,63,0
8192,80,False,5,gqa_merge,64,0
8192,80,False,5,gqa_merge,65,0
8192,80,False,5,gqa_merge,66,0
8192,80,False,5,gqa_merge,67,0
8192,80,False,5,gqa_merge,68,0
8192,80,False,5,gqa_merge,69,0
8192,80,False,5,gqa_merge,70,0
8192,80,False,5,gqa_merge,71,0
8192,80,False,5,gqa_merge,72,0
8192,80,False,5,gqa_merge,73,0
8192,80,False,5,gqa_merge,74,0
8192,80,False,5,gqa_merge,75,0
8192,80,False,5,gqa_merge,76,0
8192,80,False,5,gqa_merge,77,0
8192,80,False,5,gqa_merge,78,0
8192,80,False,5,gqa_merge,79,0
8192,80,False,6,gemm_tile,0,4
8192,80,False,6,gemm_tile,1,4
8192,80,False,6,gemm_tile,2,4
8192,80,False,6,gemm_tile,3,4
8192,80,False,6,gemm_tile,4,4
8192,80,False,6,gemm_tile,5,4
8192,80,False,6,gemm_tile,6,4
8192,80,False,6,gemm_tile,7,4
8192,80,False,6,gemm_tile,8,4
8192,80,False,6,gemm_tile,9,4
8192,80,False,6,gemm_tile,10,4
8192,80,False,6,gemm_tile,11,4
8192,80,False,6,gemm_tile,12,4
8192,80,False,6,gemm_tile,13,4
8192,80,False,6,gemm_tile,14,4
8192,80,False,6,gemm_tile,15,4
8192,80,False,6,gemm_tile,16,4
8192,80,False,6,gemm_tile,17,4
8192,80,False,6,gemm_tile,18,4
8192,80,False,6,gemm_tile,19,4
8192,80,False,6,gemm_tile,20,4
8192,80,False,6,gemm_tile,21,4
8192,80,False,6,gemm_tile,22,4
8192,80,False,6,gemm_tile,23,4
8192,80,False,6,gemm_tile,24,4
8192,80,False,6,gemm_tile,25,4
8192,80,False,6,gemm_tile,26,4
8192,80,False,6,gemm_tile,27,4
8192,80,False,6,gemm_tile,28,4
8192,80,False,6,gemm_tile,29,4
8192,80,False,6,gemm_tile,30,4
8192,80,False,6,gemm_tile,31,4
8192,80,False,6,gemm_tile,32,4
8192,80,False,6,gemm_tile,33,4
8192,80,False,6,gemm_tile,34,4
8192,80,False,6,gemm_tile,35,4
8192,80,False,6,gemm_tile,36,4
8192,80,False,6,gemm_tile,37,4
8192,80,False,6,gemm_tile,38,4
8192,80,False,6,gemm_tile,39,4
8192,80,False,6,gemm_tile,40,4
8192,80,False,6,gemm_tile,41,4
8192,80,False,6,gemm_tile,42,4
8192,80,False,6,gemm_tile,43,4
8192,80,False,6,gemm_tile,44,4
8192,80,False,6,gemm_tile,45,4
8192,80,False,6,gemm_tile,46,4
8192,80,False,6,gemm_tile,47,4
8192,80,False,6,gemm_tile,48,4
8192,80,False,6,gemm_tile,49,4
8192,80,False,6,gemm_tile,50,4
8192,80,False,6,gemm_tile,51,4
8192,80,False,6,gemm_tile,52,4
8192,80,False,6,gemm_tile,53,4
8192,80,False,6,gemm_tile,54,4
8192,80,False,6,gemm_tile,55,4
8192,80,False,6,gemm_tile,56,4
8192,80,False,6,gemm_tile,57,4
8192,80,False,6,gemm_tile,58,4
8192,80,False,6,gemm_tile,59,4
8192,80,False,6,gemm_tile,60,4
8192,80,False,6,gemm_tile,61,4
8192,80,False,6,gemm_tile,62,4
8192,80,False,6,gemm_tile,63,4
8192,80,False,6,gemm_tile,64,4
8192,80,False,6,gemm_tile,65,4
8192,80,False,6,gemm_tile,66,4
8192,80,False,6,gemm_tile,67,4
8192,80,False,6,gemm_tile,68,4
8192,80,False,6,gemm_tile,69,4
8192,80,False,6,gemm_tile,70,4
8192,80,False,6,gemm_tile,71,4
8192,80,False,6,gemm_tile,72,4
8192,80,False,6,gemm_tile,73,4
8192,80,False,6,gemm_tile,74,4
8192,80,False,6,gemm_tile,75,4
8192,80,False,6,gemm_tile,76,4
8192,80,False,6,gemm_tile,77,4
8192,80,False,6,gemm_tile,78,4
8192,80,False,6,gemm_tile,79,4
16384,80,False,0,rmsnorm_stat,0,0
16384,80,False,0,rmsnorm_stat,1,0
16384,80,False,0,rmsnorm_stat,2,0
16384,80,False,0,rmsnorm_stat,3,0
16384,80,False,0,rmsnorm_stat,4,0
16384,80,False,0,rmsnorm_stat,5,0
16384,80,False,0,rmsnorm_stat,6,0
16384,80,False,0,rmsnorm_stat,7,0
16384,80,False,0,rmsnorm_stat,8,0
16384,80,False,0,rmsnorm_stat,9,0
16384,80,False,0,rmsnorm_stat,10,0
16384,80,False,0,rmsnorm_stat,11,0
16384,80,False,0,rmsnorm_stat,12,0
16384,80,False,0,rmsnorm_stat,13,0
16384,80,False,0,rmsnorm_stat,14,0
16384,80,False,0,rmsnorm_stat,15,0
16384,80,False,0,rmsnorm_stat,16,0
16384,80,False,0,rmsnorm_stat,17,0
16384,80,False,0,rmsnorm_stat,18,0
16384,80,False,0,rmsnorm_stat,19,0
16384,80,False,0,rmsnorm_stat,20,0
16384,80,False,0,rmsnorm_stat,21,0
16384,80,False,0,rmsnorm_stat,22,0
16384,80,False,0,rmsnorm_stat,23,0
16384,80,False,0,rmsnorm_stat,24,0
16384,80,False,0,rmsnorm_stat,25,0
16384,80,False,0,rmsnorm_stat,26,0
16384,80,False,0,rmsnorm_stat,27,0
16384,80,False,0,rmsnorm_stat,28,0
16384,80,False,0,rmsnorm_stat,29,0
16384,80,False,0,rmsnorm_stat,30,0
16384,80,False,0,rmsnorm_stat,31,0
16384,80,False,0,rmsnorm_stat,32,0
16384,80,False,0,rmsnorm_stat,33,0
16384,80,False,0,rmsnorm_stat,34,0
16384,80,False,0,rmsnorm_stat,35,0
16384,80,False,0,rmsnorm_stat,36,0
16384,80,False,0,rmsnorm_stat,37,0
16384,80,False,0,rmsnorm_stat,38,0
16384,80,False,0,rmsnorm_stat,39,0
16384,80,False,0,rmsnorm_stat,40,0
16384,80,False,0,rmsnorm_stat,41,0
16384,80,False,0,rmsnorm_stat,42,0
16384,80,False,0,rmsnorm_stat,43,0
16384,80,False,0,rmsnorm_stat,44,0
16384,80,False,0,rmsnorm_stat,45,0
16384,80,False,0,rmsnorm_stat,46,0
16384,80,False,0,rmsnorm_stat,47,0
16384,80,False,0,rmsnorm_stat,48,0
16384,80,False,0,rmsnorm_stat,49,0
16384,80,False,0,rmsnorm_stat,50,0
16384,80,False,0,rmsnorm_stat,51,0
16384,80,False,0,rmsnorm_stat,52,0
16384,80,False,0,rmsnorm_stat,53,0
16384,80,False,0,rmsnorm_stat,54,0
16384,80,False,0,rmsnorm_stat,55,0
16384,80,False,0,rmsnorm_stat,56,0
16384,80,False,0,rmsnorm_stat,57,0
16384,80,False,0,rmsnorm_stat,58,0
16384,80,False,0,rmsnorm_stat,59,0
16384,80,False,0,rmsnorm_stat,60,0
16384,80,False,0,rmsnorm_stat,61,0
16384,80,False,0,rmsnorm_stat,62,0
16384,80,False,0,rmsnorm_stat,63,0
16384,80,False,0,rmsnorm_stat,64,0
16384,80,False,0,rmsnorm_stat,65,0
16384,80,False,0,rmsnorm_stat,66,0
16384,80,False,0,rmsnorm_stat,67,0
16384,80,False,0,rmsnorm_stat,68,0
16384,80,False,0,rmsnorm_stat,69,0
16384,80,False,0,rmsnorm_stat,70,0
16384,80,False,0,rmsnorm_stat,71,0
16384,80,False,0,rmsnorm_stat,72,0
16384,80,False,0,rmsnorm_stat,73,0
16384,80,False,0,rmsnorm_stat,74,0
16384,80,False,0,rmsnorm_stat,75,0
16384,80,False,0,rmsnorm_stat,76,0
16384,80,False,0,rmsnorm_stat,77,0
16384,80,False,0,rmsnorm_stat,78,0
16384,80,False,0,rmsnorm_stat,79,0
16384,80,False,1,x_permute,0,1
16384,80,False,1,x_permute,1,1
16384,80,False,1,x_permute,2,1
16384,80,False,1,x_permute,3,1
16384,80,False,1,x_permute,4,1
16384,80,False,1,x_permute,5,1
16384,80,False,1,x_permute,6,1
16384,80,False,1,x_permute,7,1
16384,80,False,1,x_permute,8,1
16384,80,False,1,x_permute,9,1
16384,80,False,1,x_permute,10,1
16384,80,False,1,x_permute,11,1
16384,80,False,1,x_permute,12,1
16384,80,False,1,x_permute,13,1
16384,80,False,1,x_permute,14,1
16384,80,False,1,x_permute,15,1
16384,80,False,1,x_permute,16,0
16384,80,False,1,x_permute,17,0
16384,80,False,1,x_permute,18,0
16384,80,False,1,x_permute,19,0
16384,80,False,1,x_permute,20,0
16384,80,False,1,x_permute,21,0
16384,80,False,1,x_permute,22,0
16384,80,False,1,x_permute,23,0
16384,80,False,1,x_permute,24,0
16384,80,False,1,x_permute,25,0
16384,80,False,1,x_permute,26,0
16384,80,False,1,x_permute,27,0
16384,80,False,1,x_permute,28,0
16384,80,False,1,x_permute,29,0
16384,80,False,1,x_permute,30,0
16384,80,False,1,x_permute,31,0
16384,80,False,1,x_permute,32,0
16384,80,False,1,x_permute,33,0
16384,80,False,1,x_permute,34,0
16384,80,False,1,x_permute,35,0
16384,80,False,1,x_permute,36,0
16384,80,False,1,x_permute,37,0
16384,80,False,1,x_permute,38,0
16384,80,False,1,x_permute,39,0
16384,80,False,1,x_permute,40,0
16384,80,False,1,x_permute,41,0
16384,80,False,1,x_permute,42,0
16384,80,False,1,x_permute,43,0
16384,80,False,1,x_permute,44,0
16384,80,False,1,x_permute,45,0
16384,80,False,1,x_permute,46,0
16384,80,False,1,x_permute,47,0
16384,80,False,1,x_permute,48,0
16384,80,False,1,x_permute,49,0
16384,80,False,1,x_permute,50,0
16384,80,False,1,x_permute,51,0
16384,80,False,1,x_permute,52,0
16384,80,False,1,x_permute,53,0
16384,80,False,1,x_permute,54,0
16384,80,False,1,x_permute,55,0
16384,80,False,1,x_permute,56,0
16384,80,False,1,x_permute,57,0
16384,80,False,1,x_permute,58,0
16384,80,False,1,x_permute,59,0
16384,80,False,1,x_permute,60,0
16384,80,False,1,x_permute,61,0
16384,80,False,1,x_permute,62,0
16384,80,False,1,x_permute,63,0
16384,80,False,1,x_permute,64,0
16384,80,False,1,x_permute,65,0
16384,80,False,1,x_permute,66,0
16384,80,False,1,x_permute,67,0
16384,80,False,1,x_permute,68,0
16384,80,False,1,x_permute,69,0
16384,80,False,1,x_permute,70,0
16384,80,False,1,x_permute,71,0
16384,80,False,1,x_permute,72,0
16384,80,False,1,x_permute,73,0
16384,80,False,1,x_permute,74,0
16384,80,False,1,x_permute,75,0
16384,80,False,1,x_permute,76,0
16384,80,False,1,x_permute,77,0
16384,80,False,1,x_permute,78,0
16384,80,False,1,x_permute,79,0
16384,80,False,2,gemm_tile,0,7
16384,80,False,2,gemm_tile,1,7
16384,80,False,2,gemm_tile,2,6
16384,80,False,2,gemm_tile,3,7
16384,80,False,2,gemm_tile,4,7
16384,80,False,2,gemm_tile,5,7
16384,80,False,2,gemm_tile,6,6
16384,80,False,2,gemm_tile,7,7
16384,80,False,2,gemm_tile,8,7
16384,80,False,2,gemm_tile,9,7
16384,80,False,2,gemm_tile,10,6
16384,80,False,2,gemm_tile,11,6
16384,80,False,2,gemm_tile,12,7
16384,80,False,2,gemm_tile,13,7
16384,80,False,2,gemm_tile,14,6
16384,80,False,2,gemm_tile,15,6
16384,80,False,2,gemm_tile,16,7
16384,80,False,2,gemm_tile,17,7
16384,80,False,2,gemm_tile,18,6
16384,80,False,2,gemm_tile,19,6
16384,80,False,2,gemm_tile,20,6
16384,80,False,2,gemm_tile,21,7
16384,80,False,2,gemm_tile,22,6
16384,80,False,2,gemm_tile,23,6
16384,80,False,2,gemm_tile,24,6
16384,80,False,2,gemm_tile,25,6
16384,80,False,2,gemm_tile,26,6
16384,80,False,2,gemm_tile,27,6
16384,80,False,2,gemm_tile,28,6
16384,80,False,2,gemm_tile,29,6
16384,80,False,2,gemm_tile,30,6
16384,80,False,2,gemm_tile,31,6
16384,80,False,2,gemm_tile,32,7
16384,80,False,2,gemm_tile,33,7
16384,80,False,2,gemm_tile,34,7
16384,80,False,2,gemm_tile,35,7
16384,80,False,2,gemm_tile,36,7
16384,80,False,2,gemm_tile,37,7
16384,80,False,2,gemm_tile,38,6
16384,80,False,2,gemm_tile,39,6
16384,80,False,2,gemm_tile,40,7
16384,80,False,2,gemm_tile,41,7
16384,80,False,2,gemm_tile,42,6
16384,80,False,2,gemm_tile,43,7
16384,80,False,2,gemm_tile,44,7
16384,80,False,2,gemm_tile,45,7
16384,80,False,2,gemm_tile,46,6
16384,80,False,2,gemm_tile,47,6
16384,80,False,2,gemm_tile,48,6
16384,80,False,2,gemm_tile,49,7
16384,80,False,2,gemm_tile,50,6
16384,80,False,2,gemm_tile,51,6
16384,80,False,2,gemm_tile,52,7
16384,80,False,2,gemm_tile,53,6
16384,80,False,2,gemm_tile,54,6
16384,80,False,2,gemm_tile,55,6
16384,80,False,2,gemm_tile,56,6
16384,80,False,2,gemm_tile,57,6
16384,80,False,2,gemm_tile,58,6
16384,80,False,2,gemm_tile,59,6
16384,80,False,2,gemm_tile,60,6
16384,80,False,2,gemm_tile,61,7
16384,80,False,2,gemm_tile,62,6
16384,80,False,2,gemm_tile,63,6
16384,80,False,2,gemm_tile,64,6
16384,80,False,2,gemm_tile,65,6
16384,80,False,2,gemm_tile,66,6
16384,80,False,2,gemm_tile,67,6
16384,80,False,2,gemm_tile,68,6
16384,80,False,2,gemm_tile,69,6
16384,80,False,2,gemm_tile,70,6
16384,80,False,2,gemm_tile,71,6
16384,80,False,2,gemm_tile,72,6
16384,80,False,2,gemm_tile,73,7
16384,80,False,2,gemm_tile,74,7
16384,80,False,2,gemm_tile,75,7
16384,80,False,2,gemm_tile,76,7
16384,80,False,2,gemm_tile,77,7
16384,80,False,2,gemm_tile,78,6
16384,80,False,2,gemm_tile,79,6
16384,80,False,3,gqa_decode_mma,0,11
16384,80,False,3,gqa_decode_mma,1,9
16384,80,False,3,gqa_decode_mma,2,9
16384,80,False,3,gqa_decode_mma,3,9
16384,80,False,3,gqa_decode_mma,4,11
16384,80,False,3,gqa_decode_mma,5,10
16384,80,False,3,gqa_decode_mma,6,11
16384,80,False,3,gqa_decode_mma,7,9
16384,80,False,3,gqa_decode_mma,8,10
16384,80,False,3,gqa_decode_mma,9,10
16384,80,False,3,gqa_decode_mma,10,8
16384,80,False,3,gqa_decode_mma,11,11
16384,80,False,3,gqa_decode_mma,12,9
16384,80,False,3,gqa_decode_mma,13,10
16384,80,False,3,gqa_decode_mma,14,9
16384,80,False,3,gqa_decode_mma,15,9
16384,80,False,3,gqa_decode_mma,16,10
16384,80,False,3,gqa_decode_mma,17,10
16384,80,False,3,gqa_decode_mma,18,10
16384,80,False,3,gqa_decode_mma,19,10
16384,80,False,3,gqa_decode_mma,20,10
16384,80,False,3,gqa_decode_mma,21,10
16384,80,False,3,gqa_decode_mma,22,10
16384,80,False,3,gqa_decode_mma,23,10
16384,80,False,3,gqa_decode_mma,24,10
16384,80,False,3,gqa_decode_mma,25,10
16384,80,False,3,gqa_decode_mma,26,10
16384,80,False,3,gqa_decode_mma,27,8
16384,80,False,3,gqa_decode_mma,28,10
16384,80,False,3,gqa_decode_mma,29,10
16384,80,False,3,gqa_decode_mma,30,10
16384,80,False,3,gqa_decode_mma,31,8
16384,80,False,3,gqa_decode_mma,32,10
16384,80,False,3,gqa_decode_mma,33,11
16384,80,False,3,gqa_decode_mma,34,10
16384,80,False,3,gqa_decode_mma,35,10
16384,80,False,3,gqa_decode_mma,36,10
16384,80,False,3,gqa_decode_mma,37,9
16384,80,False,3,gqa_decode_mma,38,11
16384,80,False,3,gqa_decode_mma,39,9
16384,80,False,3,gqa_decode_mma,40,10
16384,80,False,3,gqa_decode_mma,41,9
16384,80,False,3,gqa_decode_mma,42,9
16384,80,False,3,gqa_decode_mma,43,9
16384,80,False,3,gqa_decode_mma,44,9
16384,80,False,3,gqa_decode_mma,45,9
16384,80,False,3,gqa_decode_mma,46,10
16384,80,False,3,gqa_decode_mma,47,9
16384,80,False,3,gqa_decode_mma,48,10
16384,80,False,3,gqa_decode_mma,49,9
16384,80,False,3,gqa_decode_mma,50,10
16384,80,False,3,gqa_decode_mma,51,9
16384,80,False,3,gqa_decode_mma,52,10
16384,80,False,3,gqa_decode_mma,53,10
16384,80,False,3,gqa_decode_mma,54,9
16384,80,False,3,gqa_decode_mma,55,9
16384,80,False,3,gqa_decode_mma,56,10
16384,80,False,3,gqa_decode_mma,57,9
16384,80,False,3,gqa_decode_mma,58,8
16384,80,False,3,gqa_decode_mma,59,9
16384,80,False,3,gqa_decode_mma,60,9
16384,80,False,3,gqa_decode_mma,61,10
16384,80,False,3,gqa_decode_mma,62,10
16384,80,False,3,gqa_decode_mma,63,9
16384,80,False,3,gqa_decode_mma,64,10
16384,80,False,3,gqa_decode_mma,65,9
16384,80,False,3,gqa_decode_mma,66,9
16384,80,False,3,gqa_decode_mma,67,9
16384,80,False,3,gqa_decode_mma,68,10
16384,80,False,3,gqa_decode_mma,69,9
16384,80,False,3,gqa_decode_mma,70,10
16384,80,False,3,gqa_decode_mma,71,9
16384,80,False,3,gqa_decode_mma,72,10
16384,80,False,3,gqa_decode_mma,73,10
16384,80,False,3,gqa_decode_mma,74,11
16384,80,False,3,gqa_decode_mma,75,9
16384,80,False,3,gqa_decode_mma,76,10
16384,80,False,3,gqa_decode_mma,77,10
16384,80,False,3,gqa_decode_mma,78,11
16384,80,False,3,gqa_decode_mma,79,9
16384,80,False,4,gemm_tile,0,2
16384,80,False,4,gemm_tile,1,8
16384,80,False,4,gemm_tile,2,6
16384,80,False,4,gemm_tile,3,7
16384,80,False,4,gemm_tile,4,0
16384,80,False,4,gemm_tile,5,5
16384,80,False,4,gemm_tile,6,3
16384,80,False,4,gemm_tile,7,7
16384,80,False,4,gemm_tile,8,4
16384,80,False,4,gemm_tile,9,6
16384,80,False,4,gemm_tile,10,10
16384,80,False,4,gemm_tile,11,2
16384,80,False,4,gemm_tile,12,7
16384,80,False,4,gemm_tile,13,4
16384,80,False,4,gemm_tile,14,7
16384,80,False,4,gemm_tile,15,7
16384,80,False,4,gemm_tile,16,3
16384,80,False,4,gemm_tile,17,5
16384,80,False,4,gemm_tile,18,5
16384,80,False,4,gemm_tile,19,3
16384,80,False,4,gemm_tile,20,4
16384,80,False,4,gemm_tile,21,4
16384,80,False,4,gemm_tile,22,6
16384,80,False,4,gemm_tile,23,5
16384,80,False,4,gemm_tile,24,5
16384,80,False,4,gemm_tile,25,3
16384,80,False,4,gemm_tile,26,3
16384,80,False,4,gemm_tile,27,10
16384,80,False,4,gemm_tile,28,5
16384,80,False,4,gemm_tile,29,5
16384,80,False,4,gemm_tile,30,4
16384,80,False,4,gemm_tile,31,11
16384,80,False,4,gemm_tile,32,4
16384,80,False,4,gemm_tile,33,3
16384,80,False,4,gemm_tile,34,6
16384,80,False,4,gemm_tile,35,4
16384,80,False,4,gemm_tile,36,4
16384,80,False,4,gemm_tile,37,8
16384,80,False,4,gemm_tile,38,1
16384,80,False,4,gemm_tile,39,8
16384,80,False,4,gemm_tile,40,3
16384,80,False,4,gemm_tile,41,7
16384,80,False,4,gemm_tile,42,6
16384,80,False,4,gemm_tile,43,6
16384,80,False,4,gemm_tile,44,6
16384,80,False,4,gemm_tile,45,5
16384,80,False,4,gemm_tile,46,2
16384,80,False,4,gemm_tile,47,5
16384,80,False,4,gemm_tile,48,3
16384,80,False,4,gemm_tile,49,7
16384,80,False,4,gemm_tile,50,2
16384,80,False,4,gemm_tile,51,6
16384,80,False,4,gemm_tile,52,2
16384,80,False,4,gemm_tile,53,3
16384,80,False,4,gemm_tile,54,5
16384,80,False,4,gemm_tile,55,6
16384,80,False,4,gemm_tile,56,3
16384,80,False,4,gemm_tile,57,6
16384,80,False,4,gemm_tile,58,8
16384,80,False,4,gemm_tile,59,5
16384,80,False,4,gemm_tile,60,5
16384,80,False,4,gemm_tile,61,3
16384,80,False,4,gemm_tile,62,2
16384,80,False,4,gemm_tile,63,7
16384,80,False,4,gemm_tile,64,4
16384,80,False,4,gemm_tile,65,6
16384,80,False,4,gemm_tile,66,8
16384,80,False,4,gemm_tile,67,6
16384,80,False,4,gemm_tile,68,2
16384,80,False,4,gemm_tile,69,5
16384,80,False,4,gemm_tile,70,4
16384,80,False,4,gemm_tile,71,7
16384,80,False,4,gemm_tile,72,3
16384,80,False,4,gemm_tile,73,2
16384,80,False,4,gemm_tile,74,1
16384,80,False,4,gemm_tile,75,6
16384,80,False,4,gemm_tile,76,3
16384,80,False,4,gemm_tile,77,4
16384,80,False,4,gemm_tile,78,1
16384,80,False,4,gemm_tile,79,5
16384,80,False,5,gqa_merge,0,1
16384,80,False,5,gqa_merge,1,1
16384,80,False,5,gqa_merge,2,1
16384,80,False,5,gqa_merge,3,1
16384,80,False,5,gqa_merge,4,1
16384,80,False,5,gqa_merge,5,1
16384,80,False,5,gqa_merge,6,1
16384,80,False,5,gqa_merge,7,1
16384,80,False,5,gqa_merge,8,1
16384,80,False,5,gqa_merge,9,1
16384,80,False,5,gqa_merge,10,1
16384,80,False,5,gqa_merge,11,1
16384,80,False,5,gqa_merge,12,1
16384,80,False,5,gqa_merge,13,1
16384,80,False,5,gqa_merge,14,1
16384,80,False,5,gqa_merge,15,1
16384,80,False,5,gqa_merge,16,1
16384,80,False,5,gqa_merge,17,1
16384,80,False,5,gqa_merge,18,1
16384,80,False,5,gqa_merge,19,1
16384,80,False,5,gqa_merge,20,1
16384,80,False,5,gqa_merge,21,1
16384,80,False,5,gqa_merge,22,1
16384,80,False,5,gqa_merge,23,1
16384,80,False,5,gqa_merge,24,0
16384,80,False,5,gqa_merge,25,0
16384,80,False,5,gqa_merge,26,0
16384,80,False,5,gqa_merge,27,0
16384,80,False,5,gqa_merge,28,0
16384,80,False,5,gqa_merge,29,0
16384,80,False,5,gqa_merge,30,0
16384,80,False,5,gqa_merge,31,0
16384,80,False,5,gqa_merge,32,0
16384,80,False,5,gqa_merge,33,0
16384,80,False,5,gqa_merge,34,0
16384,80,False,5,gqa_merge,35,0
16384,80,False,5,gqa_merge,36,0
16384,80,False,5,gqa_merge,37,0
16384,80,False,5,gqa_merge,38,0
16384,80,False,5,gqa_merge,39,0
16384,80,False,5,gqa_merge,40,0
16384,80,False,5,gqa_merge,41,0
16384,80,False,5,gqa_merge,42,0
16384,80,False,5,gqa_merge,43,0
16384,80,False,5,gqa_merge,44,0
16384,80,False,5,gqa_merge,45,0
16384,80,False,5,gqa_merge,46,0
16384,80,False,5,gqa_merge,47,0
16384,80,False,5,gqa_merge,48,0
16384,80,False,5,gqa_merge,49,0
16384,80,False,5,gqa_merge,50,0
16384,80,False,5,gqa_merge,51,0
16384,80,False,5,gqa_merge,52,0
16384,80,False,5,gqa_merge,53,0
16384,80,False,5,gqa_merge,54,0
16384,80,False,5,gqa_merge,55,0
16384,80,False,5,gqa_merge,56,0
16384,80,False,5,gqa_merge,57,0
16384,80,False,5,gqa_merge,58,0
16384,80,False,5,gqa_merge,59,0
16384,80,False,5,gqa_merge,60,0
16384,80,False,5,gqa_merge,61,0
16384,80,False,5,gqa_merge,62,0
16384,80,False,5,gqa_merge,63,0
16384,80,False,5,gqa_merge,64,0
16384,80,False,5,gqa_merge,65,0
16384,80,False,5,gqa_merge,66,0
16384,80,False,5,gqa_merge,67,0
16384,80,False,5,gqa_merge,68,0
16384,80,False,5,gqa_merge,69,0
16384,80,False,5,gqa_merge,70,0
16384,80,False,5,gqa_merge,71,0
16384,80,False,5,gqa_merge,72,0
16384,80,False,5,gqa_merge,73,0
16384,80,False,5,gqa_merge,74,0
16384,80,False,5,gqa_merge,75,0
16384,80,False,5,gqa_merge,76,0
16384,80,False,5,gqa_merge,77,0
16384,80,False,5,gqa_merge,78,0
16384,80,False,5,gqa_merge,79,0
16384,80,False,6,gemm_tile,0,4
16384,80,False,6,gemm_tile,1,4
16384,80,False,6,gemm_tile,2,4
16384,80,False,6,gemm_tile,3,4
16384,80,False,6,gemm_tile,4,4
16384,80,False,6,gemm_tile,5,4
16384,80,False,6,gemm_tile,6,4
16384,80,False,6,gemm_tile,7,4
16384,80,False,6,gemm_tile,8,4
16384,80,False,6,gemm_tile,9,4
16384,80,False,6,gemm_tile,10,4
16384,80,False,6,gemm_tile,11,4
16384,80,False,6,gemm_tile,12,4
16384,80,False,6,gemm_tile,13,4
16384,80,False,6,gemm_tile,14,4
16384,80,False,6,gemm_tile,15,4
16384,80,False,6,gemm_tile,16,4
16384,80,False,6,gemm_tile,17,4
16384,80,False,6,gemm_tile,18,4
16384,80,False,6,gemm_tile,19,4
16384,80,False,6,gemm_tile,20,4
16384,80,False,6,gemm_tile,21,4
16384,80,False,6,gemm_tile,22,4
16384,80,False,6,gemm_tile,23,4
16384,80,False,6,gemm_tile,24,4
16384,80,False,6,gemm_tile,25,4
16384,80,False,6,gemm_tile,26,4
16384,80,False,6,gemm_tile,27,4
16384,80,False,6,gemm_tile,28,4
16384,80,False,6,gemm_tile,29,4
16384,80,False,6,gemm_tile,30,4
16384,80,False,6,gemm_tile,31,4
16384,80,False,6,gemm_tile,32,4
16384,80,False,6,gemm_tile,33,4
16384,80,False,6,gemm_tile,34,4
16384,80,False,6,gemm_tile,35,4
16384,80,False,6,gemm_tile,36,4
16384,80,False,6,gemm_tile,37,4
16384,80,False,6,gemm_tile,38,4
16384,80,False,6,gemm_tile,39,4
16384,80,False,6,gemm_tile,40,4
16384,80,False,6,gemm_tile,41,4
16384,80,False,6,gemm_tile,42,4
16384,80,False,6,gemm_tile,43,4
16384,80,False,6,gemm_tile,44,4
16384,80,False,6,gemm_tile,45,4
16384,80,False,6,gemm_tile,46,4
16384,80,False,6,gemm_tile,47,4
16384,80,False,6,gemm_tile,48,4
16384,80,False,6,gemm_tile,49,4
16384,80,False,6,gemm_tile,50,4
16384,80,False,6,gemm_tile,51,4
16384,80,False,6,gemm_tile,52,4
16384,80,False,6,gemm_tile,53,4
16384,80,False,6,gemm_tile,54,4
16384,80,False,6,gemm_tile,55,4
16384,80,False,6,gemm_tile,56,4
16384,80,False,6,gemm_tile,57,4
16384,80,False,6,gemm_tile,58,4
16384,80,False,6,gemm_tile,59,4
16384,80,False,6,gemm_tile,60,4
16384,80,False,6,gemm_tile,61,4
16384,80,False,6,gemm_tile,62,4
16384,80,False,6,gemm_tile,63,4
16384,80,False,6,gemm_tile,64,4
16384,80,False,6,gemm_tile,65,4
16384,80,False,6,gemm_tile,66,4
16384,80,False,6,gemm_tile,67,4
16384,80,False,6,gemm_tile,68,4
16384,80,False,6,gemm_tile,69,4
16384,80,False,6,gemm_tile,70,4
16384,80,False,6,gemm_tile,71,4
16384,80,False,6,gemm_tile,72,4
16384,80,False,6,gemm_tile,73,4
16384,80,False,6,gemm_tile,74,4
16384,80,False,6,gemm_tile,75,4
16384,80,False,6,gemm_tile,76,4
16384,80,False,6,gemm_tile,77,4
16384,80,False,6,gemm_tile,78,4
16384,80,False,6,gemm_tile,79,4
32768,80,False,0,rmsnorm_stat,0,0
32768,80,False,0,rmsnorm_stat,1,0
32768,80,False,0,rmsnorm_stat,2,0
32768,80,False,0,rmsnorm_stat,3,0
32768,80,False,0,rmsnorm_stat,4,0
32768,80,False,0,rmsnorm_stat,5,0
32768,80,False,0,rmsnorm_stat,6,0
32768,80,False,0,rmsnorm_stat,7,0
32768,80,False,0,rmsnorm_stat,8,0
32768,80,False,0,rmsnorm_stat,9,0
32768,80,False,0,rmsnorm_stat,10,0
32768,80,False,0,rmsnorm_stat,11,0
32768,80,False,0,rmsnorm_stat,12,0
32768,80,False,0,rmsnorm_stat,13,0
32768,80,False,0,rmsnorm_stat,14,0
32768,80,False,0,rmsnorm_stat,15,0
32768,80,False,0,rmsnorm_stat,16,0
32768,80,False,0,rmsnorm_stat,17,0
32768,80,False,0,rmsnorm_stat,18,0
32768,80,False,0,rmsnorm_stat,19,0
32768,80,False,0,rmsnorm_stat,20,0
32768,80,False,0,rmsnorm_stat,21,0
32768,80,False,0,rmsnorm_stat,22,0
32768,80,False,0,rmsnorm_stat,23,0
32768,80,False,0,rmsnorm_stat,24,0
32768,80,False,0,rmsnorm_stat,25,0
32768,80,False,0,rmsnorm_stat,26,0
32768,80,False,0,rmsnorm_stat,27,0
32768,80,False,0,rmsnorm_stat,28,0
32768,80,False,0,rmsnorm_stat,29,0
32768,80,False,0,rmsnorm_stat,30,0
32768,80,False,0,rmsnorm_stat,31,0
32768,80,False,0,rmsnorm_stat,32,0
32768,80,False,0,rmsnorm_stat,33,0
32768,80,False,0,rmsnorm_stat,34,0
32768,80,False,0,rmsnorm_stat,35,0
32768,80,False,0,rmsnorm_stat,36,0
32768,80,False,0,rmsnorm_stat,37,0
32768,80,False,0,rmsnorm_stat,38,0
32768,80,False,0,rmsnorm_stat,39,0
32768,80,False,0,rmsnorm_stat,40,0
32768,80,False,0,rmsnorm_stat,41,0
32768,80,False,0,rmsnorm_stat,42,0
32768,80,False,0,rmsnorm_stat,43,0
32768,80,False,0,rmsnorm_stat,44,0
32768,80,False,0,rmsnorm_stat,45,0
32768,80,False,0,rmsnorm_stat,46,0
32768,80,False,0,rmsnorm_stat,47,0
32768,80,False,0,rmsnorm_stat,48,0
32768,80,False,0,rmsnorm_stat,49,0
32768,80,False,0,rmsnorm_stat,50,0
32768,80,False,0,rmsnorm_stat,51,0
32768,80,False,0,rmsnorm_stat,52,0
32768,80,False,0,rmsnorm_stat,53,0
32768,80,False,0,rmsnorm_stat,54,0
32768,80,False,0,rmsnorm_stat,55,0
32768,80,False,0,rmsnorm_stat,56,0
32768,80,False,0,rmsnorm_stat,57,0
32768,80,False,0,rmsnorm_stat,58,0
32768,80,False,0,rmsnorm_stat,59,0
32768,80,False,0,rmsnorm_stat,60,0
32768,80,False,0,rmsnorm_stat,61,0
32768,80,False,0,rmsnorm_stat,62,0
32768,80,False,0,rmsnorm_stat,63,0
32768,80,False,0,rmsnorm_stat,64,0
32768,80,False,0,rmsnorm_stat,65,0
32768,80,False,0,rmsnorm_stat,66,0
32768,80,False,0,rmsnorm_stat,67,0
32768,80,False,0,rmsnorm_stat,68,0
32768,80,False,0,rmsnorm_stat,69,0
32768,80,False,0,rmsnorm_stat,70,0
32768,80,False,0,rmsnorm_stat,71,0
32768,80,False,0,rmsnorm_stat,72,0
32768,80,False,0,rmsnorm_stat,73,0
32768,80,False,0,rmsnorm_stat,74,0
32768,80,False,0,rmsnorm_stat,75,0
32768,80,False,0,rmsnorm_stat,76,0
32768,80,False,0,rmsnorm_stat,77,0
32768,80,False,0,rmsnorm_stat,78,0
32768,80,False,0,rmsnorm_stat,79,0
32768,80,False,1,x_permute,0,1
32768,80,False,1,x_permute,1,1
32768,80,False,1,x_permute,2,1
32768,80,False,1,x_permute,3,1
32768,80,False,1,x_permute,4,1
32768,80,False,1,x_permute,5,1
32768,80,False,1,x_permute,6,1
32768,80,False,1,x_permute,7,1
32768,80,False,1,x_permute,8,1
32768,80,False,1,x_permute,9,1
32768,80,False,1,x_permute,10,1
32768,80,False,1,x_permute,11,1
32768,80,False,1,x_permute,12,1
32768,80,False,1,x_permute,13,1
32768,80,False,1,x_permute,14,1
32768,80,False,1,x_permute,15,1
32768,80,False,1,x_permute,16,0
32768,80,False,1,x_permute,17,0
32768,80,False,1,x_permute,18,0
32768,80,False,1,x_permute,19,0
32768,80,False,1,x_permute,20,0
32768,80,False,1,x_permute,21,0
32768,80,False,1,x_permute,22,0
32768,80,False,1,x_permute,23,0
32768,80,False,1,x_permute,24,0
32768,80,False,1,x_permute,25,0
32768,80,False,1,x_permute,26,0
32768,80,False,1,x_permute,27,0
32768,80,False,1,x_permute,28,0
32768,80,False,1,x_permute,29,0
32768,80,False,1,x_permute,30,0
32768,80,False,1,x_permute,31,0
32768,80,False,1,x_permute,32,0
32768,80,False,1,x_permute,33,0
32768,80,False,1,x_permute,34,0
32768,80,False,1,x_permute,35,0
32768,80,False,1,x_permute,36,0
32768,80,False,1,x_permute,37,0
32768,80,False,1,x_permute,38,0
32768,80,False,1,x_permute,39,0
32768,80,False,1,x_permute,40,0
32768,80,False,1,x_permute,41,0
32768,80,False,1,x_permute,42,0
32768,80,False,1,x_permute,43,0
32768,80,False,1,x_permute,44,0
32768,80,False,1,x_permute,45,0
32768,80,False,1,x_permute,46,0
32768,80,False,1,x_permute,47,0
32768,80,False,1,x_permute,48,0
32768,80,False,1,x_permute,49,0
32768,80,False,1,x_permute,50,0
32768,80,False,1,x_permute,51,0
32768,80,False,1,x_permute,52,0
32768,80,False,1,x_permute,53,0
32768,80,False,1,x_permute,54,0
32768,80,False,1,x_permute,55,0
32768,80,False,1,x_permute,56,0
32768,80,False,1,x_permute,57,0
32768,80,False,1,x_permute,58,0
32768,80,False,1,x_permute,59,0
32768,80,False,1,x_permute,60,0
32768,80,False,1,x_permute,61,0
32768,80,False,1,x_permute,62,0
32768,80,False,1,x_permute,63,0
32768,80,False,1,x_permute,64,0
32768,80,False,1,x_permute,65,0
32768,80,False,1,x_permute,66,0
32768,80,False,1,x_permute,67,0
32768,80,False,1,x_permute,68,0
32768,80,False,1,x_permute,69,0
32768,80,False,1,x_permute,70,0
32768,80,False,1,x_permute,71,0
32768,80,False,1,x_permute,72,0
32768,80,False,1,x_permute,73,0
32768,80,False,1,x_permute,74,0
32768,80,False,1,x_permute,75,0
32768,80,False,1,x_permute,76,0
32768,80,False,1,x_permute,77,0
32768,80,False,1,x_permute,78,0
32768,80,False,1,x_permute,79,0
32768,80,False,2,gemm_tile,0,7
32768,80,False,2,gemm_tile,1,7
32768,80,False,2,gemm_tile,2,7
32768,80,False,2,gemm_tile,3,7
32768,80,False,2,gemm_tile,4,7
32768,80,False,2,gemm_tile,5,7
32768,80,False,2,gemm_tile,6,6
32768,80,False,2,gemm_tile,7,7
32768,80,False,2,gemm_tile,8,7
32768,80,False,2,gemm_tile,9,7
32768,80,False,2,gemm_tile,10,7
32768,80,False,2,gemm_tile,11,6
32768,80,False,2,gemm_tile,12,6
32768,80,False,2,gemm_tile,13,7
32768,80,False,2,gemm_tile,14,6
32768,80,False,2,gemm_tile,15,7
32768,80,False,2,gemm_tile,16,6
32768,80,False,2,gemm_tile,17,6
32768,80,False,2,gemm_tile,18,6
32768,80,False,2,gemm_tile,19,7
32768,80,False,2,gemm_tile,20,7
32768,80,False,2,gemm_tile,21,7
32768,80,False,2,gemm_tile,22,6
32768,80,False,2,gemm_tile,23,6
32768,80,False,2,gemm_tile,24,6
32768,80,False,2,gemm_tile,25,7
32768,80,False,2,gemm_tile,26,6
32768,80,False,2,gemm_tile,27,6
32768,80,False,2,gemm_tile,28,6
32768,80,False,2,gemm_tile,29,6
32768,80,False,2,gemm_tile,30,6
32768,80,False,2,gemm_tile,31,6
32768,80,False,2,gemm_tile,32,7
32768,80,False,2,gemm_tile,33,7
32768,80,False,2,gemm_tile,34,6
32768,80,False,2,gemm_tile,35,6
32768,80,False,2,gemm_tile,36,7
32768,80,False,2,gemm_tile,37,6
32768,80,False,2,gemm_tile,38,6
32768,80,False,2,gemm_tile,39,6
32768,80,False,2,gemm_tile,40,7
32768,80,False,2,gemm_tile,41,7
32768,80,False,2,gemm_tile,42,7
32768,80,False,2,gemm_tile,43,7
32768,80,False,2,gemm_tile,44,7
32768,80,False,2,gemm_tile,45,7
32768,80,False,2,gemm_tile,46,6
32768,80,False,2,gemm_tile,47,7
32768,80,False,2,gemm_tile,48,6
32768,80,False,2,gemm_tile,49,7
32768,80,False,2,gemm_tile,50,7
32768,80,False,2,gemm_tile,51,6
32768,80,False,2,gemm_tile,52,6
32768,80,False,2,gemm_tile,53,6
32768,80,False,2,gemm_tile,54,6
32768,80,False,2,gemm_tile,55,6
32768,80,False,2,gemm_tile,56,6
32768,80,False,2,gemm_tile,57,6
32768,80,False,2,gemm_tile,58,6
32768,80,False,2,gemm_tile,59,7
32768,80,False,2,gemm_tile,60,6
32768,80,False,2,gemm_tile,61,7
32768,80,False,2,gemm_tile,62,6
32768,80,False,2,gemm_tile,63,6
32768,80,False,2,gemm_tile,64,7
32768,80,False,2,gemm_tile,65,6
32768,80,False,2,gemm_tile,66,6
32768,80,False,2,gemm_tile,67,6
32768,80,False,2,gemm_tile,68,6
32768,80,False,2,gemm_tile,69,6
32768,80,False,2,gemm_tile,70,6
32768,80,False,2,gemm_tile,71,6
32768,80,False,2,gemm_tile,72,6
32768,80,False,2,gemm_tile,73,6
32768,80,False,2,gemm_tile,74,6
32768,80,False,2,gemm_tile,75,6
32768,80,False,2,gemm_tile,76,7
32768,80,False,2,gemm_tile,77,6
32768,80,False,2,gemm_tile,78,6
32768,80,False,2,gemm_tile,79,6
32768,80,False,3,gqa_decode_mma,0,21
32768,80,False,3,gqa_decode_mma,1,20
32768,80,False,3,gqa_decode_mma,2,19
32768,80,False,3,gqa_decode_mma,3,20
32768,80,False,3,gqa_decode_mma,4,18
32768,80,False,3,gqa_decode_mma,5,19
32768,80,False,3,gqa_decode_mma,6,20
32768,80,False,3,gqa_decode_mma,7,20
32768,80,False,3,gqa_decode_mma,8,20
32768,80,False,3,gqa_decode_mma,9,18
32768,80,False,3,gqa_decode_mma,10,20
32768,80,False,3,gqa_decode_mma,11,19
32768,80,False,3,gqa_decode_mma,12,20
32768,80,False,3,gqa_decode_mma,13,20
32768,80,False,3,gqa_decode_mma,14,18
32768,80,False,3,gqa_decode_mma,15,19
32768,80,False,3,gqa_decode_mma,16,20
32768,80,False,3,gqa_decode_mma,17,20
32768,80,False,3,gqa_decode_mma,18,20
32768,80,False,3,gqa_decode_mma,19,20
32768,80,False,3,gqa_decode_mma,20,20
32768,80,False,3,gqa_decode_mma,21,20
32768,80,False,3,gqa_decode_mma,22,20
32768,80,False,3,gqa_decode_mma,23,20
32768,80,False,3,gqa_decode_mma,24,21
32768,80,False,3,gqa_decode_mma,25,19
32768,80,False,3,gqa_decode_mma,26,20
32768,80,False,3,gqa_decode_mma,27,20
32768,80,False,3,gqa_decode_mma,28,21
32768,80,False,3,gqa_decode_mma,29,18
32768,80,False,3,gqa_decode_mma,30,20
32768,80,False,3,gqa_decode_mma,31,20
32768,80,False,3,gqa_decode_mma,32,20
32768,80,False,3,gqa_decode_mma,33,18
32768,80,False,3,gqa_decode_mma,34,19
32768,80,False,3,gqa_decode_mma,35,19
32768,80,False,3,gqa_decode_mma,36,21
32768,80,False,3,gqa_decode_mma,37,20
32768,80,False,3,gqa_decode_mma,38,21
32768,80,False,3,gqa_decode_mma,39,20
32768,80,False,3,gqa_decode_mma,40,19
32768,80,False,3,gqa_decode_mma,41,19
32768,80,False,3,gqa_decode_mma,42,19
32768,80,False,3,gqa_decode_mma,43,19
32768,80,False,3,gqa_decode_mma,44,18
32768,80,False,3,gqa_decode_mma,45,19
32768,80,False,3,gqa_decode_mma,46,19
32768,80,False,3,gqa_decode_mma,47,18
32768,80,False,3,gqa_decode_mma,48,19
32768,80,False,3,gqa_decode_mma,49,19
32768,80,False,3,gqa_decode_mma,50,18
32768,80,False,3,gqa_decode_mma,51,18
32768,80,False,3,gqa_decode_mma,52,19
32768,80,False,3,gqa_decode_mma,53,19
32768,80,False,3,gqa_decode_mma,54,19
32768,80,False,3,gqa_decode_mma,55,19
32768,80,False,3,gqa_decode_mma,56,19
32768,80,False,3,gqa_decode_mma,57,18
32768,80,False,3,gqa_decode_mma,58,19
32768,80,False,3,gqa_decode_mma,59,18
32768,80,False,3,gqa_decode_mma,60,19
32768,80,False,3,gqa_decode_mma,61,20
32768,80,False,3,gqa_decode_mma,62,19
32768,80,False,3,gqa_decode_mma,63,18
32768,80,False,3,gqa_decode_mma,64,19
32768,80,False,3,gqa_decode_mma,65,19
32768,80,False,3,gqa_decode_mma,66,19
32768,80,False,3,gqa_decode_mma,67,18
32768,80,False,3,gqa_decode_mma,68,18
32768,80,False,3,gqa_decode_mma,69,19
32768,80,False,3,gqa_decode_mma,70,19
32768,80,False,3,gqa_decode_mma,71,17
32768,80,False,3,gqa_decode_mma,72,20
32768,80,False,3,gqa_decode_mma,73,18
32768,80,False,3,gqa_decode_mma,74,19
32768,80,False,3,gqa_decode_mma,75,19
32768,80,False,3,gqa_decode_mma,76,19
32768,80,False,3,gqa_decode_mma,77,19
32768,80,False,3,gqa_decode_mma,78,19
32768,80,False,3,gqa_decode_mma,79,19
32768,80,False,4,gemm_tile,0,1
32768,80,False,4,gemm_tile,1,4
32768,80,False,4,gemm_tile,2,8
32768,80,False,4,gemm_tile,3,6
32768,80,False,4,gemm_tile,4,10
32768,80,False,4,gemm_tile,5,7
32768,80,False,4,gemm_tile,6,3
32768,80,False,4,gemm_tile,7,5
32768,80,False,4,gemm_tile,8,4
32768,80,False,4,gemm_tile,9,10
32768,80,False,4,gemm_tile,10,5
32768,80,False,4,gemm_tile,11,6
32768,80,False,4,gemm_tile,12,5
32768,80,False,4,gemm_tile,13,3
32768,80,False,4,gemm_tile,14,10
32768,80,False,4,gemm_tile,15,7
32768,80,False,4,gemm_tile,16,4
32768,80,False,4,gemm_tile,17,5
32768,80,False,4,gemm_tile,18,3
32768,80,False,4,gemm_tile,19,4
32768,80,False,4,gemm_tile,20,5
32768,80,False,4,gemm_tile,21,4
32768,80,False,4,gemm_tile,22,3
32768,80,False,4,gemm_tile,23,4
32768,80,False,4,gemm_tile,24,1
32768,80,False,4,gemm_tile,25,8
32768,80,False,4,gemm_tile,26,4
32768,80,False,4,gemm_tile,27,4
32768,80,False,4,gemm_tile,28,1
32768,80,False,4,gemm_tile,29,10
32768,80,False,4,gemm_tile,30,3
32768,80,False,4,gemm_tile,31,5
32768,80,False,4,gemm_tile,32,4
32768,80,False,4,gemm_tile,33,10
32768,80,False,4,gemm_tile,34,7
32768,80,False,4,gemm_tile,35,7
32768,80,False,4,gemm_tile,36,0
32768,80,False,4,gemm_tile,37,3
32768,80,False,4,gemm_tile,38,2
32768,80,False,4,gemm_tile,39,4
32768,80,False,4,gemm_tile,40,5
32768,80,False,4,gemm_tile,41,5
32768,80,False,4,gemm_tile,42,3
32768,80,False,4,gemm_tile,43,6
32768,80,False,4,gemm_tile,44,6
32768,80,False,4,gemm_tile,45,4
32768,80,False,4,gemm_tile,46,5
32768,80,False,4,gemm_tile,47,7
32768,80,False,4,gemm_tile,48,3
32768,80,False,4,gemm_tile,49,5
32768,80,False,4,gemm_tile,50,6
32768,80,False,4,gemm_tile,51,8
32768,80,False,4,gemm_tile,52,3
32768,80,False,4,gemm_tile,53,5
32768,80,False,4,gemm_tile,54,3
32768,80,False,4,gemm_tile,55,5
32768,80,False,4,gemm_tile,56,3
32768,80,False,4,gemm_tile,57,7
32768,80,False,4,gemm_tile,58,4
32768,80,False,4,gemm_tile,59,7
32768,80,False,4,gemm_tile,60,4
32768,80,False,4,gemm_tile,61,2
32768,80,False,4,gemm_tile,62,4
32768,80,False,4,gemm_tile,63,6
32768,80,False,4,gemm_tile,64,4
32768,80,False,4,gemm_tile,65,4
32768,80,False,4,gemm_tile,66,3
32768,80,False,4,gemm_tile,67,6
32768,80,False,4,gemm_tile,68,6
32768,80,False,4,gemm_tile,69,4
32768,80,False,4,gemm_tile,70,2
32768,80,False,4,gemm_tile,71,9
32768,80,False,4,gemm_tile,72,2
32768,80,False,4,gemm_tile,73,6
32768,80,False,4,gemm_tile,74,3
32768,80,False,4,gemm_tile,75,3
32768,80,False,4,gemm_tile,76,3
32768,80,False,4,gemm_tile,77,5
32768,80,False,4,gemm_tile,78,4
32768,80,False,4,gemm_tile,79,5
32768,80,False,5,gqa_merge,0,1
32768,80,False,5,gqa_merge,1,1
32768,80,False,5,gqa_merge,2,1
32768,80,False,5,gqa_merge,3,1
32768,80,False,5,gqa_merge,4,1
32768,80,False,5,gqa_merge,5,1
32768,80,False,5,gqa_merge,6,1
32768,80,False,5,gqa_merge,7,1
32768,80,False,5,gqa_merge,8,1
32768,80,False,5,gqa_merge,9,1
32768,80,False,5,gqa_merge,10,1
32768,80,False,5,gqa_merge,11,1
32768,80,False,5,gqa_merge,12,1
32768,80,False,5,gqa_merge,13,1
32768,80,False,5,gqa_merge,14,1
32768,80,False,5,gqa_merge,15,1
32768,80,False,5,gqa_merge,16,1
32768,80,False,5,gqa_merge,17,1
32768,80,False,5,gqa_merge,18,1
32768,80,False,5,gqa_merge,19,1
32768,80,False,5,gqa_merge,20,1
32768,80,False,5,gqa_merge,21,1
32768,80,False,5,gqa_merge,22,1
32768,80,False,5,gqa_merge,23,1
32768,80,False,5,gqa_merge,24,0
32768,80,False,5,gqa_merge,25,0
32768,80,False,5,gqa_merge,26,0
32768,80,False,5,gqa_merge,27,0
32768,80,False,5,gqa_merge,28,0
32768,80,False,5,gqa_merge,29,0
32768,80,False,5,gqa_merge,30,0
32768,80,False,5,gqa_merge,31,0
32768,80,False,5,gqa_merge,32,0
32768,80,False,5,gqa_merge,33,0
32768,80,False,5,gqa_merge,34,0
32768,80,False,5,gqa_merge,35,0
32768,80,False,5,gqa_merge,36,0
32768,80,False,5,gqa_merge,37,0
32768,80,False,5,gqa_merge,38,0
32768,80,False,5,gqa_merge,39,0
32768,80,False,5,gqa_merge,40,0
32768,80,False,5,gqa_merge,41,0
32768,80,False,5,gqa_merge,42,0
32768,80,False,5,gqa_merge,43,0
32768,80,False,5,gqa_merge,44,0
32768,80,False,5,gqa_merge,45,0
32768,80,False,5,gqa_merge,46,0
32768,80,False,5,gqa_merge,47,0
32768,80,False,5,gqa_merge,48,0
32768,80,False,5,gqa_merge,49,0
32768,80,False,5,gqa_merge,50,0
32768,80,False,5,gqa_merge,51,0
32768,80,False,5,gqa_merge,52,0
32768,80,False,5,gqa_merge,53,0
32768,80,False,5,gqa_merge,54,0
32768,80,False,5,gqa_merge,55,0
32768,80,False,5,gqa_merge,56,0
32768,80,False,5,gqa_merge,57,0
32768,80,False,5,gqa_merge,58,0
32768,80,False,5,gqa_merge,59,0
32768,80,False,5,gqa_merge,60,0
32768,80,False,5,gqa_merge,61,0
32768,80,False,5,gqa_merge,62,0
32768,80,False,5,gqa_merge,63,0
32768,80,False,5,gqa_merge,64,0
32768,80,False,5,gqa_merge,65,0
32768,80,False,5,gqa_merge,66,0
32768,80,False,5,gqa_merge,67,0
32768,80,False,5,gqa_merge,68,0
32768,80,False,5,gqa_merge,69,0
32768,80,False,5,gqa_merge,70,0
32768,80,False,5,gqa_merge,71,0
32768,80,False,5,gqa_merge,72,0
32768,80,False,5,gqa_merge,73,0
32768,80,False,5,gqa_merge,74,0
32768,80,False,5,gqa_merge,75,0
32768,80,False,5,gqa_merge,76,0
32768,80,False,5,gqa_merge,77,0
32768,80,False,5,gqa_merge,78,0
32768,80,False,5,gqa_merge,79,0
32768,80,False,6,gemm_tile,0,4
32768,80,False,6,gemm_tile,1,4
32768,80,False,6,gemm_tile,2,4
32768,80,False,6,gemm_tile,3,4
32768,80,False,6,gemm_tile,4,4
32768,80,False,6,gemm_tile,5,4
32768,80,False,6,gemm_tile,6,4
32768,80,False,6,gemm_tile,7,4
32768,80,False,6,gemm_tile,8,4
32768,80,False,6,gemm_tile,9,4
32768,80,False,6,gemm_tile,10,4
32768,80,False,6,gemm_tile,11,4
32768,80,False,6,gemm_tile,12,4
32768,80,False,6,gemm_tile,13,4
32768,80,False,6,gemm_tile,14,4
32768,80,False,6,gemm_tile,15,4
32768,80,False,6,gemm_tile,16,4
32768,80,False,6,gemm_tile,17,4
32768,80,False,6,gemm_tile,18,4
32768,80,False,6,gemm_tile,19,4
32768,80,False,6,gemm_tile,20,4
32768,80,False,6,gemm_tile,21,4
32768,80,False,6,gemm_tile,22,4
32768,80,False,6,gemm_tile,23,4
32768,80,False,6,gemm_tile,24,4
32768,80,False,6,gemm_tile,25,4
32768,80,False,6,gemm_tile,26,4
32768,80,False,6,gemm_tile,27,4
32768,80,False,6,gemm_tile,28,4
32768,80,False,6,gemm_tile,29,4
32768,80,False,6,gemm_tile,30,4
32768,80,False,6,gemm_tile,31,4
32768,80,False,6,gemm_tile,32,4
32768,80,False,6,gemm_tile,33,4
32768,80,False,6,gemm_tile,34,4
32768,80,False,6,gemm_tile,35,4
32768,80,False,6,gemm_tile,36,4
32768,80,False,6,gemm_tile,37,4
32768,80,False,6,gemm_tile,38,4
32768,80,False,6,gemm_tile,39,4
32768,80,False,6,gemm_tile,40,4
32768,80,False,6,gemm_tile,41,4
32768,80,False,6,gemm_tile,42,4
32768,80,False,6,gemm_tile,43,4
32768,80,False,6,gemm_tile,44,4
32768,80,False,6,gemm_tile,45,4
32768,80,False,6,gemm_tile,46,4
32768,80,False,6,gemm_tile,47,4
32768,80,False,6,gemm_tile,48,4
32768,80,False,6,gemm_tile,49,4
32768,80,False,6,gemm_tile,50,4
32768,80,False,6,gemm_tile,51,4
32768,80,False,6,gemm_tile,52,4
32768,80,False,6,gemm_tile,53,4
32768,80,False,6,gemm_tile,54,4
32768,80,False,6,gemm_tile,55,4
32768,80,False,6,gemm_tile,56,4
32768,80,False,6,gemm_tile,57,4
32768,80,False,6,gemm_tile,58,4
32768,80,False,6,gemm_tile,59,4
32768,80,False,6,gemm_tile,60,4
32768,80,False,6,gemm_tile,61,4
32768,80,False,6,gemm_tile,62,4
32768,80,False,6,gemm_tile,63,4
32768,80,False,6,gemm_tile,64,4
32768,80,False,6,gemm_tile,65,4
32768,80,False,6,gemm_tile,66,4
32768,80,False,6,gemm_tile,67,4
32768,80,False,6,gemm_tile,68,4
32768,80,False,6,gemm_tile,69,4
32768,80,False,6,gemm_tile,70,4
32768,80,False,6,gemm_tile,71,4
32768,80,False,6,gemm_tile,72,4
32768,80,False,6,gemm_tile,73,4
32768,80,False,6,gemm_tile,74,4
32768,80,False,6,gemm_tile,75,4
32768,80,False,6,gemm_tile,76,4
32768,80,False,6,gemm_tile,77,4
32768,80,False,6,gemm_tile,78,4
32768,80,False,6,gemm_tile,79,4
128,160,False,0,rmsnorm_stat,0,0
128,160,False,0,rmsnorm_stat,1,0
128,160,False,0,rmsnorm_stat,2,0
128,160,False,0,rmsnorm_stat,3,0
128,160,False,0,rmsnorm_stat,4,0
128,160,False,0,rmsnorm_stat,5,0
128,160,False,0,rmsnorm_stat,6,0
128,160,False,0,rmsnorm_stat,7,0
128,160,False,0,rmsnorm_stat,8,0
128,160,False,0,rmsnorm_stat,9,0
128,160,False,0,rmsnorm_stat,10,0
128,160,False,0,rmsnorm_stat,11,0
128,160,False,0,rmsnorm_stat,12,0
128,160,False,0,rmsnorm_stat,13,0
128,160,False,0,rmsnorm_stat,14,0
128,160,False,0,rmsnorm_stat,15,0
128,160,False,0,rmsnorm_stat,16,0
128,160,False,0,rmsnorm_stat,17,0
128,160,False,0,rmsnorm_stat,18,0
128,160,False,0,rmsnorm_stat,19,0
128,160,False,0,rmsnorm_stat,20,0
128,160,False,0,rmsnorm_stat,21,0
128,160,False,0,rmsnorm_stat,22,0
128,160,False,0,rmsnorm_stat,23,0
128,160,False,0,rmsnorm_stat,24,0
128,160,False,0,rmsnorm_stat,25,0
128,160,False,0,rmsnorm_stat,26,0
128,160,False,0,rmsnorm_stat,27,0
128,160,False,0,rmsnorm_stat,28,0
128,160,False,0,rmsnorm_stat,29,0
128,160,False,0,rmsnorm_stat,30,0
128,160,False,0,rmsnorm_stat,31,0
128,160,False,0,rmsnorm_stat,32,0
128,160,False,0,rmsnorm_stat,33,0
128,160,False,0,rmsnorm_stat,34,0
128,160,False,0,rmsnorm_stat,35,0
128,160,False,0,rmsnorm_stat,36,0
128,160,False,0,rmsnorm_stat,37,0
128,160,False,0,rmsnorm_stat,38,0
128,160,False,0,rmsnorm_stat,39,0
128,160,False,0,rmsnorm_stat,40,0
128,160,False,0,rmsnorm_stat,41,0
128,160,False,0,rmsnorm_stat,42,0
128,160,False,0,rmsnorm_stat,43,0
128,160,False,0,rmsnorm_stat,44,0
128,160,False,0,rmsnorm_stat,45,0
128,160,False,0,rmsnorm_stat,46,0
128,160,False,0,rmsnorm_stat,47,0
128,160,False,0,rmsnorm_stat,48,0
128,160,False,0,rmsnorm_stat,49,0
128,160,False,0,rmsnorm_stat,50,0
128,160,False,0,rmsnorm_stat,51,0
128,160,False,0,rmsnorm_stat,52,0
128,160,False,0,rmsnorm_stat,53,0
128,160,False,0,rmsnorm_stat,54,0
128,160,False,0,rmsnorm_stat,55,0
128,160,False,0,rmsnorm_stat,56,0
128,160,False,0,rmsnorm_stat,57,0
128,160,False,0,rmsnorm_stat,58,0
128,160,False,0,rmsnorm_stat,59,0
128,160,False,0,rmsnorm_stat,60,0
128,160,False,0,rmsnorm_stat,61,0
128,160,False,0,rmsnorm_stat,62,0
128,160,False,0,rmsnorm_stat,63,0
128,160,False,0,rmsnorm_stat,64,0
128,160,False,0,rmsnorm_stat,65,0
128,160,False,0,rmsnorm_stat,66,0
128,160,False,0,rmsnorm_stat,67,0
128,160,False,0,rmsnorm_stat,68,0
128,160,False,0,rmsnorm_stat,69,0
128,160,False,0,rmsnorm_stat,70,0
128,160,False,0,rmsnorm_stat,71,0
128,160,False,0,rmsnorm_stat,72,0
128,160,False,0,rmsnorm_stat,73,0
128,160,False,0,rmsnorm_stat,74,0
128,160,False,0,rmsnorm_stat,75,0
128,160,False,0,rmsnorm_stat,76,0
128,160,False,0,rmsnorm_stat,77,0
128,160,False,0,rmsnorm_stat,78,0
128,160,False,0,rmsnorm_stat,79,0
128,160,False,0,rmsnorm_stat,80,0
128,160,False,0,rmsnorm_stat,81,0
128,160,False,0,rmsnorm_stat,82,0
128,160,False,0,rmsnorm_stat,83,0
128,160,False,0,rmsnorm_stat,84,0
128,160,False,0,rmsnorm_stat,85,0
128,160,False,0,rmsnorm_stat,86,0
128,160,False,0,rmsnorm_stat,87,0
128,160,False,0,rmsnorm_stat,88,0
128,160,False,0,rmsnorm_stat,89,0
128,160,False,0,rmsnorm_stat,90,0
128,160,False,0,rmsnorm_stat,91,0
128,160,False,0,rmsnorm_stat,92,0
128,160,False,0,rmsnorm_stat,93,0
128,160,False,0,rmsnorm_stat,94,0
128,160,False,0,rmsnorm_stat,95,0
128,160,False,0,rmsnorm_stat,96,0
128,160,False,0,rmsnorm_stat,97,0
128,160,False,0,rmsnorm_stat,98,0
128,160,False,0,rmsnorm_stat,99,0
128,160,False,0,rmsnorm_stat,100,0
128,160,False,0,rmsnorm_stat,101,0
128,160,False,0,rmsnorm_stat,102,0
128,160,False,0,rmsnorm_stat,103,0
128,160,False,0,rmsnorm_stat,104,0
128,160,False,0,rmsnorm_stat,105,0
128,160,False,0,rmsnorm_stat,106,0
128,160,False,0,rmsnorm_stat,107,0
128,160,False,0,rmsnorm_stat,108,0
128,160,False,0,rmsnorm_stat,109,0
128,160,False,0,rmsnorm_stat,110,0
128,160,False,0,rmsnorm_stat,111,0
128,160,False,0,rmsnorm_stat,112,0
128,160,False,0,rmsnorm_stat,113,0
128,160,False,0,rmsnorm_stat,114,0
128,160,False,0,rmsnorm_stat,115,0
128,160,False,0,rmsnorm_stat,116,0
128,160,False,0,rmsnorm_stat,117,0
128,160,False,0,rmsnorm_stat,118,0
128,160,False,0,rmsnorm_stat,119,0
128,160,False,0,rmsnorm_stat,120,0
128,160,False,0,rmsnorm_stat,121,0
128,160,False,0,rmsnorm_stat,122,0
128,160,False,0,rmsnorm_stat,123,0
128,160,False,0,rmsnorm_stat,124,0
128,160,False,0,rmsnorm_stat,125,0
128,160,False,0,rmsnorm_stat,126,0
128,160,False,0,rmsnorm_stat,127,0
128,160,False,0,rmsnorm_stat,128,0
128,160,False,0,rmsnorm_stat,129,0
128,160,False,0,rmsnorm_stat,130,0
128,160,False,0,rmsnorm_stat,131,0
128,160,False,0,rmsnorm_stat,132,0
128,160,False,0,rmsnorm_stat,133,0
128,160,False,0,rmsnorm_stat,134,0
128,160,False,0,rmsnorm_stat,135,0
128,160,False,0,rmsnorm_stat,136,0
128,160,False,0,rmsnorm_stat,137,0
128,160,False,0,rmsnorm_stat,138,0
128,160,False,0,rmsnorm_stat,139,0
128,160,False,0,rmsnorm_stat,140,0
128,160,False,0,rmsnorm_stat,141,0
128,160,False,0,rmsnorm_stat,142,0
128,160,False,0,rmsnorm_stat,143,0
128,160,False,0,rmsnorm_stat,144,0
128,160,False,0,rmsnorm_stat,145,0
128,160,False,0,rmsnorm_stat,146,0
128,160,False,0,rmsnorm_stat,147,0
128,160,False,0,rmsnorm_stat,148,0
128,160,False,0,rmsnorm_stat,149,0
128,160,False,0,rmsnorm_stat,150,0
128,160,False,0,rmsnorm_stat,151,0
128,160,False,0,rmsnorm_stat,152,0
128,160,False,0,rmsnorm_stat,153,0
128,160,False,0,rmsnorm_stat,154,0
128,160,False,0,rmsnorm_stat,155,0
128,160,False,0,rmsnorm_stat,156,0
128,160,False,0,rmsnorm_stat,157,0
128,160,False,0,rmsnorm_stat,158,0
128,160,False,0,rmsnorm_stat,159,0
128,160,False,1,x_permute,0,1
128,160,False,1,x_permute,1,1
128,160,False,1,x_permute,2,1
128,160,False,1,x_permute,3,1
128,160,False,1,x_permute,4,1
128,160,False,1,x_permute,5,1
128,160,False,1,x_permute,6,1
128,160,False,1,x_permute,7,1
128,160,False,1,x_permute,8,1
128,160,False,1,x_permute,9,1
128,160,False,1,x_permute,10,1
128,160,False,1,x_permute,11,1
128,160,False,1,x_permute,12,1
128,160,False,1,x_permute,13,1
128,160,False,1,x_permute,14,1
128,160,False,1,x_permute,15,1
128,160,False,1,x_permute,16,1
128,160,False,1,x_permute,17,1
128,160,False,1,x_permute,18,1
128,160,False,1,x_permute,19,1
128,160,False,1,x_permute,20,1
128,160,False,1,x_permute,21,1
128,160,False,1,x_permute,22,1
128,160,False,1,x_permute,23,1
128,160,False,1,x_permute,24,1
128,160,False,1,x_permute,25,1
128,160,False,1,x_permute,26,1
128,160,False,1,x_permute,27,1
128,160,False,1,x_permute,28,1
128,160,False,1,x_permute,29,1
128,160,False,1,x_permute,30,1
128,160,False,1,x_permute,31,1
128,160,False,1,x_permute,32,1
128,160,False,1,x_permute,33,1
128,160,False,1,x_permute,34,1
128,160,False,1,x_permute,35,1
128,160,False,1,x_permute,36,1
128,160,False,1,x_permute,37,1
128,160,False,1,x_permute,38,1
128,160,False,1,x_permute,39,1
128,160,False,1,x_permute,40,1
128,160,False,1,x_permute,41,1
128,160,False,1,x_permute,42,1
128,160,False,1,x_permute,43,1
128,160,False,1,x_permute,44,1
128,160,False,1,x_permute,45,1
128,160,False,1,x_permute,46,1
128,160,False,1,x_permute,47,1
128,160,False,1,x_permute,48,1
128,160,False,1,x_permute,49,1
128,160,False,1,x_permute,50,1
128,160,False,1,x_permute,51,1
128,160,False,1,x_permute,52,1
128,160,False,1,x_permute,53,1
128,160,False,1,x_permute,54,1
128,160,False,1,x_permute,55,1
128,160,False,1,x_permute,56,1
128,160,False,1,x_permute,57,1
128,160,False,1,x_permute,58,1
128,160,False,1,x_permute,59,1
128,160,False,1,x_permute,60,1
128,160,False,1,x_permute,61,1
128,160,False,1,x_permute,62,1
128,160,False,1,x_permute,63,1
128,160,False,1,x_permute,64,0
128,160,False,1,x_permute,65,0
128,160,False,1,x_permute,66,0
128,160,False,1,x_permute,67,0
128,160,False,1,x_permute,68,0
128,160,False,1,x_permute,69,0
128,160,False,1,x_permute,70,0
128,160,False,1,x_permute,71,0
128,160,False,1,x_permute,72,0
128,160,False,1,x_permute,73,0
128,160,False,1,x_permute,74,0
128,160,False,1,x_permute,75,0
128,160,False,1,x_permute,76,0
128,160,False,1,x_permute,77,0
128,160,False,1,x_permute,78,0
128,160,False,1,x_permute,79,0
128,160,False,1,x_permute,80,0
128,160,False,1,x_permute,81,0
128,160,False,1,x_permute,82,0
128,160,False,1,x_permute,83,0
128,160,False,1,x_permute,84,0
128,160,False,1,x_permute,85,0
128,160,False,1,x_permute,86,0
128,160,False,1,x_permute,87,0
128,160,False,1,x_permute,88,0
128,160,False,1,x_permute,89,0
128,160,False,1,x_permute,90,0
128,160,False,1,x_permute,91,0
128,160,False,1,x_permute,92,0
128,160,False,1,x_permute,93,0
128,160,False,1,x_permute,94,0
128,160,False,1,x_permute,95,0
128,160,False,1,x_permute,96,0
128,160,False,1,x_permute,97,0
128,160,False,1,x_permute,98,0
128,160,False,1,x_permute,99,0
128,160,False,1,x_permute,100,0
128,160,False,1,x_permute,101,0
128,160,False,1,x_permute,102,0
128,160,False,1,x_permute,103,0
128,160,False,1,x_permute,104,0
128,160,False,1,x_permute,105,0
128,160,False,1,x_permute,106,0
128,160,False,1,x_permute,107,0
128,160,False,1,x_permute,108,0
128,160,False,1,x_permute,109,0
128,160,False,1,x_permute,110,0
128,160,False,1,x_permute,111,0
128,160,False,1,x_permute,112,0
128,160,False,1,x_permute,113,0
128,160,False,1,x_permute,114,0
128,160,False,1,x_permute,115,0
128,160,False,1,x_permute,116,0
128,160,False,1,x_permute,117,0
128,160,False,1,x_permute,118,0
128,160,False,1,x_permute,119,0
128,160,False,1,x_permute,120,0
128,160,False,1,x_permute,121,0
128,160,False,1,x_permute,122,0
128,160,False,1,x_permute,123,0
128,160,False,1,x_permute,124,0
128,160,False,1,x_permute,125,0
128,160,False,1,x_permute,126,0
128,160,False,1,x_permute,127,0
128,160,False,1,x_permute,128,0
128,160,False,1,x_permute,129,0
128,160,False,1,x_permute,130,0
128,160,False,1,x_permute,131,0
128,160,False,1,x_permute,132,0
128,160,False,1,x_permute,133,0
128,160,False,1,x_permute,134,0
128,160,False,1,x_permute,135,0
128,160,False,1,x_permute,136,0
128,160,False,1,x_permute,137,0
128,160,False,1,x_permute,138,0
128,160,False,1,x_permute,139,0
128,160,False,1,x_permute,140,0
128,160,False,1,x_permute,141,0
128,160,False,1,x_permute,142,0
128,160,False,1,x_permute,143,0
128,160,False,1,x_permute,144,0
128,160,False,1,x_permute,145,0
128,160,False,1,x_permute,146,0
128,160,False,1,x_permute,147,0
128,160,False,1,x_permute,148,0
128,160,False,1,x_permute,149,0
128,160,False,1,x_permute,150,0
128,160,False,1,x_permute,151,0
128,160,False,1,x_permute,152,0
128,160,False,1,x_permute,153,0
128,160,False,1,x_permute,154,0
128,160,False,1,x_permute,155,0
128,160,False,1,x_permute,156,0
128,160,False,1,x_permute,157,0
128,160,False,1,x_permute,158,0
128,160,False,1,x_permute,159,0
128,160,False,2,gemm_tile,0,3
128,160,False,2,gemm_tile,1,4
128,160,False,2,gemm_tile,2,3
128,160,False,2,gemm_tile,3,4
128,160,False,2,gemm_tile,4,4
128,160,False,2,gemm_tile,5,4
128,160,False,2,gemm_tile,6,4
128,160,False,2,gemm_tile,7,4
128,160,False,2,gemm_tile,8,4
128,160,False,2,gemm_tile,9,3
128,160,False,2,gemm_tile,10,3
128,160,False,2,gemm_tile,11,3
128,160,False,2,gemm_tile,12,4
128,160,False,2,gemm_tile,13,4
128,160,False,2,gemm_tile,14,3
128,160,False,2,gemm_tile,15,4
128,160,False,2,gemm_tile,16,4
128,160,False,2,gemm_tile,17,3
128,160,False,2,gemm_tile,18,4
128,160,False,2,gemm_tile,19,4
128,160,False,2,gemm_tile,20,3
128,160,False,2,gemm_tile,21,4
128,160,False,2,gemm_tile,22,4
128,160,False,2,gemm_tile,23,4
128,160,False,2,gemm_tile,24,4
128,160,False,2,gemm_tile,25,3
128,160,False,2,gemm_tile,26,3
128,160,False,2,gemm_tile,27,4
128,160,False,2,gemm_tile,28,4
128,160,False,2,gemm_tile,29,4
128,160,False,2,gemm_tile,30,4
128,160,False,2,gemm_tile,31,3
128,160,False,2,gemm_tile,32,3
128,160,False,2,gemm_tile,33,3
128,160,False,2,gemm_tile,34,3
128,160,False,2,gemm_tile,35,4
128,160,False,2,gemm_tile,36,4
128,160,False,2,gemm_tile,37,4
128,160,False,2,gemm_tile,38,4
128,160,False,2,gemm_tile,39,3
128,160,False,2,gemm_tile,40,3
128,160,False,2,gemm_tile,41,4
128,160,False,2,gemm_tile,42,3
128,160,False,2,gemm_tile,43,3
128,160,False,2,gemm_tile,44,4
128,160,False,2,gemm_tile,45,3
128,160,False,2,gemm_tile,46,4
128,160,False,2,gemm_tile,47,4
128,160,False,2,gemm_tile,48,3
128,160,False,2,gemm_tile,49,3
128,160,False,2,gemm_tile,50,3
128,160,False,2,gemm_tile,51,3
128,160,False,2,gemm_tile,52,3
128,160,False,2,gemm_tile,53,3
128,160,False,2,gemm_tile,54,3
128,160,False,2,gemm_tile,55,3
128,160,False,2,gemm_tile,56,3
128,160,False,2,gemm_tile,57,3
128,160,False,2,gemm_tile,58,3
128,160,False,2,gemm_tile,59,3
128,160,False,2,gemm_tile,60,3
128,160,False,2,gemm_tile,61,4
128,160,False,2,gemm_tile,62,3
128,160,False,2,gemm_tile,63,3
128,160,False,2,gemm_tile,64,3
128,160,False,2,gemm_tile,65,3
128,160,False,2,gemm_tile,66,3
128,160,False,2,gemm_tile,67,3
128,160,False,2,gemm_tile,68,3
128,160,False,2,gemm_tile,69,3
128,160,False,2,gemm_tile,70,3
128,160,False,2,gemm_tile,71,3
128,160,False,2,gemm_tile,72,3
128,160,False,2,gemm_tile,73,3
128,160,False,2,gemm_tile,74,3
128,160,False,2,gemm_tile,75,3
128,160,False,2,gemm_tile,76,4
128,160,False,2,gemm_tile,77,3
128,160,False,2,gemm_tile,78,4
128,160,False,2,gemm_tile,79,3
128,160,False,2,gemm_tile,80,3
128,160,False,2,gemm_tile,81,3
128,160,False,2,gemm_tile,82,3
128,160,False,2,gemm_tile,83,3
128,160,False,2,gemm_tile,84,3
128,160,False,2,gemm_tile,85,3
128,160,False,2,gemm_tile,86,3
128,160,False,2,gemm_tile,87,3
128,160,False,2,gemm_tile,88,3
128,160,False,2,gemm_tile,89,3
128,160,False,2,gemm_tile,90,3
128,160,False,2,gemm_tile,91,3
128,160,False,2,gemm_tile,92,3
128,160,False,2,gemm_tile,93,3
128,160,False,2,gemm_tile,94,3
128,160,False,2,gemm_tile,95,3
128,160,False,2,gemm_tile,96,3
128,160,False,2,gemm_tile,97,3
128,160,False,2,gemm_tile,98,3
128,160,False,2,gemm_tile,99,3
128,160,False,2,gemm_tile,100,3
128,160,False,2,gemm_tile,101,3
128,160,False,2,gemm_tile,102,3
128,160,False,2,gemm_tile,103,3
128,160,False,2,gemm_tile,104,3
128,160,False,2,gemm_tile,105,3
128,160,False,2,gemm_tile,106,3
128,160,False,2,gemm_tile,107,3
128,160,False,2,gemm_tile,108,3
128,160,False,2,gemm_tile,109,3
128,160,False,2,gemm_tile,110,3
128,160,False,2,gemm_tile,111,3
128,160,False,2,gemm_tile,112,3
128,160,False,2,gemm_tile,113,3
128,160,False,2,gemm_tile,114,3
128,160,False,2,gemm_tile,115,3
128,160,False,2,gemm_tile,116,3
128,160,False,2,gemm_tile,117,3
128,160,False,2,gemm_tile,118,3
128,160,False,2,gemm_tile,119,3
128,160,False,2,gemm_tile,120,3
128,160,False,2,gemm_tile,121,3
128,160,False,2,gemm_tile,122,3
128,160,False,2,gemm_tile,123,3
128,160,False,2,gemm_tile,124,3
128,160,False,2,gemm_tile,125,3
128,160,False,2,gemm_tile,126,3
128,160,False,2,gemm_tile,127,3
128,160,False,2,gemm_tile,128,3
128,160,False,2,gemm_tile,129,3
128,160,False,2,gemm_tile,130,3
128,160,False,2,gemm_tile,131,3
128,160,False,2,gemm_tile,132,3
128,160,False,2,gemm_tile,133,3
128,160,False,2,gemm_tile,134,3
128,160,False,2,gemm_tile,135,3
128,160,False,2,gemm_tile,136,3
128,160,False,2,gemm_tile,137,3
128,160,False,2,gemm_tile,138,3
128,160,False,2,gemm_tile,139,3
128,160,False,2,gemm_tile,140,3
128,160,False,2,gemm_tile,141,3
128,160,False,2,gemm_tile,142,3
128,160,False,2,gemm_tile,143,3
128,160,False,2,gemm_tile,144,3
128,160,False,2,gemm_tile,145,3
128,160,False,2,gemm_tile,146,3
128,160,False,2,gemm_tile,147,3
128,160,False,2,gemm_tile,148,3
128,160,False,2,gemm_tile,149,3
128,160,False,2,gemm_tile,150,3
128,160,False,2,gemm_tile,151,3
128,160,False,2,gemm_tile,152,3
128,160,False,2,gemm_tile,153,3
128,160,False,2,gemm_tile,154,3
128,160,False,2,gemm_tile,155,3
128,160,False,2,gemm_tile,156,3
128,160,False,2,gemm_tile,157,3
128,160,False,2,gemm_tile,158,3
128,160,False,2,gemm_tile,159,3
128,160,False,3,gqa_decode_mma,0,1
128,160,False,3,gqa_decode_mma,1,0
128,160,False,3,gqa_decode_mma,2,1
128,160,False,3,gqa_decode_mma,3,0
128,160,False,3,gqa_decode_mma,4,1
128,160,False,3,gqa_decode_mma,5,0
128,160,False,3,gqa_decode_mma,6,1
128,160,False,3,gqa_decode_mma,7,0
128,160,False,3,gqa_decode_mma,8,1
128,160,False,3,gqa_decode_mma,9,0
128,160,False,3,gqa_decode_mma,10,1
128,160,False,3,gqa_decode_mma,11,0
128,160,False,3,gqa_decode_mma,12,1
128,160,False,3,gqa_decode_mma,13,0
128,160,False,3,gqa_decode_mma,14,1
128,160,False,3,gqa_decode_mma,15,0
128,160,False,3,gqa_decode_mma,16,1
128,160,False,3,gqa_decode_mma,17,0
128,160,False,3,gqa_decode_mma,18,1
128,160,False,3,gqa_decode_mma,19,0
128,160,False,3,gqa_decode_mma,20,1
128,160,False,3,gqa_decode_mma,21,0
128,160,False,3,gqa_decode_mma,22,1
128,160,False,3,gqa_decode_mma,23,0
128,160,False,3,gqa_decode_mma,24,1
128,160,False,3,gqa_decode_mma,25,0
128,160,False,3,gqa_decode_mma,26,1
128,160,False,3,gqa_decode_mma,27,0
128,160,False,3,gqa_decode_mma,28,1
128,160,False,3,gqa_decode_mma,29,0
128,160,False,3,gqa_decode_mma,30,1
128,160,False,3,gqa_decode_mma,31,0
128,160,False,3,gqa_decode_mma,32,1
128,160,False,3,gqa_decode_mma,33,0
128,160,False,3,gqa_decode_mma,34,1
128,160,False,3,gqa_decode_mma,35,0
128,160,False,3,gqa_decode_mma,36,1
128,160,False,3,gqa_decode_mma,37,0
128,160,False,3,gqa_decode_mma,38,1
128,160,False,3,gqa_decode_mma,39,0
128,160,False,3,gqa_decode_mma,40,1
128,160,False,3,gqa_decode_mma,41,0
128,160,False,3,gqa_decode_mma,42,1
128,160,False,3,gqa_decode_mma,43,0
128,160,False,3,gqa_decode_mma,44,1
128,160,False,3,gqa_decode_mma,45,0
128,160,False,3,gqa_decode_mma,46,1
128,160,False,3,gqa_decode_mma,47,0
128,160,False,3,gqa_decode_mma,48,1
128,160,False,3,gqa_decode_mma,49,0
128,160,False,3,gqa_decode_mma,50,1
128,160,False,3,gqa_decode_mma,51,0
128,160,False,3,gqa_decode_mma,52,1
128,160,False,3,gqa_decode_mma,53,0
128,160,False,3,gqa_decode_mma,54,1
128,160,False,3,gqa_decode_mma,55,0
128,160,False,3,gqa_decode_mma,56,1
128,160,False,3,gqa_decode_mma,57,0
128,160,False,3,gqa_decode_mma,58,1
128,160,False,3,gqa_decode_mma,59,0
128,160,False,3,gqa_decode_mma,60,1
128,160,False,3,gqa_decode_mma,61,0
128,160,False,3,gqa_decode_mma,62,1
128,160,False,3,gqa_decode_mma,63,0
128,160,False,3,gqa_decode_mma,64,1
128,160,False,3,gqa_decode_mma,65,0
128,160,False,3,gqa_decode_mma,66,1
128,160,False,3,gqa_decode_mma,67,0
128,160,False,3,gqa_decode_mma,68,1
128,160,False,3,gqa_decode_mma,69,0
128,160,False,3,gqa_decode_mma,70,1
128,160,False,3,gqa_decode_mma,71,0
128,160,False,3,gqa_decode_mma,72,1
128,160,False,3,gqa_decode_mma,73,0
128,160,False,3,gqa_decode_mma,74,1
128,160,False,3,gqa_decode_mma,75,0
128,160,False,3,gqa_decode_mma,76,1
128,160,False,3,gqa_decode_mma,77,0
128,160,False,3,gqa_decode_mma,78,1
128,160,False,3,gqa_decode_mma,79,0
128,160,False,3,gqa_decode_mma,80,1
128,160,False,3,gqa_decode_mma,81,0
128,160,False,3,gqa_decode_mma,82,1
128,160,False,3,gqa_decode_mma,83,0
128,160,False,3,gqa_decode_mma,84,1
128,160,False,3,gqa_decode_mma,85,0
128,160,False,3,gqa_decode_mma,86,1
128,160,False,3,gqa_decode_mma,87,0
128,160,False,3,gqa_decode_mma,88,1
128,160,False,3,gqa_decode_mma,89,0
128,160,False,3,gqa_decode_mma,90,1
128,160,False,3,gqa_decode_mma,91,0
128,160,False,3,gqa_decode_mma,92,1
128,160,False,3,gqa_decode_mma,93,0
128,160,False,3,gqa_decode_mma,94,1
128,160,False,3,gqa_decode_mma,95,0
128,160,False,3,gqa_decode_mma,96,1
128,160,False,3,gqa_decode_mma,97,0
128,160,False,3,gqa_decode_mma,98,1
128,160,False,3,gqa_decode_mma,99,0
128,160,False,3,gqa_decode_mma,100,1
128,160,False,3,gqa_decode_mma,101,0
128,160,False,3,gqa_decode_mma,102,1
128,160,False,3,gqa_decode_mma,103,0
128,160,False,3,gqa_decode_mma,104,1
128,160,False,3,gqa_decode_mma,105,0
128,160,False,3,gqa_decode_mma,106,1
128,160,False,3,gqa_decode_mma,107,0
128,160,False,3,gqa_decode_mma,108,1
128,160,False,3,gqa_decode_mma,109,0
128,160,False,3,gqa_decode_mma,110,1
128,160,False,3,gqa_decode_mma,111,0
128,160,False,3,gqa_decode_mma,112,1
128,160,False,3,gqa_decode_mma,113,0
128,160,False,3,gqa_decode_mma,114,1
128,160,False,3,gqa_decode_mma,115,0
128,160,False,3,gqa_decode_mma,116,1
128,160,False,3,gqa_decode_mma,117,0
128,160,False,3,gqa_decode_mma,118,1
128,160,False,3,gqa_decode_mma,119,0
128,160,False,3,gqa_decode_mma,120,0
128,160,False,3,gqa_decode_mma,121,0
128,160,False,3,gqa_decode_mma,122,0
128,160,False,3,gqa_decode_mma,123,0
128,160,False,3,gqa_decode_mma,124,0
128,160,False,3,gqa_decode_mma,125,0
128,160,False,3,gqa_decode_mma,126,0
128,160,False,3,gqa_decode_mma,127,0
128,160,False,3,gqa_decode_mma,128,0
128,160,False,3,gqa_decode_mma,129,0
128,160,False,3,gqa_decode_mma,130,0
128,160,False,3,gqa_decode_mma,131,0
128,160,False,3,gqa_decode_mma,132,0
128,160,False,3,gqa_decode_mma,133,0
128,160,False,3,gqa_decode_mma,134,0
128,160,False,3,gqa_decode_mma,135,0
128,160,False,3,gqa_decode_mma,136,0
128,160,False,3,gqa_decode_mma,137,0
128,160,False,3,gqa_decode_mma,138,0
128,160,False,3,gqa_decode_mma,139,0
128,160,False,3,gqa_decode_mma,140,0
128,160,False,3,gqa_decode_mma,141,0
128,160,False,3,gqa_decode_mma,142,0
128,160,False,3,gqa_decode_mma,143,0
128,160,False,3,gqa_decode_mma,144,0
128,160,False,3,gqa_decode_mma,145,0
128,160,False,3,gqa_decode_mma,146,0
128,160,False,3,gqa_decode_mma,147,0
128,160,False,3,gqa_decode_mma,148,0
128,160,False,3,gqa_decode_mma,149,0
128,160,False,3,gqa_decode_mma,150,0
128,160,False,3,gqa_decode_mma,151,0
128,160,False,3,gqa_decode_mma,152,0
128,160,False,3,gqa_decode_mma,153,0
128,160,False,3,gqa_decode_mma,154,0
128,160,False,3,gqa_decode_mma,155,0
128,160,False,3,gqa_decode_mma,156,0
128,160,False,3,gqa_decode_mma,157,0
128,160,False,3,gqa_decode_mma,158,0
128,160,False,3,gqa_decode_mma,159,0
128,160,False,4,gemm_tile,0,2
128,160,False,4,gemm_tile,1,3
128,160,False,4,gemm_tile,2,2
128,160,False,4,gemm_tile,3,3
128,160,False,4,gemm_tile,4,2
128,160,False,4,gemm_tile,5,3
128,160,False,4,gemm_tile,6,2
128,160,False,4,gemm_tile,7,3
128,160,False,4,gemm_tile,8,2
128,160,False,4,gemm_tile,9,3
128,160,False,4,gemm_tile,10,2
128,160,False,4,gemm_tile,11,3
128,160,False,4,gemm_tile,12,2
128,160,False,4,gemm_tile,13,3
128,160,False,4,gemm_tile,14,2
128,160,False,4,gemm_tile,15,3
128,160,False,4,gemm_tile,16,2
128,160,False,4,gemm_tile,17,3
128,160,False,4,gemm_tile,18,2
128,160,False,4,gemm_tile,19,3
128,160,False,4,gemm_tile,20,2
128,160,False,4,gemm_tile,21,3
128,160,False,4,gemm_tile,22,2
128,160,False,4,gemm_tile,23,3
128,160,False,4,gemm_tile,24,2
128,160,False,4,gemm_tile,25,3
128,160,False,4,gemm_tile,26,2
128,160,False,4,gemm_tile,27,3
128,160,False,4,gemm_tile,28,2
128,160,False,4,gemm_tile,29,3
128,160,False,4,gemm_tile,30,2
128,160,False,4,gemm_tile,31,3
128,160,False,4,gemm_tile,32,2
128,160,False,4,gemm_tile,33,3
128,160,False,4,gemm_tile,34,2
128,160,False,4,gemm_tile,35,3
128,160,False,4,gemm_tile,36,2
128,160,False,4,gemm_tile,37,3
128,160,False,4,gemm_tile,38,2
128,160,False,4,gemm_tile,39,3
128,160,False,4,gemm_tile,40,2
128,160,False,4,gemm_tile,41,3
128,160,False,4,gemm_tile,42,2
128,160,False,4,gemm_tile,43,3
128,160,False,4,gemm_tile,44,2
128,160,False,4,gemm_tile,45,3
128,160,False,4,gemm_tile,46,2
128,160,False,4,gemm_tile,47,3
128,160,False,4,gemm_tile,48,2
128,160,False,4,gemm_tile,49,3
128,160,False,4,gemm_tile,50,2
128,160,False,4,gemm_tile,51,3
128,160,False,4,gemm_tile,52,2
128,160,False,4,gemm_tile,53,3
128,160,False,4,gemm_tile,54,2
128,160,False,4,gemm_tile,55,3
128,160,False,4,gemm_tile,56,2
128,160,False,4,gemm_tile,57,3
128,160,False,4,gemm_tile,58,2
128,160,False,4,gemm_tile,59,3
128,160,False,4,gemm_tile,60,2
128,160,False,4,gemm_tile,61,3
128,160,False,4,gemm_tile,62,2
128,160,False,4,gemm_tile,63,3
128,160,False,4,gemm_tile,64,2
128,160,False,4,gemm_tile,65,3
128,160,False,4,gemm_tile,66,2
128,160,False,4,gemm_tile,67,3
128,160,False,4,gemm_tile,68,2
128,160,False,4,gemm_tile,69,3
128,160,False,4,gemm_tile,70,2
128,160,False,4,gemm_tile,71,3
128,160,False,4,gemm_tile,72,2
128,160,False,4,gemm_tile,73,3
128,160,False,4,gemm_tile,74,2
128,160,False,4,gemm_tile,75,3
128,160,False,4,gemm_tile,76,2
128,160,False,4,gemm_tile,77,3
128,160,False,4,gemm_tile,78,2
128,160,False,4,gemm_tile,79,3
128,160,False,4,gemm_tile,80,2
128,160,False,4,gemm_tile,81,3
128,160,False,4,gemm_tile,82,2
128,160,False,4,gemm_tile,83,3
128,160,False,4,gemm_tile,84,2
128,160,False,4,gemm_tile,85,3
128,160,False,4,gemm_tile,86,2
128,160,False,4,gemm_tile,87,3
128,160,False,4,gemm_tile,88,2
128,160,False,4,gemm_tile,89,3
128,160,False,4,gemm_tile,90,2
128,160,False,4,gemm_tile,91,3
128,160,False,4,gemm_tile,92,2
128,160,False,4,gemm_tile,93,3
128,160,False,4,gemm_tile,94,2
128,160,False,4,gemm_tile,95,3
128,160,False,4,gemm_tile,96,2
128,160,False,4,gemm_tile,97,3
128,160,False,4,gemm_tile,98,2
128,160,False,4,gemm_tile,99,3
128,160,False,4,gemm_tile,100,2
128,160,False,4,gemm_tile,101,3
128,160,False,4,gemm_tile,102,2
128,160,False,4,gemm_tile,103,3
128,160,False,4,gemm_tile,104,2
128,160,False,4,gemm_tile,105,3
128,160,False,4,gemm_tile,106,2
128,160,False,4,gemm_tile,107,3
128,160,False,4,gemm_tile,108,2
128,160,False,4,gemm_tile,109,3
128,160,False,4,gemm_tile,110,2
128,160,False,4,gemm_tile,111,3
128,160,False,4,gemm_tile,112,2
128,160,False,4,gemm_tile,113,3
128,160,False,4,gemm_tile,114,2
128,160,False,4,gemm_tile,115,3
128,160,False,4,gemm_tile,116,2
128,160,False,4,gemm_tile,117,3
128,160,False,4,gemm_tile,118,2
128,160,False,4,gemm_tile,119,3
128,160,False,4,gemm_tile,120,2
128,160,False,4,gemm_tile,121,2
128,160,False,4,gemm_tile,122,2
128,160,False,4,gemm_tile,123,2
128,160,False,4,gemm_tile,124,3
128,160,False,4,gemm_tile,125,3
128,160,False,4,gemm_tile,126,2
128,160,False,4,gemm_tile,127,2
128,160,False,4,gemm_tile,128,2
128,160,False,4,gemm_tile,129,2
128,160,False,4,gemm_tile,130,2
128,160,False,4,gemm_tile,131,2
128,160,False,4,gemm_tile,132,2
128,160,False,4,gemm_tile,133,2
128,160,False,4,gemm_tile,134,2
128,160,False,4,gemm_tile,135,2
128,160,False,4,gemm_tile,136,2
128,160,False,4,gemm_tile,137,2
128,160,False,4,gemm_tile,138,2
128,160,False,4,gemm_tile,139,2
128,160,False,4,gemm_tile,140,2
128,160,False,4,gemm_tile,141,2
128,160,False,4,gemm_tile,142,2
128,160,False,4,gemm_tile,143,2
128,160,False,4,gemm_tile,144,2
128,160,False,4,gemm_tile,145,3
128,160,False,4,gemm_tile,146,2
128,160,False,4,gemm_tile,147,2
128,160,False,4,gemm_tile,148,2
128,160,False,4,gemm_tile,149,2
128,160,False,4,gemm_tile,150,3
128,160,False,4,gemm_tile,151,2
128,160,False,4,gemm_tile,152,2
128,160,False,4,gemm_tile,153,2
128,160,False,4,gemm_tile,154,2
128,160,False,4,gemm_tile,155,2
128,160,False,4,gemm_tile,156,2
128,160,False,4,gemm_tile,157,2
128,160,False,4,gemm_tile,158,2
128,160,False,4,gemm_tile,159,2
128,160,False,5,gqa_merge,0,1
128,160,False,5,gqa_merge,1,1
128,160,False,5,gqa_merge,2,1
128,160,False,5,gqa_merge,3,1
128,160,False,5,gqa_merge,4,1
128,160,False,5,gqa_merge,5,1
128,160,False,5,gqa_merge,6,1
128,160,False,5,gqa_merge,7,1
128,160,False,5,gqa_merge,8,1
128,160,False,5,gqa_merge,9,1
128,160,False,5,gqa_merge,10,1
128,160,False,5,gqa_merge,11,1
128,160,False,5,gqa_merge,12,1
128,160,False,5,gqa_merge,13,1
128,160,False,5,gqa_merge,14,1
128,160,False,5,gqa_merge,15,1
128,160,False,5,gqa_merge,16,1
128,160,False,5,gqa_merge,17,1
128,160,False,5,gqa_merge,18,1
128,160,False,5,gqa_merge,19,1
128,160,False,5,gqa_merge,20,1
128,160,False,5,gqa_merge,21,1
128,160,False,5,gqa_merge,22,1
128,160,False,5,gqa_merge,23,1
128,160,False,5,gqa_merge,24,1
128,160,False,5,gqa_merge,25,1
128,160,False,5,gqa_merge,26,1
128,160,False,5,gqa_merge,27,1
128,160,False,5,gqa_merge,28,1
128,160,False,5,gqa_merge,29,1
128,160,False,5,gqa_merge,30,1
128,160,False,5,gqa_merge,31,1
128,160,False,5,gqa_merge,32,1
128,160,False,5,gqa_merge,33,1
128,160,False,5,gqa_merge,34,1
128,160,False,5,gqa_merge,35,1
128,160,False,5,gqa_merge,36,1
128,160,False,5,gqa_merge,37,1
128,160,False,5,gqa_merge,38,1
128,160,False,5,gqa_merge,39,1
128,160,False,5,gqa_merge,40,1
128,160,False,5,gqa_merge,41,1
128,160,False,5,gqa_merge,42,1
128,160,False,5,gqa_merge,43,1
128,160,False,5,gqa_merge,44,1
128,160,False,5,gqa_merge,45,1
128,160,False,5,gqa_merge,46,1
128,160,False,5,gqa_merge,47,1
128,160,False,5,gqa_merge,48,1
128,160,False,5,gqa_merge,49,1
128,160,False,5,gqa_merge,50,1
128,160,False,5,gqa_merge,51,1
128,160,False,5,gqa_merge,52,1
128,160,False,5,gqa_merge,53,1
128,160,False,5,gqa_merge,54,1
128,160,False,5,gqa_merge,55,1
128,160,False,5,gqa_merge,56,1
128,160,False,5,gqa_merge,57,1
128,160,False,5,gqa_merge,58,1
128,160,False,5,gqa_merge,59,1
128,160,False,5,gqa_merge,60,1
128,160,False,5,gqa_merge,61,1
128,160,False,5,gqa_merge,62,1
128,160,False,5,gqa_merge,63,1
128,160,False,5,gqa_merge,64,1
128,160,False,5,gqa_merge,65,1
128,160,False,5,gqa_merge,66,1
128,160,False,5,gqa_merge,67,1
128,160,False,5,gqa_merge,68,1
128,160,False,5,gqa_merge,69,1
128,160,False,5,gqa_merge,70,1
128,160,False,5,gqa_merge,71,1
128,160,False,5,gqa_merge,72,1
128,160,False,5,gqa_merge,73,1
128,160,False,5,gqa_merge,74,1
128,160,False,5,gqa_merge,75,1
128,160,False,5,gqa_merge,76,1
128,160,False,5,gqa_merge,77,1
128,160,False,5,gqa_merge,78,1
128,160,False,5,gqa_merge,79,1
128,160,False,5,gqa_merge,80,1
128,160,False,5,gqa_merge,81,1
128,160,False,5,gqa_merge,82,1
128,160,False,5,gqa_merge,83,1
128,160,False,5,gqa_merge,84,1
128,160,False,5,gqa_merge,85,1
128,160,False,5,gqa_merge,86,1
128,160,False,5,gqa_merge,87,1
128,160,False,5,gqa_merge,88,1
128,160,False,5,gqa_merge,89,1
128,160,False,5,gqa_merge,90,1
128,160,False,5,gqa_merge,91,1
128,160,False,5,gqa_merge,92,1
128,160,False,5,gqa_merge,93,1
128,160,False,5,gqa_merge,94,1
128,160,False,5,gqa_merge,95,1
128,160,False,5,gqa_merge,96,0
128,160,False,5,gqa_merge,97,0
128,160,False,5,gqa_merge,98,0
128,160,False,5,gqa_merge,99,0
128,160,False,5,gqa_merge,100,0
128,160,False,5,gqa_merge,101,0
128,160,False,5,gqa_merge,102,0
128,160,False,5,gqa_merge,103,0
128,160,False,5,gqa_merge,104,0
128,160,False,5,gqa_merge,105,0
128,160,False,5,gqa_merge,106,0
128,160,False,5,gqa_merge,107,0
128,160,False,5,gqa_merge,108,0
128,160,False,5,gqa_merge,109,0
128,160,False,5,gqa_merge,110,0
128,160,False,5,gqa_merge,111,0
128,160,False,5,gqa_merge,112,0
128,160,False,5,gqa_merge,113,0
128,160,False,5,gqa_merge,114,0
128,160,False,5,gqa_merge,115,0
128,160,False,5,gqa_merge,116,0
128,160,False,5,gqa_merge,117,0
128,160,False,5,gqa_merge,118,0
128,160,False,5,gqa_merge,119,0
128,160,False,5,gqa_merge,120,0
128,160,False,5,gqa_merge,121,0
128,160,False,5,gqa_merge,122,0
128,160,False,5,gqa_merge,123,0
128,160,False,5,gqa_merge,124,0
128,160,False,5,gqa_merge,125,0
128,160,False,5,gqa_merge,126,0
128,160,False,5,gqa_merge,127,0
128,160,False,5,gqa_merge,128,0
128,160,False,5,gqa_merge,129,0
128,160,False,5,gqa_merge,130,0
128,160,False,5,gqa_merge,131,0
128,160,False,5,gqa_merge,132,0
128,160,False,5,gqa_merge,133,0
128,160,False,5,gqa_merge,134,0
128,160,False,5,gqa_merge,135,0
128,160,False,5,gqa_merge,136,0
128,160,False,5,gqa_merge,137,0
128,160,False,5,gqa_merge,138,0
128,160,False,5,gqa_merge,139,0
128,160,False,5,gqa_merge,140,0
128,160,False,5,gqa_merge,141,0
128,160,False,5,gqa_merge,142,0
128,160,False,5,gqa_merge,143,0
128,160,False,5,gqa_merge,144,0
128,160,False,5,gqa_merge,145,0
128,160,False,5,gqa_merge,146,0
128,160,False,5,gqa_merge,147,0
128,160,False,5,gqa_merge,148,0
128,160,False,5,gqa_merge,149,0
128,160,False,5,gqa_merge,150,0
128,160,False,5,gqa_merge,151,0
128,160,False,5,gqa_merge,152,0
128,160,False,5,gqa_merge,153,0
128,160,False,5,gqa_merge,154,0
128,160,False,5,gqa_merge,155,0
128,160,False,5,gqa_merge,156,0
128,160,False,5,gqa_merge,157,0
128,160,False,5,gqa_merge,158,0
128,160,False,5,gqa_merge,159,0
128,160,False,6,gemm_tile,0,2
128,160,False,6,gemm_tile,1,2
128,160,False,6,gemm_tile,2,2
128,160,False,6,gemm_tile,3,2
128,160,False,6,gemm_tile,4,2
128,160,False,6,gemm_tile,5,2
128,160,False,6,gemm_tile,6,2
128,160,False,6,gemm_tile,7,2
128,160,False,6,gemm_tile,8,2
128,160,False,6,gemm_tile,9,2
128,160,False,6,gemm_tile,10,2
128,160,False,6,gemm_tile,11,2
128,160,False,6,gemm_tile,12,2
128,160,False,6,gemm_tile,13,2
128,160,False,6,gemm_tile,14,2
128,160,False,6,gemm_tile,15,2
128,160,False,6,gemm_tile,16,2
128,160,False,6,gemm_tile,17,2
128,160,False,6,gemm_tile,18,2
128,160,False,6,gemm_tile,19,2
128,160,False,6,gemm_tile,20,2
128,160,False,6,gemm_tile,21,2
128,160,False,6,gemm_tile,22,2
128,160,False,6,gemm_tile,23,2
128,160,False,6,gemm_tile,24,2
128,160,False,6,gemm_tile,25,2
128,160,False,6,gemm_tile,26,2
128,160,False,6,gemm_tile,27,2
128,160,False,6,gemm_tile,28,2
128,160,False,6,gemm_tile,29,2
128,160,False,6,gemm_tile,30,2
128,160,False,6,gemm_tile,31,2
128,160,False,6,gemm_tile,32,2
128,160,False,6,gemm_tile,33,2
128,160,False,6,gemm_tile,34,2
128,160,False,6,gemm_tile,35,2
128,160,False,6,gemm_tile,36,2
128,160,False,6,gemm_tile,37,2
128,160,False,6,gemm_tile,38,2
128,160,False,6,gemm_tile,39,2
128,160,False,6,gemm_tile,40,2
128,160,False,6,gemm_tile,41,2
128,160,False,6,gemm_tile,42,2
128,160,False,6,gemm_tile,43,2
128,160,False,6,gemm_tile,44,2
128,160,False,6,gemm_tile,45,2
128,160,False,6,gemm_tile,46,2
128,160,False,6,gemm_tile,47,2
128,160,False,6,gemm_tile,48,2
128,160,False,6,gemm_tile,49,2
128,160,False,6,gemm_tile,50,2
128,160,False,6,gemm_tile,51,2
128,160,False,6,gemm_tile,52,2
128,160,False,6,gemm_tile,53,2
128,160,False,6,gemm_tile,54,2
128,160,False,6,gemm_tile,55,2
128,160,False,6,gemm_tile,56,2
128,160,False,6,gemm_tile,57,2
128,160,False,6,gemm_tile,58,2
128,160,False,6,gemm_tile,59,2
128,160,False,6,gemm_tile,60,2
128,160,False,6,gemm_tile,61,2
128,160,False,6,gemm_tile,62,2
128,160,False,6,gemm_tile,63,2
128,160,False,6,gemm_tile,64,2
128,160,False,6,gemm_tile,65,2
128,160,False,6,gemm_tile,66,2
128,160,False,6,gemm_tile,67,2
128,160,False,6,gemm_tile,68,2
128,160,False,6,gemm_tile,69,2
128,160,False,6,gemm_tile,70,2
128,160,False,6,gemm_tile,71,2
128,160,False,6,gemm_tile,72,2
128,160,False,6,gemm_tile,73,2
128,160,False,6,gemm_tile,74,2
128,160,False,6,gemm_tile,75,2
128,160,False,6,gemm_tile,76,2
128,160,False,6,gemm_tile,77,2
128,160,False,6,gemm_tile,78,2
128,160,False,6,gemm_tile,79,2
128,160,False,6,gemm_tile,80,2
128,160,False,6,gemm_tile,81,2
128,160,False,6,gemm_tile,82,2
128,160,False,6,gemm_tile,83,2
128,160,False,6,gemm_tile,84,2
128,160,False,6,gemm_tile,85,2
128,160,False,6,gemm_tile,86,2
128,160,False,6,gemm_tile,87,2
128,160,False,6,gemm_tile,88,2
128,160,False,6,gemm_tile,89,2
128,160,False,6,gemm_tile,90,2
128,160,False,6,gemm_tile,91,2
128,160,False,6,gemm_tile,92,2
128,160,False,6,gemm_tile,93,2
128,160,False,6,gemm_tile,94,2
128,160,False,6,gemm_tile,95,2
128,160,False,6,gemm_tile,96,2
128,160,False,6,gemm_tile,97,2
128,160,False,6,gemm_tile,98,2
128,160,False,6,gemm_tile,99,2
128,160,False,6,gemm_tile,100,2
128,160,False,6,gemm_tile,101,2
128,160,False,6,gemm_tile,102,2
128,160,False,6,gemm_tile,103,2
128,160,False,6,gemm_tile,104,2
128,160,False,6,gemm_tile,105,2
128,160,False,6,gemm_tile,106,2
128,160,False,6,gemm_tile,107,2
128,160,False,6,gemm_tile,108,2
128,160,False,6,gemm_tile,109,2
128,160,False,6,gemm_tile,110,2
128,160,False,6,gemm_tile,111,2
128,160,False,6,gemm_tile,112,2
128,160,False,6,gemm_tile,113,2
128,160,False,6,gemm_tile,114,2
128,160,False,6,gemm_tile,115,2
128,160,False,6,gemm_tile,116,2
128,160,False,6,gemm_tile,117,2
128,160,False,6,gemm_tile,118,2
128,160,False,6,gemm_tile,119,2
128,160,False,6,gemm_tile,120,2
128,160,False,6,gemm_tile,121,2
128,160,False,6,gemm_tile,122,2
128,160,False,6,gemm_tile,123,2
128,160,False,6,gemm_tile,124,2
128,160,False,6,gemm_tile,125,2
128,160,False,6,gemm_tile,126,2
128,160,False,6,gemm_tile,127,2
128,160,False,6,gemm_tile,128,2
128,160,False,6,gemm_tile,129,2
128,160,False,6,gemm_tile,130,2
128,160,False,6,gemm_tile,131,2
128,160,False,6,gemm_tile,132,2
128,160,False,6,gemm_tile,133,2
128,160,False,6,gemm_tile,134,2
128,160,False,6,gemm_tile,135,2
128,160,False,6,gemm_tile,136,2
128,160,False,6,gemm_tile,137,2
128,160,False,6,gemm_tile,138,2
128,160,False,6,gemm_tile,139,2
128,160,False,6,gemm_tile,140,2
128,160,False,6,gemm_tile,141,2
128,160,False,6,gemm_tile,142,2
128,160,False,6,gemm_tile,143,2
128,160,False,6,gemm_tile,144,2
128,160,False,6,gemm_tile,145,2
128,160,False,6,gemm_tile,146,2
128,160,False,6,gemm_tile,147,2
128,160,False,6,gemm_tile,148,2
128,160,False,6,gemm_tile,149,2
128,160,False,6,gemm_tile,150,2
128,160,False,6,gemm_tile,151,2
128,160,False,6,gemm_tile,152,2
128,160,False,6,gemm_tile,153,2
128,160,False,6,gemm_tile,154,2
128,160,False,6,gemm_tile,155,2
128,160,False,6,gemm_tile,156,2
128,160,False,6,gemm_tile,157,2
128,160,False,6,gemm_tile,158,2
128,160,False,6,gemm_tile,159,2
4096,160,True,0,rmsnorm_stat,0,0
4096,160,True,0,rmsnorm_stat,1,0
4096,160,True,0,rmsnorm_stat,2,0
4096,160,True,0,rmsnorm_stat,3,0
4096,160,True,0,rmsnorm_stat,4,0
4096,160,True,0,rmsnorm_stat,5,0
4096,160,True,0,rmsnorm_stat,6,0
4096,160,True,0,rmsnorm_stat,7,0
4096,160,True,0,rmsnorm_stat,8,0
4096,160,True,0,rmsnorm_stat,9,0
4096,160,True,0,rmsnorm_stat,10,0
4096,160,True,0,rmsnorm_stat,11,0
4096,160,True,0,rmsnorm_stat,12,0
4096,160,True,0,rmsnorm_stat,13,0
4096,160,True,0,rmsnorm_stat,14,0
4096,160,True,0,rmsnorm_stat,15,0
4096,160,True,0,rmsnorm_stat,16,0
4096,160,True,0,rmsnorm_stat,17,0
4096,160,True,0,rmsnorm_stat,18,0
4096,160,True,0,rmsnorm_stat,19,0
4096,160,True,0,rmsnorm_stat,20,0
4096,160,True,0,rmsnorm_stat,21,0
4096,160,True,0,rmsnorm_stat,22,0
4096,160,True,0,rmsnorm_stat,23,0
4096,160,True,0,rmsnorm_stat,24,0
4096,160,True,0,rmsnorm_stat,25,0
4096,160,True,0,rmsnorm_stat,26,0
4096,160,True,0,rmsnorm_stat,27,0
4096,160,True,0,rmsnorm_stat,28,0
4096,160,True,0,rmsnorm_stat,29,0
4096,160,True,0,rmsnorm_stat,30,0
4096,160,True,0,rmsnorm_stat,31,0
4096,160,True,0,rmsnorm_stat,32,0
4096,160,True,0,rmsnorm_stat,33,0
4096,160,True,0,rmsnorm_stat,34,0
4096,160,True,0,rmsnorm_stat,35,0
4096,160,True,0,rmsnorm_stat,36,0
4096,160,True,0,rmsnorm_stat,37,0
4096,160,True,0,rmsnorm_stat,38,0
4096,160,True,0,rmsnorm_stat,39,0
4096,160,True,0,rmsnorm_stat,40,0
4096,160,True,0,rmsnorm_stat,41,0
4096,160,True,0,rmsnorm_stat,42,0
4096,160,True,0,rmsnorm_stat,43,0
4096,160,True,0,rmsnorm_stat,44,0
4096,160,True,0,rmsnorm_stat,45,0
4096,160,True,0,rmsnorm_stat,46,0
4096,160,True,0,rmsnorm_stat,47,0
4096,160,True,0,rmsnorm_stat,48,0
4096,160,True,0,rmsnorm_stat,49,0
4096,160,True,0,rmsnorm_stat,50,0
4096,160,True,0,rmsnorm_stat,51,0
4096,160,True,0,rmsnorm_stat,52,0
4096,160,True,0,rmsnorm_stat,53,0
4096,160,True,0,rmsnorm_stat,54,0
4096,160,True,0,rmsnorm_stat,55,0
4096,160,True,0,rmsnorm_stat,56,0
4096,160,True,0,rmsnorm_stat,57,0
4096,160,True,0,rmsnorm_stat,58,0
4096,160,True,0,rmsnorm_stat,59,0
4096,160,True,0,rmsnorm_stat,60,0
4096,160,True,0,rmsnorm_stat,61,0
4096,160,True,0,rmsnorm_stat,62,0
4096,160,True,0,rmsnorm_stat,63,0
4096,160,True,0,rmsnorm_stat,64,0
4096,160,True,0,rmsnorm_stat,65,0
4096,160,True,0,rmsnorm_stat,66,0
4096,160,True,0,rmsnorm_stat,67,0
4096,160,True,0,rmsnorm_stat,68,0
4096,160,True,0,rmsnorm_stat,69,0
4096,160,True,0,rmsnorm_stat,70,0
4096,160,True,0,rmsnorm_stat,71,0
4096,160,True,0,rmsnorm_stat,72,0
4096,160,True,0,rmsnorm_stat,73,0
4096,160,True,0,rmsnorm_stat,74,0
4096,160,True,0,rmsnorm_stat,75,0
4096,160,True,0,rmsnorm_stat,76,0
4096,160,True,0,rmsnorm_stat,77,0
4096,160,True,0,rmsnorm_stat,78,0
4096,160,True,0,rmsnorm_stat,79,0
4096,160,True,0,rmsnorm_stat,80,0
4096,160,True,0,rmsnorm_stat,81,0
4096,160,True,0,rmsnorm_stat,82,0
4096,160,True,0,rmsnorm_stat,83,0
4096,160,True,0,rmsnorm_stat,84,0
4096,160,True,0,rmsnorm_stat,85,0
4096,160,True,0,rmsnorm_stat,86,0
4096,160,True,0,rmsnorm_stat,87,0
4096,160,True,0,rmsnorm_stat,88,0
4096,160,True,0,rmsnorm_stat,89,0
4096,160,True,0,rmsnorm_stat,90,0
4096,160,True,0,rmsnorm_stat,91,0
4096,160,True,0,rmsnorm_stat,92,0
4096,160,True,0,rmsnorm_stat,93,0
4096,160,True,0,rmsnorm_stat,94,0
4096,160,True,0,rmsnorm_stat,95,0
4096,160,True,0,rmsnorm_stat,96,0
4096,160,True,0,rmsnorm_stat,97,0
4096,160,True,0,rmsnorm_stat,98,0
4096,160,True,0,rmsnorm_stat,99,0
4096,160,True,0,rmsnorm_stat,100,0
4096,160,True,0,rmsnorm_stat,101,0
4096,160,True,0,rmsnorm_stat,102,0
4096,160,True,0,rmsnorm_stat,103,0
4096,160,True,0,rmsnorm_stat,104,0
4096,160,True,0,rmsnorm_stat,105,0
4096,160,True,0,rmsnorm_stat,106,0
4096,160,True,0,rmsnorm_stat,107,0
4096,160,True,0,rmsnorm_stat,108,0
4096,160,True,0,rmsnorm_stat,109,0
4096,160,True,0,rmsnorm_stat,110,0
4096,160,True,0,rmsnorm_stat,111,0
4096,160,True,0,rmsnorm_stat,112,0
4096,160,True,0,rmsnorm_stat,113,0
4096,160,True,0,rmsnorm_stat,114,0
4096,160,True,0,rmsnorm_stat,115,0
4096,160,True,0,rmsnorm_stat,116,0
4096,160,True,0,rmsnorm_stat,117,0
4096,160,True,0,rmsnorm_stat,118,0
4096,160,True,0,rmsnorm_stat,119,0
4096,160,True,0,rmsnorm_stat,120,0
4096,160,True,0,rmsnorm_stat,121,0
4096,160,True,0,rmsnorm_stat,122,0
4096,160,True,0,rmsnorm_stat,123,0
4096,160,True,0,rmsnorm_stat,124,0
4096,160,True,0,rmsnorm_stat,125,0
4096,160,True,0,rmsnorm_stat,126,0
4096,160,True,0,rmsnorm_stat,127,0
4096,160,True,0,rmsnorm_stat,128,0
4096,160,True,0,rmsnorm_stat,129,0
4096,160,True,0,rmsnorm_stat,130,0
4096,160,True,0,rmsnorm_stat,131,0
4096,160,True,0,rmsnorm_stat,132,0
4096,160,True,0,rmsnorm_stat,133,0
4096,160,True,0,rmsnorm_stat,134,0
4096,160,True,0,rmsnorm_stat,135,0
4096,160,True,0,rmsnorm_stat,136,0
4096,160,True,0,rmsnorm_stat,137,0
4096,160,True,0,rmsnorm_stat,138,0
4096,160,True,0,rmsnorm_stat,139,0
4096,160,True,0,rmsnorm_stat,140,0
4096,160,True,0,rmsnorm_stat,141,0
4096,160,True,0,rmsnorm_stat,142,0
4096,160,True,0,rmsnorm_stat,143,0
4096,160,True,0,rmsnorm_stat,144,0
4096,160,True,0,rmsnorm_stat,145,0
4096,160,True,0,rmsnorm_stat,146,0
4096,160,True,0,rmsnorm_stat,147,0
4096,160,True,0,rmsnorm_stat,148,0
4096,160,True,0,rmsnorm_stat,149,0
4096,160,True,0,rmsnorm_stat,150,0
4096,160,True,0,rmsnorm_stat,151,0
4096,160,True,0,rmsnorm_stat,152,0
4096,160,True,0,rmsnorm_stat,153,0
4096,160,True,0,rmsnorm_stat,154,0
4096,160,True,0,rmsnorm_stat,155,0
4096,160,True,0,rmsnorm_stat,156,0
4096,160,True,0,rmsnorm_stat,157,0
4096,160,True,0,rmsnorm_stat,158,0
4096,160,True,0,rmsnorm_stat,159,0
4096,160,True,1,x_permute,0,1
4096,160,True,1,x_permute,1,1
4096,160,True,1,x_permute,2,1
4096,160,True,1,x_permute,3,1
4096,160,True,1,x_permute,4,1
4096,160,True,1,x_permute,5,1
4096,160,True,1,x_permute,6,1
4096,160,True,1,x_permute,7,1
4096,160,True,1,x_permute,8,1
4096,160,True,1,x_permute,9,1
4096,160,True,1,x_permute,10,1
4096,160,True,1,x_permute,11,1
4096,160,True,1,x_permute,12,1
4096,160,True,1,x_permute,13,1
4096,160,True,1,x_permute,14,1
4096,160,True,1,x_permute,15,1
4096,160,True,1,x_permute,16,1
4096,160,True,1,x_permute,17,1
4096,160,True,1,x_permute,18,1
4096,160,True,1,x_permute,19,1
4096,160,True,1,x_permute,20,1
4096,160,True,1,x_permute,21,1
4096,160,True,1,x_permute,22,1
4096,160,True,1,x_permute,23,1
4096,160,True,1,x_permute,24,1
4096,160,True,1,x_permute,25,1
4096,160,True,1,x_permute,26,1
4096,160,True,1,x_permute,27,1
4096,160,True,1,x_permute,28,1
4096,160,True,1,x_permute,29,1
4096,160,True,1,x_permute,30,1
4096,160,True,1,x_permute,31,1
4096,160,True,1,x_permute,32,1
4096,160,True,1,x_permute,33,1
4096,160,True,1,x_permute,34,1
4096,160,True,1,x_permute,35,1
4096,160,True,1,x_permute,36,1
4096,160,True,1,x_permute,37,1
4096,160,True,1,x_permute,38,1
4096,160,True,1,x_permute,39,1
4096,160,True,1,x_permute,40,1
4096,160,True,1,x_permute,41,1
4096,160,True,1,x_permute,42,1
4096,160,True,1,x_permute,43,1
4096,160,True,1,x_permute,44,1
4096,160,True,1,x_permute,45,1
4096,160,True,1,x_permute,46,1
4096,160,True,1,x_permute,47,1
4096,160,True,1,x_permute,48,1
4096,160,True,1,x_permute,49,1
4096,160,True,1,x_permute,50,1
4096,160,True,1,x_permute,51,1
4096,160,True,1,x_permute,52,1
4096,160,True,1,x_permute,53,1
4096,160,True,1,x_permute,54,1
4096,160,True,1,x_permute,55,1
4096,160,True,1,x_permute,56,1
4096,160,True,1,x_permute,57,1
4096,160,True,1,x_permute,58,1
4096,160,True,1,x_permute,59,1
4096,160,True,1,x_permute,60,1
4096,160,True,1,x_permute,61,1
4096,160,True,1,x_permute,62,1
4096,160,True,1,x_permute,63,1
4096,160,True,1,x_permute,64,0
4096,160,True,1,x_permute,65,0
4096,160,True,1,x_permute,66,0
4096,160,True,1,x_permute,67,0
4096,160,True,1,x_permute,68,0
4096,160,True,1,x_permute,69,0
4096,160,True,1,x_permute,70,0
4096,160,True,1,x_permute,71,0
4096,160,True,1,x_permute,72,0
4096,160,True,1,x_permute,73,0
4096,160,True,1,x_permute,74,0
4096,160,True,1,x_permute,75,0
4096,160,True,1,x_permute,76,0
4096,160,True,1,x_permute,77,0
4096,160,True,1,x_permute,78,0
4096,160,True,1,x_permute,79,0
4096,160,True,1,x_permute,80,0
4096,160,True,1,x_permute,81,0
4096,160,True,1,x_permute,82,0
4096,160,True,1,x_permute,83,0
4096,160,True,1,x_permute,84,0
4096,160,True,1,x_permute,85,0
4096,160,True,1,x_permute,86,0
4096,160,True,1,x_permute,87,0
4096,160,True,1,x_permute,88,0
4096,160,True,1,x_permute,89,0
4096,160,True,1,x_permute,90,0
4096,160,True,1,x_permute,91,0
4096,160,True,1,x_permute,92,0
4096,160,True,1,x_permute,93,0
4096,160,True,1,x_permute,94,0
4096,160,True,1,x_permute,95,0
4096,160,True,1,x_permute,96,0
4096,160,True,1,x_permute,97,0
4096,160,True,1,x_permute,98,0
4096,160,True,1,x_permute,99,0
4096,160,True,1,x_permute,100,0
4096,160,True,1,x_permute,101,0
4096,160,True,1,x_permute,102,0
4096,160,True,1,x_permute,103,0
4096,160,True,1,x_permute,104,0
4096,160,True,1,x_permute,105,0
4096,160,True,1,x_permute,106,0
4096,160,True,1,x_permute,107,0
4096,160,True,1,x_permute,108,0
4096,160,True,1,x_permute,109,0
4096,160,True,1,x_permute,110,0
4096,160,True,1,x_permute,111,0
4096,160,True,1,x_permute,112,0
4096,160,True,1,x_permute,113,0
4096,160,True,1,x_permute,114,0
4096,160,True,1,x_permute,115,0
4096,160,True,1,x_permute,116,0
4096,160,True,1,x_permute,117,0
4096,160,True,1,x_permute,118,0
4096,160,True,1,x_permute,119,0
4096,160,True,1,x_permute,120,0
4096,160,True,1,x_permute,121,0
4096,160,True,1,x_permute,122,0
4096,160,True,1,x_permute,123,0
4096,160,True,1,x_permute,124,0
4096,160,True,1,x_permute,125,0
4096,160,True,1,x_permute,126,0
4096,160,True,1,x_permute,127,0
4096,160,True,1,x_permute,128,0
4096,160,True,1,x_permute,129,0
4096,160,True,1,x_permute,130,0
4096,160,True,1,x_permute,131,0
4096,160,True,1,x_permute,132,0
4096,160,True,1,x_permute,133,0
4096,160,True,1,x_permute,134,0
4096,160,True,1,x_permute,135,0
4096,160,True,1,x_permute,136,0
4096,160,True,1,x_permute,137,0
4096,160,True,1,x_permute,138,0
4096,160,True,1,x_permute,139,0
4096,160,True,1,x_permute,140,0
4096,160,True,1,x_permute,141,0
4096,160,True,1,x_permute,142,0
4096,160,True,1,x_permute,143,0
4096,160,True,1,x_permute,144,0
4096,160,True,1,x_permute,145,0
4096,160,True,1,x_permute,146,0
4096,160,True,1,x_permute,147,0
4096,160,True,1,x_permute,148,0
4096,160,True,1,x_permute,149,0
4096,160,True,1,x_permute,150,0
4096,160,True,1,x_permute,151,0
4096,160,True,1,x_permute,152,0
4096,160,True,1,x_permute,153,0
4096,160,True,1,x_permute,154,0
4096,160,True,1,x_permute,155,0
4096,160,True,1,x_permute,156,0
4096,160,True,1,x_permute,157,0
4096,160,True,1,x_permute,158,0
4096,160,True,1,x_permute,159,0
4096,160,True,2,gemm_tile,0,4
4096,160,True,2,gemm_tile,1,4
4096,160,True,2,gemm_tile,2,3
4096,160,True,2,gemm_tile,3,3
4096,160,True,2,gemm_tile,4,3
4096,160,True,2,gemm_tile,5,3
4096,160,True,2,gemm_tile,6,3
4096,160,True,2,gemm_tile,7,3
4096,160,True,2,gemm_tile,8,4
4096,160,True,2,gemm_tile,9,3
4096,160,True,2,gemm_tile,10,3
4096,160,True,2,gemm_tile,11,3
4096,160,True,2,gemm_tile,12,3
4096,160,True,2,gemm_tile,13,3
4096,160,True,2,gemm_tile,14,3
4096,160,True,2,gemm_tile,15,3
4096,160,True,2,gemm_tile,16,4
4096,160,True,2,gemm_tile,17,4
4096,160,True,2,gemm_tile,18,3
4096,160,True,2,gemm_tile,19,3
4096,160,True,2,gemm_tile,20,3
4096,160,True,2,gemm_tile,21,3
4096,160,True,2,gemm_tile,22,3
4096,160,True,2,gemm_tile,23,3
4096,160,True,2,gemm_tile,24,3
4096,160,True,2,gemm_tile,25,4
4096,160,True,2,gemm_tile,26,3
4096,160,True,2,gemm_tile,27,3
4096,160,True,2,gemm_tile,28,3
4096,160,True,2,gemm_tile,29,3
4096,160,True,2,gemm_tile,30,3
4096,160,True,2,gemm_tile,31,3
4096,160,True,2,gemm_tile,32,4
4096,160,True,2,gemm_tile,33,3
4096,160,True,2,gemm_tile,34,3
4096,160,True,2,gemm_tile,35,3
4096,160,True,2,gemm_tile,36,3
4096,160,True,2,gemm_tile,37,3
4096,160,True,2,gemm_tile,38,3
4096,160,True,2,gemm_tile,39,3
4096,160,True,2,gemm_tile,40,4
4096,160,True,2,gemm_tile,41,4
4096,160,True,2,gemm_tile,42,4
4096,160,True,2,gemm_tile,43,3
4096,160,True,2,gemm_tile,44,4
4096,160,True,2,gemm_tile,45,3
4096,160,True,2,gemm_tile,46,4
4096,160,True,2,gemm_tile,47,4
4096,160,True,2,gemm_tile,48,3
4096,160,True,2,gemm_tile,49,3
4096,160,True,2,gemm_tile,50,4
4096,160,True,2,gemm_tile,51,3
4096,160,True,2,gemm_tile,52,4
4096,160,True,2,gemm_tile,53,4
4096,160,True,2,gemm_tile,54,3
4096,160,True,2,gemm_tile,55,4
4096,160,True,2,gemm_tile,56,3
4096,160,True,2,gemm_tile,57,3
4096,160,True,2,gemm_tile,58,4
4096,160,True,2,gemm_tile,59,3
4096,160,True,2,gemm_tile,60,3
4096,160,True,2,gemm_tile,61,4
4096,160,True,2,gemm_tile,62,3
4096,160,True,2,gemm_tile,63,4
4096,160,True,2,gemm_tile,64,3
4096,160,True,2,gemm_tile,65,3
4096,160,True,2,gemm_tile,66,3
4096,160,True,2,gemm_tile,67,3
4096,160,True,2,gemm_tile,68,3
4096,160,True,2,gemm_tile,69,3
4096,160,True,2,gemm_tile,70,4
4096,160,True,2,gemm_tile,71,4
4096,160,True,2,gemm_tile,72,3
4096,160,True,2,gemm_tile,73,3
4096,160,True,2,gemm_tile,74,4
4096,160,True,2,gemm_tile,75,3
4096,160,True,2,gemm_tile,76,3
4096,160,True,2,gemm_tile,77,3
4096,160,True,2,gemm_tile,78,4
4096,160,True,2,gemm_tile,79,3
4096,160,True,2,gemm_tile,80,3
4096,160,True,2,gemm_tile,81,3
4096,160,True,2,gemm_tile,82,3
4096,160,True,2,gemm_tile,83,3
4096,160,True,2,gemm_tile,84,3
4096,160,True,2,gemm_tile,85,3
4096,160,True,2,gemm_tile,86,3
4096,160,True,2,gemm_tile,87,4
4096,160,True,2,gemm_tile,88,3
4096,160,True,2,gemm_tile,89,3
4096,160,True,2,gemm_tile,90,3
4096,160,True,2,gemm_tile,91,3
4096,160,True,2,gemm_tile,92,3
4096,160,True,2,gemm_tile,93,4
4096,160,True,2,gemm_tile,94,4
4096,160,True,2,gemm_tile,95,4
4096,160,True,2,gemm_tile,96,3
4096,160,True,2,gemm_tile,97,3
4096,160,True,2,gemm_tile,98,3
4096,160,True,2,gemm_tile,99,3
4096,160,True,2,gemm_tile,100,3
4096,160,True,2,gemm_tile,101,3
4096,160,True,2,gemm_tile,102,3
4096,160,True,2,gemm_tile,103,3
4096,160,True,2,gemm_tile,104,3
4096,160,True,2,gemm_tile,105,3
4096,160,True,2,gemm_tile,106,3
4096,160,True,2,gemm_tile,107,3
4096,160,True,2,gemm_tile,108,3
4096,160,True,2,gemm_tile,109,3
4096,160,True,2,gemm_tile,110,4
4096,160,True,2,gemm_tile,111,4
4096,160,True,2,gemm_tile,112,3
4096,160,True,2,gemm_tile,113,3
4096,160,True,2,gemm_tile,114,4
4096,160,True,2,gemm_tile,115,3
4096,160,True,2,gemm_tile,116,3
4096,160,True,2,gemm_tile,117,3
4096,160,True,2,gemm_tile,118,4
4096,160,True,2,gemm_tile,119,3
4096,160,True,2,gemm_tile,120,3
4096,160,True,2,gemm_tile,121,3
4096,160,True,2,gemm_tile,122,3
4096,160,True,2,gemm_tile,123,3
4096,160,True,2,gemm_tile,124,3
4096,160,True,2,gemm_tile,125,3
4096,160,True,2,gemm_tile,126,3
4096,160,True,2,gemm_tile,127,3
4096,160,True,2,gemm_tile,128,3
4096,160,True,2,gemm_tile,129,3
4096,160,True,2,gemm_tile,130,3
4096,160,True,2,gemm_tile,131,3
4096,160,True,2,gemm_tile,132,3
4096,160,True,2,gemm_tile,133,3
4096,160,True,2,gemm_tile,134,3
4096,160,True,2,gemm_tile,135,3
4096,160,True,2,gemm_tile,136,3
4096,160,True,2,gemm_tile,137,3
4096,160,True,2,gemm_tile,138,3
4096,160,True,2,gemm_tile,139,3
4096,160,True,2,gemm_tile,140,3
4096,160,True,2,gemm_tile,141,3
4096,160,True,2,gemm_tile,142,3
4096,160,True,2,gemm_tile,143,3
4096,160,True,2,gemm_tile,144,3
4096,160,True,2,gemm_tile,145,3
4096,160,True,2,gemm_tile,146,3
4096,160,True,2,gemm_tile,147,3
4096,160,True,2,gemm_tile,148,3
4096,160,True,2,gemm_tile,149,3
4096,160,True,2,gemm_tile,150,3
4096,160,True,2,gemm_tile,151,3
4096,160,True,2,gemm_tile,152,3
4096,160,True,2,gemm_tile,153,3
4096,160,True,2,gemm_tile,154,3
4096,160,True,2,gemm_tile,155,3
4096,160,True,2,gemm_tile,156,3
4096,160,True,2,gemm_tile,157,3
4096,160,True,2,gemm_tile,158,3
4096,160,True,2,gemm_tile,159,3
4096,160,True,3,gqa_decode_mma,0,2
4096,160,True,3,gqa_decode_mma,1,3
4096,160,True,3,gqa_decode_mma,2,5
4096,160,True,3,gqa_decode_mma,3,3
4096,160,True,3,gqa_decode_mma,4,4
4096,160,True,3,gqa_decode_mma,5,2
4096,160,True,3,gqa_decode_mma,6,4
4096,160,True,3,gqa_decode_mma,7,4
4096,160,True,3,gqa_decode_mma,8,4
4096,160,True,3,gqa_decode_mma,9,4
4096,160,True,3,gqa_decode_mma,10,5
4096,160,True,3,gqa_decode_mma,11,2
4096,160,True,3,gqa_decode_mma,12,4
4096,160,True,3,gqa_decode_mma,13,3
4096,160,True,3,gqa_decode_mma,14,4
4096,160,True,3,gqa_decode_mma,15,2
4096,160,True,3,gqa_decode_mma,16,3
4096,160,True,3,gqa_decode_mma,17,3
4096,160,True,3,gqa_decode_mma,18,4
4096,160,True,3,gqa_decode_mma,19,4
4096,160,True,3,gqa_decode_mma,20,3
4096,160,True,3,gqa_decode_mma,21,2
4096,160,True,3,gqa_decode_mma,22,5
4096,160,True,3,gqa_decode_mma,23,3
4096,160,True,3,gqa_decode_mma,24,3
4096,160,True,3,gqa_decode_mma,25,2
4096,160,True,3,gqa_decode_mma,26,3
4096,160,True,3,gqa_decode_mma,27,3
4096,160,True,3,gqa_decode_mma,28,4
4096,160,True,3,gqa_decode_mma,29,3
4096,160,True,3,gqa_decode_mma,30,3
4096,160,True,3,gqa_decode_mma,31,2
4096,160,True,3,gqa_decode_mma,32,3
4096,160,True,3,gqa_decode_mma,33,3
4096,160,True,3,gqa_decode_mma,34,4
4096,160,True,3,gqa_decode_mma,35,3
4096,160,True,3,gqa_decode_mma,36,3
4096,160,True,3,gqa_decode_mma,37,2
4096,160,True,3,gqa_decode_mma,38,3
4096,160,True,3,gqa_decode_mma,39,2
4096,160,True,3,gqa_decode_mma,40,4
4096,160,True,3,gqa_decode_mma,41,4
4096,160,True,3,gqa_decode_mma,42,4
4096,160,True,3,gqa_decode_mma,43,2
4096,160,True,3,gqa_decode_mma,44,4
4096,160,True,3,gqa_decode_mma,45,2
4096,160,True,3,gqa_decode_mma,46,4
4096,160,True,3,gqa_decode_mma,47,3
4096,160,True,3,gqa_decode_mma,48,4
4096,160,True,3,gqa_decode_mma,49,2
4096,160,True,3,gqa_decode_mma,50,3
4096,160,True,3,gqa_decode_mma,51,4
4096,160,True,3,gqa_decode_mma,52,2
4096,160,True,3,gqa_decode_mma,53,4
4096,160,True,3,gqa_decode_mma,54,4
4096,160,True,3,gqa_decode_mma,55,4
4096,160,True,3,gqa_decode_mma,56,2
4096,160,True,3,gqa_decode_mma,57,3
4096,160,True,3,gqa_decode_mma,58,4
4096,160,True,3,gqa_decode_mma,59,1
4096,160,True,3,gqa_decode_mma,60,4
4096,160,True,3,gqa_decode_mma,61,2
4096,160,True,3,gqa_decode_mma,62,4
4096,160,True,3,gqa_decode_mma,63,3
4096,160,True,3,gqa_decode_mma,64,4
4096,160,True,3,gqa_decode_mma,65,3
4096,160,True,3,gqa_decode_mma,66,4
4096,160,True,3,gqa_decode_mma,67,4
4096,160,True,3,gqa_decode_mma,68,2
4096,160,True,3,gqa_decode_mma,69,2
4096,160,True,3,gqa_decode_mma,70,5
4096,160,True,3,gqa_decode_mma,71,3
4096,160,True,3,gqa_decode_mma,72,5
4096,160,True,3,gqa_decode_mma,73,1
4096,160,True,3,gqa_decode_mma,74,2
4096,160,True,3,gqa_decode_mma,75,3
4096,160,True,3,gqa_decode_mma,76,3
4096,160,True,3,gqa_decode_mma,77,4
4096,160,True,3,gqa_decode_mma,78,4
4096,160,True,3,gqa_decode_mma,79,4
4096,160,True,3,gqa_decode_mma,80,5
4096,160,True,3,gqa_decode_mma,81,3
4096,160,True,3,gqa_decode_mma,82,3
4096,160,True,3,gqa_decode_mma,83,4
4096,160,True,3,gqa_decode_mma,84,4
4096,160,True,3,gqa_decode_mma,85,3
4096,160,True,3,gqa_decode_mma,86,5
4096,160,True,3,gqa_decode_mma,87,3
4096,160,True,3,gqa_decode_mma,88,2
4096,160,True,3,gqa_decode_mma,89,4
4096,160,True,3,gqa_decode_mma,90,5
4096,160,True,3,gqa_decode_mma,91,3
4096,160,True,3,gqa_decode_mma,92,4
4096,160,True,3,gqa_decode_mma,93,3
4096,160,True,3,gqa_decode_mma,94,5
4096,160,True,3,gqa_decode_mma,95,1
4096,160,True,3,gqa_decode_mma,96,3
4096,160,True,3,gqa_decode_mma,97,3
4096,160,True,3,gqa_decode_mma,98,3
4096,160,True,3,gqa_decode_mma,99,3
4096,160,True,3,gqa_decode_mma,100,3
4096,160,True,3,gqa_decode_mma,101,3
4096,160,True,3,gqa_decode_mma,102,3
4096,160,True,3,gqa_decode_mma,103,4
4096,160,True,3,gqa_decode_mma,104,3
4096,160,True,3,gqa_decode_mma,105,1
4096,160,True,3,gqa_decode_mma,106,5
4096,160,True,3,gqa_decode_mma,107,3
4096,160,True,3,gqa_decode_mma,108,3
4096,160,True,3,gqa_decode_mma,109,3
4096,160,True,3,gqa_decode_mma,110,4
4096,160,True,3,gqa_decode_mma,111,4
4096,160,True,3,gqa_decode_mma,112,4
4096,160,True,3,gqa_decode_mma,113,4
4096,160,True,3,gqa_decode_mma,114,4
4096,160,True,3,gqa_decode_mma,115,4
4096,160,True,3,gqa_decode_mma,116,3
4096,160,True,3,gqa_decode_mma,117,4
4096,160,True,3,gqa_decode_mma,118,3
4096,160,True,3,gqa_decode_mma,119,1
4096,160,True,3,gqa_decode_mma,120,4
4096,160,True,3,gqa_decode_mma,121,3
4096,160,True,3,gqa_decode_mma,122,3
4096,160,True,3,gqa_decode_mma,123,2
4096,160,True,3,gqa_decode_mma,124,4
4096,160,True,3,gqa_decode_mma,125,4
4096,160,True,3,gqa_decode_mma,126,4
4096,160,True,3,gqa_decode_mma,127,3
4096,160,True,3,gqa_decode_mma,128,4
4096,160,True,3,gqa_decode_mma,129,3
4096,160,True,3,gqa_decode_mma,130,3
4096,160,True,3,gqa_decode_mma,131,1
4096,160,True,3,gqa_decode_mma,132,3
4096,160,True,3,gqa_decode_mma,133,4
4096,160,True,3,gqa_decode_mma,134,2
4096,160,True,3,gqa_decode_mma,135,3
4096,160,True,3,gqa_decode_mma,136,4
4096,160,True,3,gqa_decode_mma,137,3
4096,160,True,3,gqa_decode_mma,138,4
4096,160,True,3,gqa_decode_mma,139,2
4096,160,True,3,gqa_decode_mma,140,4
4096,160,True,3,gqa_decode_mma,141,3
4096,160,True,3,gqa_decode_mma,142,2
4096,160,True,3,gqa_decode_mma,143,3
4096,160,True,3,gqa_decode_mma,144,3
4096,160,True,3,gqa_decode_mma,145,3
4096,160,True,3,gqa_decode_mma,146,4
4096,160,True,3,gqa_decode_mma,147,3
4096,160,True,3,gqa_decode_mma,148,4
4096,160,True,3,gqa_decode_mma,149,2
4096,160,True,3,gqa_decode_mma,150,4
4096,160,True,3,gqa_decode_mma,151,2
4096,160,True,3,gqa_decode_mma,152,3
4096,160,True,3,gqa_decode_mma,153,3
4096,160,True,3,gqa_decode_mma,154,4
4096,160,True,3,gqa_decode_mma,155,2
4096,160,True,3,gqa_decode_mma,156,4
4096,160,True,3,gqa_decode_mma,157,2
4096,160,True,3,gqa_decode_mma,158,3
4096,160,True,3,gqa_decode_mma,159,2
4096,160,True,4,gemm_tile,0,4
4096,160,True,4,gemm_tile,1,3
4096,160,True,4,gemm_tile,2,0
4096,160,True,4,gemm_tile,3,3
4096,160,True,4,gemm_tile,4,1
4096,160,True,4,gemm_tile,5,4
4096,160,True,4,gemm_tile,6,1
4096,160,True,4,gemm_tile,7,1
4096,160,True,4,gemm_tile,8,1
4096,160,True,4,gemm_tile,9,2
4096,160,True,4,gemm_tile,10,0
4096,160,True,4,gemm_tile,11,4
4096,160,True,4,gemm_tile,12,1
4096,160,True,4,gemm_tile,13,3
4096,160,True,4,gemm_tile,14,1
4096,160,True,4,gemm_tile,15,4
4096,160,True,4,gemm_tile,16,2
4096,160,True,4,gemm_tile,17,3
4096,160,True,4,gemm_tile,18,1
4096,160,True,4,gemm_tile,19,2
4096,160,True,4,gemm_tile,20,3
4096,160,True,4,gemm_tile,21,4
4096,160,True,4,gemm_tile,22,0
4096,160,True,4,gemm_tile,23,2
4096,160,True,4,gemm_tile,24,3
4096,160,True,4,gemm_tile,25,5
4096,160,True,4,gemm_tile,26,3
4096,160,True,4,gemm_tile,27,3
4096,160,True,4,gemm_tile,28,1
4096,160,True,4,gemm_tile,29,2
4096,160,True,4,gemm_tile,30,2
4096,160,True,4,gemm_tile,31,4
4096,160,True,4,gemm_tile,32,3
4096,160,True,4,gemm_tile,33,3
4096,160,True,4,gemm_tile,34,1
4096,160,True,4,gemm_tile,35,3
4096,160,True,4,gemm_tile,36,3
4096,160,True,4,gemm_tile,37,4
4096,160,True,4,gemm_tile,38,3
4096,160,True,4,gemm_tile,39,4
4096,160,True,4,gemm_tile,40,1
4096,160,True,4,gemm_tile,41,2
4096,160,True,4,gemm_tile,42,2
4096,160,True,4,gemm_tile,43,4
4096,160,True,4,gemm_tile,44,2
4096,160,True,4,gemm_tile,45,5
4096,160,True,4,gemm_tile,46,1
4096,160,True,4,gemm_tile,47,3
4096,160,True,4,gemm_tile,48,2
4096,160,True,4,gemm_tile,49,4
4096,160,True,4,gemm_tile,50,2
4096,160,True,4,gemm_tile,51,2
4096,160,True,4,gemm_tile,52,3
4096,160,True,4,gemm_tile,53,1
4096,160,True,4,gemm_tile,54,2
4096,160,True,4,gemm_tile,55,1
4096,160,True,4,gemm_tile,56,4
4096,160,True,4,gemm_tile,57,3
4096,160,True,4,gemm_tile,58,2
4096,160,True,4,gemm_tile,59,6
4096,160,True,4,gemm_tile,60,1
4096,160,True,4,gemm_tile,61,4
4096,160,True,4,gemm_tile,62,2
4096,160,True,4,gemm_tile,63,3
4096,160,True,4,gemm_tile,64,2
4096,160,True,4,gemm_tile,65,3
4096,160,True,4,gemm_tile,66,2
4096,160,True,4,gemm_tile,67,1
4096,160,True,4,gemm_tile,68,4
4096,160,True,4,gemm_tile,69,4
4096,160,True,4,gemm_tile,70,0
4096,160,True,4,gemm_tile,71,3
4096,160,True,4,gemm_tile,72,0
4096,160,True,4,gemm_tile,73,5
4096,160,True,4,gemm_tile,74,4
4096,160,True,4,gemm_tile,75,3
4096,160,True,4,gemm_tile,76,3
4096,160,True,4,gemm_tile,77,2
4096,160,True,4,gemm_tile,78,1
4096,160,True,4,gemm_tile,79,1
4096,160,True,4,gemm_tile,80,0
4096,160,True,4,gemm_tile,81,2
4096,160,True,4,gemm_tile,82,2
4096,160,True,4,gemm_tile,83,2
4096,160,True,4,gemm_tile,84,2
4096,160,True,4,gemm_tile,85,3
4096,160,True,4,gemm_tile,86,0
4096,160,True,4,gemm_tile,87,3
4096,160,True,4,gemm_tile,88,4
4096,160,True,4,gemm_tile,89,2
4096,160,True,4,gemm_tile,90,0
4096,160,True,4,gemm_tile,91,3
4096,160,True,4,gemm_tile,92,1
4096,160,True,4,gemm_tile,93,3
4096,160,True,4,gemm_tile,94,0
4096,160,True,4,gemm_tile,95,5
4096,160,True,4,gemm_tile,96,3
4096,160,True,4,gemm_tile,97,3
4096,160,True,4,gemm_tile,98,3
4096,160,True,4,gemm_tile,99,3
4096,160,True,4,gemm_tile,100,3
4096,160,True,4,gemm_tile,101,3
4096,160,True,4,gemm_tile,102,3
4096,160,True,4,gemm_tile,103,1
4096,160,True,4,gemm_tile,104,3
4096,160,True,4,gemm_tile,105,6
4096,160,True,4,gemm_tile,106,0
4096,160,True,4,gemm_tile,107,2
4096,160,True,4,gemm_tile,108,3
4096,160,True,4,gemm_tile,109,3
4096,160,True,4,gemm_tile,110,1
4096,160,True,4,gemm_tile,111,2
4096,160,True,4,gemm_tile,112,1
4096,160,True,4,gemm_tile,113,2
4096,160,True,4,gemm_tile,114,1
4096,160,True,4,gemm_tile,115,2
4096,160,True,4,gemm_tile,116,3
4096,160,True,4,gemm_tile,117,1
4096,160,True,4,gemm_tile,118,3
4096,160,True,4,gemm_tile,119,6
4096,160,True,4,gemm_tile,120,1
4096,160,True,4,gemm_tile,121,2
4096,160,True,4,gemm_tile,122,3
4096,160,True,4,gemm_tile,123,4
4096,160,True,4,gemm_tile,124,1
4096,160,True,4,gemm_tile,125,1
4096,160,True,4,gemm_tile,126,1
4096,160,True,4,gemm_tile,127,3
4096,160,True,4,gemm_tile,128,1
4096,160,True,4,gemm_tile,129,3
4096,160,True,4,gemm_tile,130,3
4096,160,True,4,gemm_tile,131,5
4096,160,True,4,gemm_tile,132,3
4096,160,True,4,gemm_tile,133,2
4096,160,True,4,gemm_tile,134,3
4096,160,True,4,gemm_tile,135,2
4096,160,True,4,gemm_tile,136,1
4096,160,True,4,gemm_tile,137,2
4096,160,True,4,gemm_tile,138,1
4096,160,True,4,gemm_tile,139,4
4096,160,True,4,gemm_tile,140,1
4096,160,True,4,gemm_tile,141,2
4096,160,True,4,gemm_tile,142,4
4096,160,True,4,gemm_tile,143,2
4096,160,True,4,gemm_tile,144,2
4096,160,True,4,gemm_tile,145,2
4096,160,True,4,gemm_tile,146,1
4096,160,True,4,gemm_tile,147,3
4096,160,True,4,gemm_tile,148,2
4096,160,True,4,gemm_tile,149,4
4096,160,True,4,gemm_tile,150,1
4096,160,True,4,gemm_tile,151,4
4096,160,True,4,gemm_tile,152,2
4096,160,True,4,gemm_tile,153,3
4096,160,True,4,gemm_tile,154,1
4096,160,True,4,gemm_tile,155,3
4096,160,True,4,gemm_tile,156,1
4096,160,True,4,gemm_tile,157,4
4096,160,True,4,gemm_tile,158,2
4096,160,True,4,gemm_tile,159,4
4096,160,True,5,gqa_merge,0,1
4096,160,True,5,gqa_merge,1,1
4096,160,True,5,gqa_merge,2,1
4096,160,True,5,gqa_merge,3,1
4096,160,True,5,gqa_merge,4,1
4096,160,True,5,gqa_merge,5,1
4096,160,True,5,gqa_merge,6,1
4096,160,True,5,gqa_merge,7,1
4096,160,True,5,gqa_merge,8,1
4096,160,True,5,gqa_merge,9,1
4096,160,True,5,gqa_merge,10,1
4096,160,True,5,gqa_merge,11,1
4096,160,True,5,gqa_merge,12,1
4096,160,True,5,gqa_merge,13,1
4096,160,True,5,gqa_merge,14,1
4096,160,True,5,gqa_merge,15,1
4096,160,True,5,gqa_merge,16,1
4096,160,True,5,gqa_merge,17,1
4096,160,True,5,gqa_merge,18,1
4096,160,True,5,gqa_merge,19,1
4096,160,True,5,gqa_merge,20,1
4096,160,True,5,gqa_merge,21,1
4096,160,True,5,gqa_merge,22,1
4096,160,True,5,gqa_merge,23,1
4096,160,True,5,gqa_merge,24,1
4096,160,True,5,gqa_merge,25,1
4096,160,True,5,gqa_merge,26,1
4096,160,True,5,gqa_merge,27,1
4096,160,True,5,gqa_merge,28,1
4096,160,True,5,gqa_merge,29,1
4096,160,True,5,gqa_merge,30,1
4096,160,True,5,gqa_merge,31,1
4096,160,True,5,gqa_merge,32,1
4096,160,True,5,gqa_merge,33,1
4096,160,True,5,gqa_merge,34,1
4096,160,True,5,gqa_merge,35,1
4096,160,True,5,gqa_merge,36,1
4096,160,True,5,gqa_merge,37,1
4096,160,True,5,gqa_merge,38,1
4096,160,True,5,gqa_merge,39,1
4096,160,True,5,gqa_merge,40,1
4096,160,True,5,gqa_merge,41,1
4096,160,True,5,gqa_merge,42,1
4096,160,True,5,gqa_merge,43,1
4096,160,True,5,gqa_merge,44,1
4096,160,True,5,gqa_merge,45,1
4096,160,True,5,gqa_merge,46,1
4096,160,True,5,gqa_merge,47,1
4096,160,True,5,gqa_merge,48,1
4096,160,True,5,gqa_merge,49,1
4096,160,True,5,gqa_merge,50,1
4096,160,True,5,gqa_merge,51,1
4096,160,True,5,gqa_merge,52,1
4096,160,True,5,gqa_merge,53,1
4096,160,True,5,gqa_merge,54,1
4096,160,True,5,gqa_merge,55,1
4096,160,True,5,gqa_merge,56,1
4096,160,True,5,gqa_merge,57,1
4096,160,True,5,gqa_merge,58,1
4096,160,True,5,gqa_merge,59,1
4096,160,True,5,gqa_merge,60,1
4096,160,True,5,gqa_merge,61,1
4096,160,True,5,gqa_merge,62,1
4096,160,True,5,gqa_merge,63,1
4096,160,True,5,gqa_merge,64,1
4096,160,True,5,gqa_merge,65,1
4096,160,True,5,gqa_merge,66,1
4096,160,True,5,gqa_merge,67,1
4096,160,True,5,gqa_merge,68,1
4096,160,True,5,gqa_merge,69,1
4096,160,True,5,gqa_merge,70,1
4096,160,True,5,gqa_merge,71,1
4096,160,True,5,gqa_merge,72,1
4096,160,True,5,gqa_merge,73,1
4096,160,True,5,gqa_merge,74,1
4096,160,True,5,gqa_merge,75,1
4096,160,True,5,gqa_merge,76,1
4096,160,True,5,gqa_merge,77,1
4096,160,True,5,gqa_merge,78,1
4096,160,True,5,gqa_merge,79,1
4096,160,True,5,gqa_merge,80,1
4096,160,True,5,gqa_merge,81,1
4096,160,True,5,gqa_merge,82,1
4096,160,True,5,gqa_merge,83,1
4096,160,True,5,gqa_merge,84,1
4096,160,True,5,gqa_merge,85,1
4096,160,True,5,gqa_merge,86,1
4096,160,True,5,gqa_merge,87,1
4096,160,True,5,gqa_merge,88,1
4096,160,True,5,gqa_merge,89,1
4096,160,True,5,gqa_merge,90,1
4096,160,True,5,gqa_merge,91,1
4096,160,True,5,gqa_merge,92,1
4096,160,True,5,gqa_merge,93,1
4096,160,True,5,gqa_merge,94,1
4096,160,True,5,gqa_merge,95,1
4096,160,True,5,gqa_merge,96,0
4096,160,True,5,gqa_merge,97,0
4096,160,True,5,gqa_merge,98,0
4096,160,True,5,gqa_merge,99,0
4096,160,True,5,gqa_merge,100,0
4096,160,True,5,gqa_merge,101,0
4096,160,True,5,gqa_merge,102,0
4096,160,True,5,gqa_merge,103,0
4096,160,True,5,gqa_merge,104,0
4096,160,True,5,gqa_merge,105,0
4096,160,True,5,gqa_merge,106,0
4096,160,True,5,gqa_merge,107,0
4096,160,True,5,gqa_merge,108,0
4096,160,True,5,gqa_merge,109,0
4096,160,True,5,gqa_merge,110,0
4096,160,True,5,gqa_merge,111,0
4096,160,True,5,gqa_merge,112,0
4096,160,True,5,gqa_merge,113,0
4096,160,True,5,gqa_merge,114,0
4096,160,True,5,gqa_merge,115,0
4096,160,True,5,gqa_merge,116,0
4096,160,True,5,gqa_merge,117,0
4096,160,True,5,gqa_merge,118,0
4096,160,True,5,gqa_merge,119,0
4096,160,True,5,gqa_merge,120,0
4096,160,True,5,gqa_merge,121,0
4096,160,True,5,gqa_merge,122,0
4096,160,True,5,gqa_merge,123,0
4096,160,True,5,gqa_merge,124,0
4096,160,True,5,gqa_merge,125,0
4096,160,True,5,gqa_merge,126,0
4096,160,True,5,gqa_merge,127,0
4096,160,True,5,gqa_merge,128,0
4096,160,True,5,gqa_merge,129,0
4096,160,True,5,gqa_merge,130,0
4096,160,True,5,gqa_merge,131,0
4096,160,True,5,gqa_merge,132,0
4096,160,True,5,gqa_merge,133,0
4096,160,True,5,gqa_merge,134,0
4096,160,True,5,gqa_merge,135,0
4096,160,True,5,gqa_merge,136,0
4096,160,True,5,gqa_merge,137,0
4096,160,True,5,gqa_merge,138,0
4096,160,True,5,gqa_merge,139,0
4096,160,True,5,gqa_merge,140,0
4096,160,True,5,gqa_merge,141,0
4096,160,True,5,gqa_merge,142,0
4096,160,True,5,gqa_merge,143,0
4096,160,True,5,gqa_merge,144,0
4096,160,True,5,gqa_merge,145,0
4096,160,True,5,gqa_merge,146,0
4096,160,True,5,gqa_merge,147,0
4096,160,True,5,gqa_merge,148,0
4096,160,True,5,gqa_merge,149,0
4096,160,True,5,gqa_merge,150,0
4096,160,True,5,gqa_merge,151,0
4096,160,True,5,gqa_merge,152,0
4096,160,True,5,gqa_merge,153,0
4096,160,True,5,gqa_merge,154,0
4096,160,True,5,gqa_merge,155,0
4096,160,True,5,gqa_merge,156,0
4096,160,True,5,gqa_merge,157,0
4096,160,True,5,gqa_merge,158,0
4096,160,True,5,gqa_merge,159,0
4096,160,True,6,gemm_tile,0,2
4096,160,True,6,gemm_tile,1,2
4096,160,True,6,gemm_tile,2,2
4096,160,True,6,gemm_tile,3,2
4096,160,True,6,gemm_tile,4,2
4096,160,True,6,gemm_tile,5,2
4096,160,True,6,gemm_tile,6,2
4096,160,True,6,gemm_tile,7,2
4096,160,True,6,gemm_tile,8,2
4096,160,True,6,gemm_tile,9,2
4096,160,True,6,gemm_tile,10,2
4096,160,True,6,gemm_tile,11,2
4096,160,True,6,gemm_tile,12,2
4096,160,True,6,gemm_tile,13,2
4096,160,True,6,gemm_tile,14,2
4096,160,True,6,gemm_tile,15,2
4096,160,True,6,gemm_tile,16,2
4096,160,True,6,gemm_tile,17,2
4096,160,True,6,gemm_tile,18,2
4096,160,True,6,gemm_tile,19,2
4096,160,True,6,gemm_tile,20,2
4096,160,True,6,gemm_tile,21,2
4096,160,True,6,gemm_tile,22,2
4096,160,True,6,gemm_tile,23,2
4096,160,True,6,gemm_tile,24,2
4096,160,True,6,gemm_tile,25,2
4096,160,True,6,gemm_tile,26,2
4096,160,True,6,gemm_tile,27,2
4096,160,True,6,gemm_tile,28,2
4096,160,True,6,gemm_tile,29,2
4096,160,True,6,gemm_tile,30,2
4096,160,True,6,gemm_tile,31,2
4096,160,True,6,gemm_tile,32,2
4096,160,True,6,gemm_tile,33,2
4096,160,True,6,gemm_tile,34,2
4096,160,True,6,gemm_tile,35,2
4096,160,True,6,gemm_tile,36,2
4096,160,True,6,gemm_tile,37,2
4096,160,True,6,gemm_tile,38,2
4096,160,True,6,gemm_tile,39,2
4096,160,True,6,gemm_tile,40,2
4096,160,True,6,gemm_tile,41,2
4096,160,True,6,gemm_tile,42,2
4096,160,True,6,gemm_tile,43,2
4096,160,True,6,gemm_tile,44,2
4096,160,True,6,gemm_tile,45,2
4096,160,True,6,gemm_tile,46,2
4096,160,True,6,gemm_tile,47,2
4096,160,True,6,gemm_tile,48,2
4096,160,True,6,gemm_tile,49,2
4096,160,True,6,gemm_tile,50,2
4096,160,True,6,gemm_tile,51,2
4096,160,True,6,gemm_tile,52,2
4096,160,True,6,gemm_tile,53,2
4096,160,True,6,gemm_tile,54,2
4096,160,True,6,gemm_tile,55,2
4096,160,True,6,gemm_tile,56,2
4096,160,True,6,gemm_tile,57,2
4096,160,True,6,gemm_tile,58,2
4096,160,True,6,gemm_tile,59,2
4096,160,True,6,gemm_tile,60,2
4096,160,True,6,gemm_tile,61,2
4096,160,True,6,gemm_tile,62,2
4096,160,True,6,gemm_tile,63,2
4096,160,True,6,gemm_tile,64,2
4096,160,True,6,gemm_tile,65,2
4096,160,True,6,gemm_tile,66,2
4096,160,True,6,gemm_tile,67,2
4096,160,True,6,gemm_tile,68,2
4096,160,True,6,gemm_tile,69,2
4096,160,True,6,gemm_tile,70,2
4096,160,True,6,gemm_tile,71,2
4096,160,True,6,gemm_tile,72,2
4096,160,True,6,gemm_tile,73,2
4096,160,True,6,gemm_tile,74,2
4096,160,True,6,gemm_tile,75,2
4096,160,True,6,gemm_tile,76,2
4096,160,True,6,gemm_tile,77,2
4096,160,True,6,gemm_tile,78,2
4096,160,True,6,gemm_tile,79,2
4096,160,True,6,gemm_tile,80,2
4096,160,True,6,gemm_tile,81,2
4096,160,True,6,gemm_tile,82,2
4096,160,True,6,gemm_tile,83,2
4096,160,True,6,gemm_tile,84,2
4096,160,True,6,gemm_tile,85,2
4096,160,True,6,gemm_tile,86,2
4096,160,True,6,gemm_tile,87,2
4096,160,True,6,gemm_tile,88,2
4096,160,True,6,gemm_tile,89,2
4096,160,True,6,gemm_tile,90,2
4096,160,True,6,gemm_tile,91,2
4096,160,True,6,gemm_tile,92,2
4096,160,True,6,gemm_tile,93,2
4096,160,True,6,gemm_tile,94,2
4096,160,True,6,gemm_tile,95,2
4096,160,True,6,gemm_tile,96,2
4096,160,True,6,gemm_tile,97,2
4096,160,True,6,gemm_tile,98,2
4096,160,True,6,gemm_tile,99,2
4096,160,True,6,gemm_tile,100,2
4096,160,True,6,gemm_tile,101,2
4096,160,True,6,gemm_tile,102,2
4096,160,True,6,gemm_tile,103,2
4096,160,True,6,gemm_tile,104,2
4096,160,True,6,gemm_tile,105,2
4096,160,True,6,gemm_tile,106,2
4096,160,True,6,gemm_tile,107,2
4096,160,True,6,gemm_tile,108,2
4096,160,True,6,gemm_tile,109,2
4096,160,True,6,gemm_tile,110,2
4096,160,True,6,gemm_tile,111,2
4096,160,True,6,gemm_tile,112,2
4096,160,True,6,gemm_tile,113,2
4096,160,True,6,gemm_tile,114,2
4096,160,True,6,gemm_tile,115,2
4096,160,True,6,gemm_tile,116,2
4096,160,True,6,gemm_tile,117,2
4096,160,True,6,gemm_tile,118,2
4096,160,True,6,gemm_tile,119,2
4096,160,True,6,gemm_tile,120,2
4096,160,True,6,gemm_tile,121,2
4096,160,True,6,gemm_tile,122,2
4096,160,True,6,gemm_tile,123,2
4096,160,True,6,gemm_tile,124,2
4096,160,True,6,gemm_tile,125,2
4096,160,True,6,gemm_tile,126,2
4096,160,True,6,gemm_tile,127,2
4096,160,True,6,gemm_tile,128,2
4096,160,True,6,gemm_tile,129,2
4096,160,True,6,gemm_tile,130,2
4096,160,True,6,gemm_tile,131,2
4096,160,True,6,gemm_tile,132,2
4096,160,True,6,gemm_tile,133,2
4096,160,True,6,gemm_tile,134,2
4096,160,True,6,gemm_tile,135,2
4096,160,True,6,gemm_tile,136,2
4096,160,True,6,gemm_tile,137,2
4096,160,True,6,gemm_tile,138,2
4096,160,True,6,gemm_tile,139,2
4096,160,True,6,gemm_tile,140,2
4096,160,True,6,gemm_tile,141,2
4096,160,True,6,gemm_tile,142,2
4096,160,True,6,gemm_tile,143,2
4096,160,True,6,gemm_tile,144,2
4096,160,True,6,gemm_tile,145,2
4096,160,True,6,gemm_tile,146,2
4096,160,True,6,gemm_tile,147,2
4096,160,True,6,gemm_tile,148,2
4096,160,True,6,gemm_tile,149,2
4096,160,True,6,gemm_tile,150,2
4096,160,True,6,gemm_tile,151,2
4096,160,True,6,gemm_tile,152,2
4096,160,True,6,gemm_tile,153,2
4096,160,True,6,gemm_tile,154,2
4096,160,True,6,gemm_tile,155,2
4096,160,True,6,gemm_tile,156,2
4096,160,True,6,gemm_tile,157,2
4096,160,True,6,gemm_tile,158,2
4096,160,True,6,gemm_tile,159,2
8192,160,True,0,rmsnorm_stat,0,0
8192,160,True,0,rmsnorm_stat,1,0
8192,160,True,0,rmsnorm_stat,2,0
8192,160,True,0,rmsnorm_stat,3,0
8192,160,True,0,rmsnorm_stat,4,0
8192,160,True,0,rmsnorm_stat,5,0
8192,160,True,0,rmsnorm_stat,6,0
8192,160,True,0,rmsnorm_stat,7,0
8192,160,True,0,rmsnorm_stat,8,0
8192,160,True,0,rmsnorm_stat,9,0
8192,160,True,0,rmsnorm_stat,10,0
8192,160,True,0,rmsnorm_stat,11,0
8192,160,True,0,rmsnorm_stat,12,0
8192,160,True,0,rmsnorm_stat,13,0
8192,160,True,0,rmsnorm_stat,14,0
8192,160,True,0,rmsnorm_stat,15,0
8192,160,True,0,rmsnorm_stat,16,0
8192,160,True,0,rmsnorm_stat,17,0
8192,160,True,0,rmsnorm_stat,18,0
8192,160,True,0,rmsnorm_stat,19,0
8192,160,True,0,rmsnorm_stat,20,0
8192,160,True,0,rmsnorm_stat,21,0
8192,160,True,0,rmsnorm_stat,22,0
8192,160,True,0,rmsnorm_stat,23,0
8192,160,True,0,rmsnorm_stat,24,0
8192,160,True,0,rmsnorm_stat,25,0
8192,160,True,0,rmsnorm_stat,26,0
8192,160,True,0,rmsnorm_stat,27,0
8192,160,True,0,rmsnorm_stat,28,0
8192,160,True,0,rmsnorm_stat,29,0
8192,160,True,0,rmsnorm_stat,30,0
8192,160,True,0,rmsnorm_stat,31,0
8192,160,True,0,rmsnorm_stat,32,0
8192,160,True,0,rmsnorm_stat,33,0
8192,160,True,0,rmsnorm_stat,34,0
8192,160,True,0,rmsnorm_stat,35,0
8192,160,True,0,rmsnorm_stat,36,0
8192,160,True,0,rmsnorm_stat,37,0
8192,160,True,0,rmsnorm_stat,38,0
8192,160,True,0,rmsnorm_stat,39,0
8192,160,True,0,rmsnorm_stat,40,0
8192,160,True,0,rmsnorm_stat,41,0
8192,160,True,0,rmsnorm_stat,42,0
8192,160,True,0,rmsnorm_stat,43,0
8192,160,True,0,rmsnorm_stat,44,0
8192,160,True,0,rmsnorm_stat,45,0
8192,160,True,0,rmsnorm_stat,46,0
8192,160,True,0,rmsnorm_stat,47,0
8192,160,True,0,rmsnorm_stat,48,0
8192,160,True,0,rmsnorm_stat,49,0
8192,160,True,0,rmsnorm_stat,50,0
8192,160,True,0,rmsnorm_stat,51,0
8192,160,True,0,rmsnorm_stat,52,0
8192,160,True,0,rmsnorm_stat,53,0
8192,160,True,0,rmsnorm_stat,54,0
8192,160,True,0,rmsnorm_stat,55,0
8192,160,True,0,rmsnorm_stat,56,0
8192,160,True,0,rmsnorm_stat,57,0
8192,160,True,0,rmsnorm_stat,58,0
8192,160,True,0,rmsnorm_stat,59,0
8192,160,True,0,rmsnorm_stat,60,0
8192,160,True,0,rmsnorm_stat,61,0
8192,160,True,0,rmsnorm_stat,62,0
8192,160,True,0,rmsnorm_stat,63,0
8192,160,True,0,rmsnorm_stat,64,0
8192,160,True,0,rmsnorm_stat,65,0
8192,160,True,0,rmsnorm_stat,66,0
8192,160,True,0,rmsnorm_stat,67,0
8192,160,True,0,rmsnorm_stat,68,0
8192,160,True,0,rmsnorm_stat,69,0
8192,160,True,0,rmsnorm_stat,70,0
8192,160,True,0,rmsnorm_stat,71,0
8192,160,True,0,rmsnorm_stat,72,0
8192,160,True,0,rmsnorm_stat,73,0
8192,160,True,0,rmsnorm_stat,74,0
8192,160,True,0,rmsnorm_stat,75,0
8192,160,True,0,rmsnorm_stat,76,0
8192,160,True,0,rmsnorm_stat,77,0
8192,160,True,0,rmsnorm_stat,78,0
8192,160,True,0,rmsnorm_stat,79,0
8192,160,True,0,rmsnorm_stat,80,0
8192,160,True,0,rmsnorm_stat,81,0
8192,160,True,0,rmsnorm_stat,82,0
8192,160,True,0,rmsnorm_stat,83,0
8192,160,True,0,rmsnorm_stat,84,0
8192,160,True,0,rmsnorm_stat,85,0
8192,160,True,0,rmsnorm_stat,86,0
8192,160,True,0,rmsnorm_stat,87,0
8192,160,True,0,rmsnorm_stat,88,0
8192,160,True,0,rmsnorm_stat,89,0
8192,160,True,0,rmsnorm_stat,90,0
8192,160,True,0,rmsnorm_stat,91,0
8192,160,True,0,rmsnorm_stat,92,0
8192,160,True,0,rmsnorm_stat,93,0
8192,160,True,0,rmsnorm_stat,94,0
8192,160,True,0,rmsnorm_stat,95,0
8192,160,True,0,rmsnorm_stat,96,0
8192,160,True,0,rmsnorm_stat,97,0
8192,160,True,0,rmsnorm_stat,98,0
8192,160,True,0,rmsnorm_stat,99,0
8192,160,True,0,rmsnorm_stat,100,0
8192,160,True,0,rmsnorm_stat,101,0
8192,160,True,0,rmsnorm_stat,102,0
8192,160,True,0,rmsnorm_stat,103,0
8192,160,True,0,rmsnorm_stat,104,0
8192,160,True,0,rmsnorm_stat,105,0
8192,160,True,0,rmsnorm_stat,106,0
8192,160,True,0,rmsnorm_stat,107,0
8192,160,True,0,rmsnorm_stat,108,0
8192,160,True,0,rmsnorm_stat,109,0
8192,160,True,0,rmsnorm_stat,110,0
8192,160,True,0,rmsnorm_stat,111,0
8192,160,True,0,rmsnorm_stat,112,0
8192,160,True,0,rmsnorm_stat,113,0
8192,160,True,0,rmsnorm_stat,114,0
8192,160,True,0,rmsnorm_stat,115,0
8192,160,True,0,rmsnorm_stat,116,0
8192,160,True,0,rmsnorm_stat,117,0
8192,160,True,0,rmsnorm_stat,118,0
8192,160,True,0,rmsnorm_stat,119,0
8192,160,True,0,rmsnorm_stat,120,0
8192,160,True,0,rmsnorm_stat,121,0
8192,160,True,0,rmsnorm_stat,122,0
8192,160,True,0,rmsnorm_stat,123,0
8192,160,True,0,rmsnorm_stat,124,0
8192,160,True,0,rmsnorm_stat,125,0
8192,160,True,0,rmsnorm_stat,126,0
8192,160,True,0,rmsnorm_stat,127,0
8192,160,True,0,rmsnorm_stat,128,0
8192,160,True,0,rmsnorm_stat,129,0
8192,160,True,0,rmsnorm_stat,130,0
8192,160,True,0,rmsnorm_stat,131,0
8192,160,True,0,rmsnorm_stat,132,0
8192,160,True,0,rmsnorm_stat,133,0
8192,160,True,0,rmsnorm_stat,134,0
8192,160,True,0,rmsnorm_stat,135,0
8192,160,True,0,rmsnorm_stat,136,0
8192,160,True,0,rmsnorm_stat,137,0
8192,160,True,0,rmsnorm_stat,138,0
8192,160,True,0,rmsnorm_stat,139,0
8192,160,True,0,rmsnorm_stat,140,0
8192,160,True,0,rmsnorm_stat,141,0
8192,160,True,0,rmsnorm_stat,142,0
8192,160,True,0,rmsnorm_stat,143,0
8192,160,True,0,rmsnorm_stat,144,0
8192,160,True,0,rmsnorm_stat,145,0
8192,160,True,0,rmsnorm_stat,146,0
8192,160,True,0,rmsnorm_stat,147,0
8192,160,True,0,rmsnorm_stat,148,0
8192,160,True,0,rmsnorm_stat,149,0
8192,160,True,0,rmsnorm_stat,150,0
8192,160,True,0,rmsnorm_stat,151,0
8192,160,True,0,rmsnorm_stat,152,0
8192,160,True,0,rmsnorm_stat,153,0
8192,160,True,0,rmsnorm_stat,154,0
8192,160,True,0,rmsnorm_stat,155,0
8192,160,True,0,rmsnorm_stat,156,0
8192,160,True,0,rmsnorm_stat,157,0
8192,160,True,0,rmsnorm_stat,158,0
8192,160,True,0,rmsnorm_stat,159,0
8192,160,True,1,x_permute,0,1
8192,160,True,1,x_permute,1,1
8192,160,True,1,x_permute,2,1
8192,160,True,1,x_permute,3,1
8192,160,True,1,x_permute,4,1
8192,160,True,1,x_permute,5,1
8192,160,True,1,x_permute,6,1
8192,160,True,1,x_permute,7,1
8192,160,True,1,x_permute,8,1
8192,160,True,1,x_permute,9,1
8192,160,True,1,x_permute,10,1
8192,160,True,1,x_permute,11,1
8192,160,True,1,x_permute,12,1
8192,160,True,1,x_permute,13,1
8192,160,True,1,x_permute,14,1
8192,160,True,1,x_permute,15,1
8192,160,True,1,x_permute,16,1
8192,160,True,1,x_permute,17,1
8192,160,True,1,x_permute,18,1
8192,160,True,1,x_permute,19,1
8192,160,True,1,x_permute,20,1
8192,160,True,1,x_permute,21,1
8192,160,True,1,x_permute,22,1
8192,160,True,1,x_permute,23,1
8192,160,True,1,x_permute,24,1
8192,160,True,1,x_permute,25,1
8192,160,True,1,x_permute,26,1
8192,160,True,1,x_permute,27,1
8192,160,True,1,x_permute,28,1
8192,160,True,1,x_permute,29,1
8192,160,True,1,x_permute,30,1
8192,160,True,1,x_permute,31,1
8192,160,True,1,x_permute,32,1
8192,160,True,1,x_permute,33,1
8192,160,True,1,x_permute,34,1
8192,160,True,1,x_permute,35,1
8192,160,True,1,x_permute,36,1
8192,160,True,1,x_permute,37,1
8192,160,True,1,x_permute,38,1
8192,160,True,1,x_permute,39,1
8192,160,True,1,x_permute,40,1
8192,160,True,1,x_permute,41,1
8192,160,True,1,x_permute,42,1
8192,160,True,1,x_permute,43,1
8192,160,True,1,x_permute,44,1
8192,160,True,1,x_permute,45,1
8192,160,True,1,x_permute,46,1
8192,160,True,1,x_permute,47,1
8192,160,True,1,x_permute,48,1
8192,160,True,1,x_permute,49,1
8192,160,True,1,x_permute,50,1
8192,160,True,1,x_permute,51,1
8192,160,True,1,x_permute,52,1
8192,160,True,1,x_permute,53,1
8192,160,True,1,x_permute,54,1
8192,160,True,1,x_permute,55,1
8192,160,True,1,x_permute,56,1
8192,160,True,1,x_permute,57,1
8192,160,True,1,x_permute,58,1
8192,160,True,1,x_permute,59,1
8192,160,True,1,x_permute,60,1
8192,160,True,1,x_permute,61,1
8192,160,True,1,x_permute,62,1
8192,160,True,1,x_permute,63,1
8192,160,True,1,x_permute,64,0
8192,160,True,1,x_permute,65,0
8192,160,True,1,x_permute,66,0
8192,160,True,1,x_permute,67,0
8192,160,True,1,x_permute,68,0
8192,160,True,1,x_permute,69,0
8192,160,True,1,x_permute,70,0
8192,160,True,1,x_permute,71,0
8192,160,True,1,x_permute,72,0
8192,160,True,1,x_permute,73,0
8192,160,True,1,x_permute,74,0
8192,160,True,1,x_permute,75,0
8192,160,True,1,x_permute,76,0
8192,160,True,1,x_permute,77,0
8192,160,True,1,x_permute,78,0
8192,160,True,1,x_permute,79,0
8192,160,True,1,x_permute,80,0
8192,160,True,1,x_permute,81,0
8192,160,True,1,x_permute,82,0
8192,160,True,1,x_permute,83,0
8192,160,True,1,x_permute,84,0
8192,160,True,1,x_permute,85,0
8192,160,True,1,x_permute,86,0
8192,160,True,1,x_permute,87,0
8192,160,True,1,x_permute,88,0
8192,160,True,1,x_permute,89,0
8192,160,True,1,x_permute,90,0
8192,160,True,1,x_permute,91,0
8192,160,True,1,x_permute,92,0
8192,160,True,1,x_permute,93,0
8192,160,True,1,x_permute,94,0
8192,160,True,1,x_permute,95,0
8192,160,True,1,x_permute,96,0
8192,160,True,1,x_permute,97,0
8192,160,True,1,x_permute,98,0
8192,160,True,1,x_permute,99,0
8192,160,True,1,x_permute,100,0
8192,160,True,1,x_permute,101,0
8192,160,True,1,x_permute,102,0
8192,160,True,1,x_permute,103,0
8192,160,True,1,x_permute,104,0
8192,160,True,1,x_permute,105,0
8192,160,True,1,x_permute,106,0
8192,160,True,1,x_permute,107,0
8192,160,True,1,x_permute,108,0
8192,160,True,1,x_permute,109,0
8192,160,True,1,x_permute,110,0
8192,160,True,1,x_permute,111,0
8192,160,True,1,x_permute,112,0
8192,160,True,1,x_permute,113,0
8192,160,True,1,x_permute,114,0
8192,160,True,1,x_permute,115,0
8192,160,True,1,x_permute,116,0
8192,160,True,1,x_permute,117,0
8192,160,True,1,x_permute,118,0
8192,160,True,1,x_permute,119,0
8192,160,True,1,x_permute,120,0
8192,160,True,1,x_permute,121,0
8192,160,True,1,x_permute,122,0
8192,160,True,1,x_permute,123,0
8192,160,True,1,x_permute,124,0
8192,160,True,1,x_permute,125,0
8192,160,True,1,x_permute,126,0
8192,160,True,1,x_permute,127,0
8192,160,True,1,x_permute,128,0
8192,160,True,1,x_permute,129,0
8192,160,True,1,x_permute,130,0
8192,160,True,1,x_permute,131,0
8192,160,True,1,x_permute,132,0
8192,160,True,1,x_permute,133,0
8192,160,True,1,x_permute,134,0
8192,160,True,1,x_permute,135,0
8192,160,True,1,x_permute,136,0
8192,160,True,1,x_permute,137,0
8192,160,True,1,x_permute,138,0
8192,160,True,1,x_permute,139,0
8192,160,True,1,x_permute,140,0
8192,160,True,1,x_permute,141,0
8192,160,True,1,x_permute,142,0
8192,160,True,1,x_permute,143,0
8192,160,True,1,x_permute,144,0
8192,160,True,1,x_permute,145,0
8192,160,True,1,x_permute,146,0
8192,160,True,1,x_permute,147,0
8192,160,True,1,x_permute,148,0
8192,160,True,1,x_permute,149,0
8192,160,True,1,x_permute,150,0
8192,160,True,1,x_permute,151,0
8192,160,True,1,x_permute,152,0
8192,160,True,1,x_permute,153,0
8192,160,True,1,x_permute,154,0
8192,160,True,1,x_permute,155,0
8192,160,True,1,x_permute,156,0
8192,160,True,1,x_permute,157,0
8192,160,True,1,x_permute,158,0
8192,160,True,1,x_permute,159,0
8192,160,True,2,gemm_tile,0,3
8192,160,True,2,gemm_tile,1,3
8192,160,True,2,gemm_tile,2,4
8192,160,True,2,gemm_tile,3,3
8192,160,True,2,gemm_tile,4,3
8192,160,True,2,gemm_tile,5,3
8192,160,True,2,gemm_tile,6,3
8192,160,True,2,gemm_tile,7,3
8192,160,True,2,gemm_tile,8,3
8192,160,True,2,gemm_tile,9,3
8192,160,True,2,gemm_tile,10,3
8192,160,True,2,gemm_tile,11,3
8192,160,True,2,gemm_tile,12,3
8192,160,True,2,gemm_tile,13,3
8192,160,True,2,gemm_tile,14,3
8192,160,True,2,gemm_tile,15,3
8192,160,True,2,gemm_tile,16,3
8192,160,True,2,gemm_tile,17,3
8192,160,True,2,gemm_tile,18,3
8192,160,True,2,gemm_tile,19,3
8192,160,True,2,gemm_tile,20,3
8192,160,True,2,gemm_tile,21,3
8192,160,True,2,gemm_tile,22,3
8192,160,True,2,gemm_tile,23,3
8192,160,True,2,gemm_tile,24,3
8192,160,True,2,gemm_tile,25,3
8192,160,True,2,gemm_tile,26,3
8192,160,True,2,gemm_tile,27,3
8192,160,True,2,gemm_tile,28,3
8192,160,True,2,gemm_tile,29,3
8192,160,True,2,gemm_tile,30,3
8192,160,True,2,gemm_tile,31,3
8192,160,True,2,gemm_tile,32,3
8192,160,True,2,gemm_tile,33,3
8192,160,True,2,gemm_tile,34,3
8192,160,True,2,gemm_tile,35,3
8192,160,True,2,gemm_tile,36,3
8192,160,True,2,gemm_tile,37,3
8192,160,True,2,gemm_tile,38,3
8192,160,True,2,gemm_tile,39,3
8192,160,True,2,gemm_tile,40,4
8192,160,True,2,gemm_tile,41,4
8192,160,True,2,gemm_tile,42,4
8192,160,True,2,gemm_tile,43,4
8192,160,True,2,gemm_tile,44,3
8192,160,True,2,gemm_tile,45,4
8192,160,True,2,gemm_tile,46,3
8192,160,True,2,gemm_tile,47,4
8192,160,True,2,gemm_tile,48,3
8192,160,True,2,gemm_tile,49,4
8192,160,True,2,gemm_tile,50,3
8192,160,True,2,gemm_tile,51,3
8192,160,True,2,gemm_tile,52,4
8192,160,True,2,gemm_tile,53,3
8192,160,True,2,gemm_tile,54,3
8192,160,True,2,gemm_tile,55,4
8192,160,True,2,gemm_tile,56,4
8192,160,True,2,gemm_tile,57,3
8192,160,True,2,gemm_tile,58,4
8192,160,True,2,gemm_tile,59,4
8192,160,True,2,gemm_tile,60,4
8192,160,True,2,gemm_tile,61,3
8192,160,True,2,gemm_tile,62,4
8192,160,True,2,gemm_tile,63,4
8192,160,True,2,gemm_tile,64,3
8192,160,True,2,gemm_tile,65,3
8192,160,True,2,gemm_tile,66,3
8192,160,True,2,gemm_tile,67,4
8192,160,True,2,gemm_tile,68,3
8192,160,True,2,gemm_tile,69,4
8192,160,True,2,gemm_tile,70,3
8192,160,True,2,gemm_tile,71,4
8192,160,True,2,gemm_tile,72,4
8192,160,True,2,gemm_tile,73,3
8192,160,True,2,gemm_tile,74,4
8192,160,True,2,gemm_tile,75,4
8192,160,True,2,gemm_tile,76,4
8192,160,True,2,gemm_tile,77,4
8192,160,True,2,gemm_tile,78,4
8192,160,True,2,gemm_tile,79,3
8192,160,True,2,gemm_tile,80,3
8192,160,True,2,gemm_tile,81,3
8192,160,True,2,gemm_tile,82,3
8192,160,True,2,gemm_tile,83,3
8192,160,True,2,gemm_tile,84,3
8192,160,True,2,gemm_tile,85,3
8192,160,True,2,gemm_tile,86,3
8192,160,True,2,gemm_tile,87,3
8192,160,True,2,gemm_tile,88,3
8192,160,True,2,gemm_tile,89,3
8192,160,True,2,gemm_tile,90,3
8192,160,True,2,gemm_tile,91,4
8192,160,True,2,gemm_tile,92,3
8192,160,True,2,gemm_tile,93,4
8192,160,True,2,gemm_tile,94,4
8192,160,True,2,gemm_tile,95,3
8192,160,True,2,gemm_tile,96,3
8192,160,True,2,gemm_tile,97,3
8192,160,True,2,gemm_tile,98,4
8192,160,True,2,gemm_tile,99,3
8192,160,True,2,gemm_tile,100,3
8192,160,True,2,gemm_tile,101,4
8192,160,True,2,gemm_tile,102,3
8192,160,True,2,gemm_tile,103,3
8192,160,True,2,gemm_tile,104,3
8192,160,True,2,gemm_tile,105,3
8192,160,True,2,gemm_tile,106,3
8192,160,True,2,gemm_tile,107,3
8192,160,True,2,gemm_tile,108,3
8192,160,True,2,gemm_tile,109,4
8192,160,True,2,gemm_tile,110,3
8192,160,True,2,gemm_tile,111,4
8192,160,True,2,gemm_tile,112,3
8192,160,True,2,gemm_tile,113,3
8192,160,True,2,gemm_tile,114,3
8192,160,True,2,gemm_tile,115,3
8192,160,True,2,gemm_tile,116,3
8192,160,True,2,gemm_tile,117,3
8192,160,True,2,gemm_tile,118,3
8192,160,True,2,gemm_tile,119,3
8192,160,True,2,gemm_tile,120,3
8192,160,True,2,gemm_tile,121,3
8192,160,True,2,gemm_tile,122,3
8192,160,True,2,gemm_tile,123,3
8192,160,True,2,gemm_tile,124,3
8192,160,True,2,gemm_tile,125,3
8192,160,True,2,gemm_tile,126,3
8192,160,True,2,gemm_tile,127,3
8192,160,True,2,gemm_tile,128,3
8192,160,True,2,gemm_tile,129,3
8192,160,True,2,gemm_tile,130,3
8192,160,True,2,gemm_tile,131,3
8192,160,True,2,gemm_tile,132,3
8192,160,True,2,gemm_tile,133,3
8192,160,True,2,gemm_tile,134,3
8192,160,True,2,gemm_tile,135,3
8192,160,True,2,gemm_tile,136,3
8192,160,True,2,gemm_tile,137,3
8192,160,True,2,gemm_tile,138,3
8192,160,True,2,gemm_tile,139,3
8192,160,True,2,gemm_tile,140,3
8192,160,True,2,gemm_tile,141,3
8192,160,True,2,gemm_tile,142,3
8192,160,True,2,gemm_tile,143,3
8192,160,True,2,gemm_tile,144,3
8192,160,True,2,gemm_tile,145,3
8192,160,True,2,gemm_tile,146,3
8192,160,True,2,gemm_tile,147,3
8192,160,True,2,gemm_tile,148,3
8192,160,True,2,gemm_tile,149,3
8192,160,True,2,gemm_tile,150,3
8192,160,True,2,gemm_tile,151,3
8192,160,True,2,gemm_tile,152,3
8192,160,True,2,gemm_tile,153,3
8192,160,True,2,gemm_tile,154,3
8192,160,True,2,gemm_tile,155,3
8192,160,True,2,gemm_tile,156,3
8192,160,True,2,gemm_tile,157,3
8192,160,True,2,gemm_tile,158,3
8192,160,True,2,gemm_tile,159,3
8192,160,True,3,gqa_decode_mma,0,7
8192,160,True,3,gqa_decode_mma,1,6
8192,160,True,3,gqa_decode_mma,2,8
8192,160,True,3,gqa_decode_mma,3,5
8192,160,True,3,gqa_decode_mma,4,8
8192,160,True,3,gqa_decode_mma,5,5
8192,160,True,3,gqa_decode_mma,6,6
8192,160,True,3,gqa_decode_mma,7,5
8192,160,True,3,gqa_decode_mma,8,8
8192,160,True,3,gqa_decode_mma,9,6
8192,160,True,3,gqa_decode_mma,10,7
8192,160,True,3,gqa_decode_mma,11,6
8192,160,True,3,gqa_decode_mma,12,7
8192,160,True,3,gqa_decode_mma,13,6
8192,160,True,3,gqa_decode_mma,14,6
8192,160,True,3,gqa_decode_mma,15,6
8192,160,True,3,gqa_decode_mma,16,6
8192,160,True,3,gqa_decode_mma,17,7
8192,160,True,3,gqa_decode_mma,18,6
8192,160,True,3,gqa_decode_mma,19,6
8192,160,True,3,gqa_decode_mma,20,6
8192,160,True,3,gqa_decode_mma,21,7
8192,160,True,3,gqa_decode_mma,22,6
8192,160,True,3,gqa_decode_mma,23,6
8192,160,True,3,gqa_decode_mma,24,6
8192,160,True,3,gqa_decode_mma,25,5
8192,160,True,3,gqa_decode_mma,26,7
8192,160,True,3,gqa_decode_mma,27,7
8192,160,True,3,gqa_decode_mma,28,7
8192,160,True,3,gqa_decode_mma,29,6
8192,160,True,3,gqa_decode_mma,30,5
8192,160,True,3,gqa_decode_mma,31,4
8192,160,True,3,gqa_decode_mma,32,7
8192,160,True,3,gqa_decode_mma,33,5
8192,160,True,3,gqa_decode_mma,34,7
8192,160,True,3,gqa_decode_mma,35,6
8192,160,True,3,gqa_decode_mma,36,6
8192,160,True,3,gqa_decode_mma,37,7
8192,160,True,3,gqa_decode_mma,38,5
8192,160,True,3,gqa_decode_mma,39,7
8192,160,True,3,gqa_decode_mma,40,6
8192,160,True,3,gqa_decode_mma,41,6
8192,160,True,3,gqa_decode_mma,42,8
8192,160,True,3,gqa_decode_mma,43,6
8192,160,True,3,gqa_decode_mma,44,7
8192,160,True,3,gqa_decode_mma,45,6
8192,160,True,3,gqa_decode_mma,46,8
8192,160,True,3,gqa_decode_mma,47,7
8192,160,True,3,gqa_decode_mma,48,8
8192,160,True,3,gqa_decode_mma,49,7
8192,160,True,3,gqa_decode_mma,50,8
8192,160,True,3,gqa_decode_mma,51,6
8192,160,True,3,gqa_decode_mma,52,8
8192,160,True,3,gqa_decode_mma,53,5
8192,160,True,3,gqa_decode_mma,54,8
8192,160,True,3,gqa_decode_mma,55,8
8192,160,True,3,gqa_decode_mma,56,6
8192,160,True,3,gqa_decode_mma,57,7
8192,160,True,3,gqa_decode_mma,58,7
8192,160,True,3,gqa_decode_mma,59,5
8192,160,True,3,gqa_decode_mma,60,5
8192,160,True,3,gqa_decode_mma,61,6
8192,160,True,3,gqa_decode_mma,62,7
8192,160,True,3,gqa_decode_mma,63,6
8192,160,True,3,gqa_decode_mma,64,7
8192,160,True,3,gqa_decode_mma,65,6
8192,160,True,3,gqa_decode_mma,66,6
8192,160,True,3,gqa_decode_mma,67,7
8192,160,True,3,gqa_decode_mma,68,6
8192,160,True,3,gqa_decode_mma,69,6
8192,160,True,3,gqa_decode_mma,70,8
8192,160,True,3,gqa_decode_mma,71,5
8192,160,True,3,gqa_decode_mma,72,8
8192,160,True,3,gqa_decode_mma,73,5
8192,160,True,3,gqa_decode_mma,74,5
8192,160,True,3,gqa_decode_mma,75,7
8192,160,True,3,gqa_decode_mma,76,6
8192,160,True,3,gqa_decode_mma,77,6
8192,160,True,3,gqa_decode_mma,78,7
8192,160,True,3,gqa_decode_mma,79,6
8192,160,True,3,gqa_decode_mma,80,8
8192,160,True,3,gqa_decode_mma,81,6
8192,160,True,3,gqa_decode_mma,82,6
8192,160,True,3,gqa_decode_mma,83,7
8192,160,True,3,gqa_decode_mma,84,7
8192,160,True,3,gqa_decode_mma,85,6
8192,160,True,3,gqa_decode_mma,86,8
8192,160,True,3,gqa_decode_mma,87,6
8192,160,True,3,gqa_decode_mma,88,7
8192,160,True,3,gqa_decode_mma,89,7
8192,160,True,3,gqa_decode_mma,90,8
8192,160,True,3,gqa_decode_mma,91,7
8192,160,True,3,gqa_decode_mma,92,6
8192,160,True,3,gqa_decode_mma,93,6
8192,160,True,3,gqa_decode_mma,94,7
8192,160,True,3,gqa_decode_mma,95,6
8192,160,True,3,gqa_decode_mma,96,8
8192,160,True,3,gqa_decode_mma,97,5
8192,160,True,3,gqa_decode_mma,98,6
8192,160,True,3,gqa_decode_mma,99,6
8192,160,True,3,gqa_decode_mma,100,7
8192,160,True,3,gqa_decode_mma,101,6
8192,160,True,3,gqa_decode_mma,102,7
8192,160,True,3,gqa_decode_mma,103,7
8192,160,True,3,gqa_decode_mma,104,7
8192,160,True,3,gqa_decode_mma,105,7
8192,160,True,3,gqa_decode_mma,106,7
8192,160,True,3,gqa_decode_mma,107,5
8192,160,True,3,gqa_decode_mma,108,7
8192,160,True,3,gqa_decode_mma,109,6
8192,160,True,3,gqa_decode_mma,110,8
8192,160,True,3,gqa_decode_mma,111,7
8192,160,True,3,gqa_decode_mma,112,8
8192,160,True,3,gqa_decode_mma,113,7
8192,160,True,3,gqa_decode_mma,114,8
8192,160,True,3,gqa_decode_mma,115,6
8192,160,True,3,gqa_decode_mma,116,7
8192,160,True,3,gqa_decode_mma,117,7
8192,160,True,3,gqa_decode_mma,118,6
8192,160,True,3,gqa_decode_mma,119,5
8192,160,True,3,gqa_decode_mma,120,6
8192,160,True,3,gqa_decode_mma,121,5
8192,160,True,3,gqa_decode_mma,122,6
8192,160,True,3,gqa_decode_mma,123,6
8192,160,True,3,gqa_decode_mma,124,6
8192,160,True,3,gqa_decode_mma,125,6
8192,160,True,3,gqa_decode_mma,126,8
8192,160,True,3,gqa_decode_mma,127,6
8192,160,True,3,gqa_decode_mma,128,6
8192,160,True,3,gqa_decode_mma,129,6
8192,160,True,3,gqa_decode_mma,130,7
8192,160,True,3,gqa_decode_mma,131,7
8192,160,True,3,gqa_decode_mma,132,7
8192,160,True,3,gqa_decode_mma,133,6
8192,160,True,3,gqa_decode_mma,134,6
8192,160,True,3,gqa_decode_mma,135,5
8192,160,True,3,gqa_decode_mma,136,6
8192,160,True,3,gqa_decode_mma,137,5
8192,160,True,3,gqa_decode_mma,138,6
8192,160,True,3,gqa_decode_mma,139,7
8192,160,True,3,gqa_decode_mma,140,7
8192,160,True,3,gqa_decode_mma,141,5
8192,160,True,3,gqa_decode_mma,142,7
8192,160,True,3,gqa_decode_mma,143,6
8192,160,True,3,gqa_decode_mma,144,6
8192,160,True,3,gqa_decode_mma,145,7
8192,160,True,3,gqa_decode_mma,146,7
8192,160,True,3,gqa_decode_mma,147,7
8192,160,True,3,gqa_decode_mma,148,7
8192,160,True,3,gqa_decode_mma,149,7
8192,160,True,3,gqa_decode_mma,150,7
8192,160,True,3,gqa_decode_mma,151,5
8192,160,True,3,gqa_decode_mma,152,5
8192,160,True,3,gqa_decode_mma,153,7
8192,160,True,3,gqa_decode_mma,154,7
8192,160,True,3,gqa_decode_mma,155,6
8192,160,True,3,gqa_decode_mma,156,7
8192,160,True,3,gqa_decode_mma,157,6
8192,160,True,3,gqa_decode_mma,158,6
8192,160,True,3,gqa_decode_mma,159,4
8192,160,True,4,gemm_tile,0,1
8192,160,True,4,gemm_tile,1,3
8192,160,True,4,gemm_tile,2,1
8192,160,True,4,gemm_tile,3,4
8192,160,True,4,gemm_tile,4,0
8192,160,True,4,gemm_tile,5,4
8192,160,True,4,gemm_tile,6,3
8192,160,True,4,gemm_tile,7,4
8192,160,True,4,gemm_tile,8,1
8192,160,True,4,gemm_tile,9,3
8192,160,True,4,gemm_tile,10,2
8192,160,True,4,gemm_tile,11,3
8192,160,True,4,gemm_tile,12,2
8192,160,True,4,gemm_tile,13,3
8192,160,True,4,gemm_tile,14,3
8192,160,True,4,gemm_tile,15,3
8192,160,True,4,gemm_tile,16,3
8192,160,True,4,gemm_tile,17,2
8192,160,True,4,gemm_tile,18,3
8192,160,True,4,gemm_tile,19,3
8192,160,True,4,gemm_tile,20,3
8192,160,True,4,gemm_tile,21,1
8192,160,True,4,gemm_tile,22,3
8192,160,True,4,gemm_tile,23,3
8192,160,True,4,gemm_tile,24,2
8192,160,True,4,gemm_tile,25,4
8192,160,True,4,gemm_tile,26,1
8192,160,True,4,gemm_tile,27,2
8192,160,True,4,gemm_tile,28,2
8192,160,True,4,gemm_tile,29,3
8192,160,True,4,gemm_tile,30,4
8192,160,True,4,gemm_tile,31,6
8192,160,True,4,gemm_tile,32,1
8192,160,True,4,gemm_tile,33,4
8192,160,True,4,gemm_tile,34,1
8192,160,True,4,gemm_tile,35,3
8192,160,True,4,gemm_tile,36,3
8192,160,True,4,gemm_tile,37,2
8192,160,True,4,gemm_tile,38,4
8192,160,True,4,gemm_tile,39,2
8192,160,True,4,gemm_tile,40,3
8192,160,True,4,gemm_tile,41,3
8192,160,True,4,gemm_tile,42,1
8192,160,True,4,gemm_tile,43,3
8192,160,True,4,gemm_tile,44,2
8192,160,True,4,gemm_tile,45,4
8192,160,True,4,gemm_tile,46,0
8192,160,True,4,gemm_tile,47,2
8192,160,True,4,gemm_tile,48,1
8192,160,True,4,gemm_tile,49,1
8192,160,True,4,gemm_tile,50,1
8192,160,True,4,gemm_tile,51,3
8192,160,True,4,gemm_tile,52,1
8192,160,True,4,gemm_tile,53,5
8192,160,True,4,gemm_tile,54,0
8192,160,True,4,gemm_tile,55,1
8192,160,True,4,gemm_tile,56,4
8192,160,True,4,gemm_tile,57,2
8192,160,True,4,gemm_tile,58,2
8192,160,True,4,gemm_tile,59,5
8192,160,True,4,gemm_tile,60,4
8192,160,True,4,gemm_tile,61,3
8192,160,True,4,gemm_tile,62,2
8192,160,True,4,gemm_tile,63,4
8192,160,True,4,gemm_tile,64,1
8192,160,True,4,gemm_tile,65,4
8192,160,True,4,gemm_tile,66,3
8192,160,True,4,gemm_tile,67,2
8192,160,True,4,gemm_tile,68,3
8192,160,True,4,gemm_tile,69,3
8192,160,True,4,gemm_tile,70,1
8192,160,True,4,gemm_tile,71,4
8192,160,True,4,gemm_tile,72,0
8192,160,True,4,gemm_tile,73,5
8192,160,True,4,gemm_tile,74,4
8192,160,True,4,gemm_tile,75,2
8192,160,True,4,gemm_tile,76,3
8192,160,True,4,gemm_tile,77,3
8192,160,True,4,gemm_tile,78,2
8192,160,True,4,gemm_tile,79,3
8192,160,True,4,gemm_tile,80,0
8192,160,True,4,gemm_tile,81,3
8192,160,True,4,gemm_tile,82,3
8192,160,True,4,gemm_tile,83,2
8192,160,True,4,gemm_tile,84,2
8192,160,True,4,gemm_tile,85,3
8192,160,True,4,gemm_tile,86,1
8192,160,True,4,gemm_tile,87,3
8192,160,True,4,gemm_tile,88,2
8192,160,True,4,gemm_tile,89,2
8192,160,True,4,gemm_tile,90,0
8192,160,True,4,gemm_tile,91,2
8192,160,True,4,gemm_tile,92,3
8192,160,True,4,gemm_tile,93,3
8192,160,True,4,gemm_tile,94,2
8192,160,True,4,gemm_tile,95,3
8192,160,True,4,gemm_tile,96,0
8192,160,True,4,gemm_tile,97,4
8192,160,True,4,gemm_tile,98,3
8192,160,True,4,gemm_tile,99,3
8192,160,True,4,gemm_tile,100,2
8192,160,True,4,gemm_tile,101,3
8192,160,True,4,gemm_tile,102,1
8192,160,True,4,gemm_tile,103,2
8192,160,True,4,gemm_tile,104,2
8192,160,True,4,gemm_tile,105,2
8192,160,True,4,gemm_tile,106,1
8192,160,True,4,gemm_tile,107,4
8192,160,True,4,gemm_tile,108,1
8192,160,True,4,gemm_tile,109,4
8192,160,True,4,gemm_tile,110,0
8192,160,True,4,gemm_tile,111,1
8192,160,True,4,gemm_tile,112,1
8192,160,True,4,gemm_tile,113,2
8192,160,True,4,gemm_tile,114,0
8192,160,True,4,gemm_tile,115,3
8192,160,True,4,gemm_tile,116,2
8192,160,True,4,gemm_tile,117,2
8192,160,True,4,gemm_tile,118,3
8192,160,True,4,gemm_tile,119,4
8192,160,True,4,gemm_tile,120,2
8192,160,True,4,gemm_tile,121,4
8192,160,True,4,gemm_tile,122,3
8192,160,True,4,gemm_tile,123,3
8192,160,True,4,gemm_tile,124,3
8192,160,True,4,gemm_tile,125,3
8192,160,True,4,gemm_tile,126,0
8192,160,True,4,gemm_tile,127,3
8192,160,True,4,gemm_tile,128,2
8192,160,True,4,gemm_tile,129,3
8192,160,True,4,gemm_tile,130,1
8192,160,True,4,gemm_tile,131,1
8192,160,True,4,gemm_tile,132,1
8192,160,True,4,gemm_tile,133,3
8192,160,True,4,gemm_tile,134,3
8192,160,True,4,gemm_tile,135,4
8192,160,True,4,gemm_tile,136,2
8192,160,True,4,gemm_tile,137,4
8192,160,True,4,gemm_tile,138,3
8192,160,True,4,gemm_tile,139,2
8192,160,True,4,gemm_tile,140,1
8192,160,True,4,gemm_tile,141,4
8192,160,True,4,gemm_tile,142,1
8192,160,True,4,gemm_tile,143,3
8192,160,True,4,gemm_tile,144,3
8192,160,True,4,gemm_tile,145,1
8192,160,True,4,gemm_tile,146,2
8192,160,True,4,gemm_tile,147,2
8192,160,True,4,gemm_tile,148,1
8192,160,True,4,gemm_tile,149,2
8192,160,True,4,gemm_tile,150,1
8192,160,True,4,gemm_tile,151,4
8192,160,True,4,gemm_tile,152,4
8192,160,True,4,gemm_tile,153,1
8192,160,True,4,gemm_tile,154,1
8192,160,True,4,gemm_tile,155,3
8192,160,True,4,gemm_tile,156,1
8192,160,True,4,gemm_tile,157,3
8192,160,True,4,gemm_tile,158,2
8192,160,True,4,gemm_tile,159,5
8192,160,True,5,gqa_merge,0,1
8192,160,True,5,gqa_merge,1,1
8192,160,True,5,gqa_merge,2,1
8192,160,True,5,gqa_merge,3,1
8192,160,True,5,gqa_merge,4,1
8192,160,True,5,gqa_merge,5,1
8192,160,True,5,gqa_merge,6,1
8192,160,True,5,gqa_merge,7,1
8192,160,True,5,gqa_merge,8,1
8192,160,True,5,gqa_merge,9,1
8192,160,True,5,gqa_merge,10,1
8192,160,True,5,gqa_merge,11,1
8192,160,True,5,gqa_merge,12,1
8192,160,True,5,gqa_merge,13,1
8192,160,True,5,gqa_merge,14,1
8192,160,True,5,gqa_merge,15,1
8192,160,True,5,gqa_merge,16,1
8192,160,True,5,gqa_merge,17,1
8192,160,True,5,gqa_merge,18,1
8192,160,True,5,gqa_merge,19,1
8192,160,True,5,gqa_merge,20,1
8192,160,True,5,gqa_merge,21,1
8192,160,True,5,gqa_merge,22,1
8192,160,True,5,gqa_merge,23,1
8192,160,True,5,gqa_merge,24,1
8192,160,True,5,gqa_merge,25,1
8192,160,True,5,gqa_merge,26,1
8192,160,True,5,gqa_merge,27,1
8192,160,True,5,gqa_merge,28,1
8192,160,True,5,gqa_merge,29,1
8192,160,True,5,gqa_merge,30,1
8192,160,True,5,gqa_merge,31,1
8192,160,True,5,gqa_merge,32,1
8192,160,True,5,gqa_merge,33,1
8192,160,True,5,gqa_merge,34,1
8192,160,True,5,gqa_merge,35,1
8192,160,True,5,gqa_merge,36,1
8192,160,True,5,gqa_merge,37,1
8192,160,True,5,gqa_merge,38,1
8192,160,True,5,gqa_merge,39,1
8192,160,True,5,gqa_merge,40,1
8192,160,True,5,gqa_merge,41,1
8192,160,True,5,gqa_merge,42,1
8192,160,True,5,gqa_merge,43,1
8192,160,True,5,gqa_merge,44,1
8192,160,True,5,gqa_merge,45,1
8192,160,True,5,gqa_merge,46,1
8192,160,True,5,gqa_merge,47,1
8192,160,True,5,gqa_merge,48,1
8192,160,True,5,gqa_merge,49,1
8192,160,True,5,gqa_merge,50,1
8192,160,True,5,gqa_merge,51,1
8192,160,True,5,gqa_merge,52,1
8192,160,True,5,gqa_merge,53,1
8192,160,True,5,gqa_merge,54,1
8192,160,True,5,gqa_merge,55,1
8192,160,True,5,gqa_merge,56,1
8192,160,True,5,gqa_merge,57,1
8192,160,True,5,gqa_merge,58,1
8192,160,True,5,gqa_merge,59,1
8192,160,True,5,gqa_merge,60,1
8192,160,True,5,gqa_merge,61,1
8192,160,True,5,gqa_merge,62,1
8192,160,True,5,gqa_merge,63,1
8192,160,True,5,gqa_merge,64,1
8192,160,True,5,gqa_merge,65,1
8192,160,True,5,gqa_merge,66,1
8192,160,True,5,gqa_merge,67,1
8192,160,True,5,gqa_merge,68,1
8192,160,True,5,gqa_merge,69,1
8192,160,True,5,gqa_merge,70,1
8192,160,True,5,gqa_merge,71,1
8192,160,True,5,gqa_merge,72,1
8192,160,True,5,gqa_merge,73,1
8192,160,True,5,gqa_merge,74,1
8192,160,True,5,gqa_merge,75,1
8192,160,True,5,gqa_merge,76,1
8192,160,True,5,gqa_merge,77,1
8192,160,True,5,gqa_merge,78,1
8192,160,True,5,gqa_merge,79,1
8192,160,True,5,gqa_merge,80,1
8192,160,True,5,gqa_merge,81,1
8192,160,True,5,gqa_merge,82,1
8192,160,True,5,gqa_merge,83,1
8192,160,True,5,gqa_merge,84,1
8192,160,True,5,gqa_merge,85,1
8192,160,True,5,gqa_merge,86,1
8192,160,True,5,gqa_merge,87,1
8192,160,True,5,gqa_merge,88,1
8192,160,True,5,gqa_merge,89,1
8192,160,True,5,gqa_merge,90,1
8192,160,True,5,gqa_merge,91,1
8192,160,True,5,gqa_merge,92,1
8192,160,True,5,gqa_merge,93,1
8192,160,True,5,gqa_merge,94,1
8192,160,True,5,gqa_merge,95,1
8192,160,True,5,gqa_merge,96,0
8192,160,True,5,gqa_merge,97,0
8192,160,True,5,gqa_merge,98,0
8192,160,True,5,gqa_merge,99,0
8192,160,True,5,gqa_merge,100,0
8192,160,True,5,gqa_merge,101,0
8192,160,True,5,gqa_merge,102,0
8192,160,True,5,gqa_merge,103,0
8192,160,True,5,gqa_merge,104,0
8192,160,True,5,gqa_merge,105,0
8192,160,True,5,gqa_merge,106,0
8192,160,True,5,gqa_merge,107,0
8192,160,True,5,gqa_merge,108,0
8192,160,True,5,gqa_merge,109,0
8192,160,True,5,gqa_merge,110,0
8192,160,True,5,gqa_merge,111,0
8192,160,True,5,gqa_merge,112,0
8192,160,True,5,gqa_merge,113,0
8192,160,True,5,gqa_merge,114,0
8192,160,True,5,gqa_merge,115,0
8192,160,True,5,gqa_merge,116,0
8192,160,True,5,gqa_merge,117,0
8192,160,True,5,gqa_merge,118,0
8192,160,True,5,gqa_merge,119,0
8192,160,True,5,gqa_merge,120,0
8192,160,True,5,gqa_merge,121,0
8192,160,True,5,gqa_merge,122,0
8192,160,True,5,gqa_merge,123,0
8192,160,True,5,gqa_merge,124,0
8192,160,True,5,gqa_merge,125,0
8192,160,True,5,gqa_merge,126,0
8192,160,True,5,gqa_merge,127,0
8192,160,True,5,gqa_merge,128,0
8192,160,True,5,gqa_merge,129,0
8192,160,True,5,gqa_merge,130,0
8192,160,True,5,gqa_merge,131,0
8192,160,True,5,gqa_merge,132,0
8192,160,True,5,gqa_merge,133,0
8192,160,True,5,gqa_merge,134,0
8192,160,True,5,gqa_merge,135,0
8192,160,True,5,gqa_merge,136,0
8192,160,True,5,gqa_merge,137,0
8192,160,True,5,gqa_merge,138,0
8192,160,True,5,gqa_merge,139,0
8192,160,True,5,gqa_merge,140,0
8192,160,True,5,gqa_merge,141,0
8192,160,True,5,gqa_merge,142,0
8192,160,True,5,gqa_merge,143,0
8192,160,True,5,gqa_merge,144,0
8192,160,True,5,gqa_merge,145,0
8192,160,True,5,gqa_merge,146,0
8192,160,True,5,gqa_merge,147,0
8192,160,True,5,gqa_merge,148,0
8192,160,True,5,gqa_merge,149,0
8192,160,True,5,gqa_merge,150,0
8192,160,True,5,gqa_merge,151,0
8192,160,True,5,gqa_merge,152,0
8192,160,True,5,gqa_merge,153,0
8192,160,True,5,gqa_merge,154,0
8192,160,True,5,gqa_merge,155,0
8192,160,True,5,gqa_merge,156,0
8192,160,True,5,gqa_merge,157,0
8192,160,True,5,gqa_merge,158,0
8192,160,True,5,gqa_merge,159,0
8192,160,True,6,gemm_tile,0,2
8192,160,True,6,gemm_tile,1,2
8192,160,True,6,gemm_tile,2,2
8192,160,True,6,gemm_tile,3,2
8192,160,True,6,gemm_tile,4,2
8192,160,True,6,gemm_tile,5,2
8192,160,True,6,gemm_tile,6,2
8192,160,True,6,gemm_tile,7,2
8192,160,True,6,gemm_tile,8,2
8192,160,True,6,gemm_tile,9,2
8192,160,True,6,gemm_tile,10,2
8192,160,True,6,gemm_tile,11,2
8192,160,True,6,gemm_tile,12,2
8192,160,True,6,gemm_tile,13,2
8192,160,True,6,gemm_tile,14,2
8192,160,True,6,gemm_tile,15,2
8192,160,True,6,gemm_tile,16,2
8192,160,True,6,gemm_tile,17,2
8192,160,True,6,gemm_tile,18,2
8192,160,True,6,gemm_tile,19,2
8192,160,True,6,gemm_tile,20,2
8192,160,True,6,gemm_tile,21,2
8192,160,True,6,gemm_tile,22,2
8192,160,True,6,gemm_tile,23,2
8192,160,True,6,gemm_tile,24,2
8192,160,True,6,gemm_tile,25,2
8192,160,True,6,gemm_tile,26,2
8192,160,True,6,gemm_tile,27,2
8192,160,True,6,gemm_tile,28,2
8192,160,True,6,gemm_tile,29,2
8192,160,True,6,gemm_tile,30,2
8192,160,True,6,gemm_tile,31,2
8192,160,True,6,gemm_tile,32,2
8192,160,True,6,gemm_tile,33,2
8192,160,True,6,gemm_tile,34,2
8192,160,True,6,gemm_tile,35,2
8192,160,True,6,gemm_tile,36,2
8192,160,True,6,gemm_tile,37,2
8192,160,True,6,gemm_tile,38,2
8192,160,True,6,gemm_tile,39,2
8192,160,True,6,gemm_tile,40,2
8192,160,True,6,gemm_tile,41,2
8192,160,True,6,gemm_tile,42,2
8192,160,True,6,gemm_tile,43,2
8192,160,True,6,gemm_tile,44,2
8192,160,True,6,gemm_tile,45,2
8192,160,True,6,gemm_tile,46,2
8192,160,True,6,gemm_tile,47,2
8192,160,True,6,gemm_tile,48,2
8192,160,True,6,gemm_tile,49,2
8192,160,True,6,gemm_tile,50,2
8192,160,True,6,gemm_tile,51,2
8192,160,True,6,gemm_tile,52,2
8192,160,True,6,gemm_tile,53,2
8192,160,True,6,gemm_tile,54,2
8192,160,True,6,gemm_tile,55,2
8192,160,True,6,gemm_tile,56,2
8192,160,True,6,gemm_tile,57,2
8192,160,True,6,gemm_tile,58,2
8192,160,True,6,gemm_tile,59,2
8192,160,True,6,gemm_tile,60,2
8192,160,True,6,gemm_tile,61,2
8192,160,True,6,gemm_tile,62,2
8192,160,True,6,gemm_tile,63,2
8192,160,True,6,gemm_tile,64,2
8192,160,True,6,gemm_tile,65,2
8192,160,True,6,gemm_tile,66,2
8192,160,True,6,gemm_tile,67,2
8192,160,True,6,gemm_tile,68,2
8192,160,True,6,gemm_tile,69,2
8192,160,True,6,gemm_tile,70,2
8192,160,True,6,gemm_tile,71,2
8192,160,True,6,gemm_tile,72,2
8192,160,True,6,gemm_tile,73,2
8192,160,True,6,gemm_tile,74,2
8192,160,True,6,gemm_tile,75,2
8192,160,True,6,gemm_tile,76,2
8192,160,True,6,gemm_tile,77,2
8192,160,True,6,gemm_tile,78,2
8192,160,True,6,gemm_tile,79,2
8192,160,True,6,gemm_tile,80,2
8192,160,True,6,gemm_tile,81,2
8192,160,True,6,gemm_tile,82,2
8192,160,True,6,gemm_tile,83,2
8192,160,True,6,gemm_tile,84,2
8192,160,True,6,gemm_tile,85,2
8192,160,True,6,gemm_tile,86,2
8192,160,True,6,gemm_tile,87,2
8192,160,True,6,gemm_tile,88,2
8192,160,True,6,gemm_tile,89,2
8192,160,True,6,gemm_tile,90,2
8192,160,True,6,gemm_tile,91,2
8192,160,True,6,gemm_tile,92,2
8192,160,True,6,gemm_tile,93,2
8192,160,True,6,gemm_tile,94,2
8192,160,True,6,gemm_tile,95,2
8192,160,True,6,gemm_tile,96,2
8192,160,True,6,gemm_tile,97,2
8192,160,True,6,gemm_tile,98,2
8192,160,True,6,gemm_tile,99,2
8192,160,True,6,gemm_tile,100,2
8192,160,True,6,gemm_tile,101,2
8192,160,True,6,gemm_tile,102,2
8192,160,True,6,gemm_tile,103,2
8192,160,True,6,gemm_tile,104,2
8192,160,True,6,gemm_tile,105,2
8192,160,True,6,gemm_tile,106,2
8192,160,True,6,gemm_tile,107,2
8192,160,True,6,gemm_tile,108,2
8192,160,True,6,gemm_tile,109,2
8192,160,True,6,gemm_tile,110,2
8192,160,True,6,gemm_tile,111,2
8192,160,True,6,gemm_tile,112,2
8192,160,True,6,gemm_tile,113,2
8192,160,True,6,gemm_tile,114,2
8192,160,True,6,gemm_tile,115,2
8192,160,True,6,gemm_tile,116,2
8192,160,True,6,gemm_tile,117,2
8192,160,True,6,gemm_tile,118,2
8192,160,True,6,gemm_tile,119,2
8192,160,True,6,gemm_tile,120,2
8192,160,True,6,gemm_tile,121,2
8192,160,True,6,gemm_tile,122,2
8192,160,True,6,gemm_tile,123,2
8192,160,True,6,gemm_tile,124,2
8192,160,True,6,gemm_tile,125,2
8192,160,True,6,gemm_tile,126,2
8192,160,True,6,gemm_tile,127,2
8192,160,True,6,gemm_tile,128,2
8192,160,True,6,gemm_tile,129,2
8192,160,True,6,gemm_tile,130,2
8192,160,True,6,gemm_tile,131,2
8192,160,True,6,gemm_tile,132,2
8192,160,True,6,gemm_tile,133,2
8192,160,True,6,gemm_tile,134,2
8192,160,True,6,gemm_tile,135,2
8192,160,True,6,gemm_tile,136,2
8192,160,True,6,gemm_tile,137,2
8192,160,True,6,gemm_tile,138,2
8192,160,True,6,gemm_tile,139,2
8192,160,True,6,gemm_tile,140,2
8192,160,True,6,gemm_tile,141,2
8192,160,True,6,gemm_tile,142,2
8192,160,True,6,gemm_tile,143,2
8192,160,True,6,gemm_tile,144,2
8192,160,True,6,gemm_tile,145,2
8192,160,True,6,gemm_tile,146,2
8192,160,True,6,gemm_tile,147,2
8192,160,True,6,gemm_tile,148,2
8192,160,True,6,gemm_tile,149,2
8192,160,True,6,gemm_tile,150,2
8192,160,True,6,gemm_tile,151,2
8192,160,True,6,gemm_tile,152,2
8192,160,True,6,gemm_tile,153,2
8192,160,True,6,gemm_tile,154,2
8192,160,True,6,gemm_tile,155,2
8192,160,True,6,gemm_tile,156,2
8192,160,True,6,gemm_tile,157,2
8192,160,True,6,gemm_tile,158,2
8192,160,True,6,gemm_tile,159,2
16384,160,True,0,rmsnorm_stat,0,0
16384,160,True,0,rmsnorm_stat,1,0
16384,160,True,0,rmsnorm_stat,2,0
16384,160,True,0,rmsnorm_stat,3,0
16384,160,True,0,rmsnorm_stat,4,0
16384,160,True,0,rmsnorm_stat,5,0
16384,160,True,0,rmsnorm_stat,6,0
16384,160,True,0,rmsnorm_stat,7,0
16384,160,True,0,rmsnorm_stat,8,0
16384,160,True,0,rmsnorm_stat,9,0
16384,160,True,0,rmsnorm_stat,10,0
16384,160,True,0,rmsnorm_stat,11,0
16384,160,True,0,rmsnorm_stat,12,0
16384,160,True,0,rmsnorm_stat,13,0
16384,160,True,0,rmsnorm_stat,14,0
16384,160,True,0,rmsnorm_stat,15,0
16384,160,True,0,rmsnorm_stat,16,0
16384,160,True,0,rmsnorm_stat,17,0
16384,160,True,0,rmsnorm_stat,18,0
16384,160,True,0,rmsnorm_stat,19,0
16384,160,True,0,rmsnorm_stat,20,0
16384,160,True,0,rmsnorm_stat,21,0
16384,160,True,0,rmsnorm_stat,22,0
16384,160,True,0,rmsnorm_stat,23,0
16384,160,True,0,rmsnorm_stat,24,0
16384,160,True,0,rmsnorm_stat,25,0
16384,160,True,0,rmsnorm_stat,26,0
16384,160,True,0,rmsnorm_stat,27,0
16384,160,True,0,rmsnorm_stat,28,0
16384,160,True,0,rmsnorm_stat,29,0
16384,160,True,0,rmsnorm_stat,30,0
16384,160,True,0,rmsnorm_stat,31,0
16384,160,True,0,rmsnorm_stat,32,0
16384,160,True,0,rmsnorm_stat,33,0
16384,160,True,0,rmsnorm_stat,34,0
16384,160,True,0,rmsnorm_stat,35,0
16384,160,True,0,rmsnorm_stat,36,0
16384,160,True,0,rmsnorm_stat,37,0
16384,160,True,0,rmsnorm_stat,38,0
16384,160,True,0,rmsnorm_stat,39,0
16384,160,True,0,rmsnorm_stat,40,0
16384,160,True,0,rmsnorm_stat,41,0
16384,160,True,0,rmsnorm_stat,42,0
16384,160,True,0,rmsnorm_stat,43,0
16384,160,True,0,rmsnorm_stat,44,0
16384,160,True,0,rmsnorm_stat,45,0
16384,160,True,0,rmsnorm_stat,46,0
16384,160,True,0,rmsnorm_stat,47,0
16384,160,True,0,rmsnorm_stat,48,0
16384,160,True,0,rmsnorm_stat,49,0
16384,160,True,0,rmsnorm_stat,50,0
16384,160,True,0,rmsnorm_stat,51,0
16384,160,True,0,rmsnorm_stat,52,0
16384,160,True,0,rmsnorm_stat,53,0
16384,160,True,0,rmsnorm_stat,54,0
16384,160,True,0,rmsnorm_stat,55,0
16384,160,True,0,rmsnorm_stat,56,0
16384,160,True,0,rmsnorm_stat,57,0
16384,160,True,0,rmsnorm_stat,58,0
16384,160,True,0,rmsnorm_stat,59,0
16384,160,True,0,rmsnorm_stat,60,0
16384,160,True,0,rmsnorm_stat,61,0
16384,160,True,0,rmsnorm_stat,62,0
16384,160,True,0,rmsnorm_stat,63,0
16384,160,True,0,rmsnorm_stat,64,0
16384,160,True,0,rmsnorm_stat,65,0
16384,160,True,0,rmsnorm_stat,66,0
16384,160,True,0,rmsnorm_stat,67,0
16384,160,True,0,rmsnorm_stat,68,0
16384,160,True,0,rmsnorm_stat,69,0
16384,160,True,0,rmsnorm_stat,70,0
16384,160,True,0,rmsnorm_stat,71,0
16384,160,True,0,rmsnorm_stat,72,0
16384,160,True,0,rmsnorm_stat,73,0
16384,160,True,0,rmsnorm_stat,74,0
16384,160,True,0,rmsnorm_stat,75,0
16384,160,True,0,rmsnorm_stat,76,0
16384,160,True,0,rmsnorm_stat,77,0
16384,160,True,0,rmsnorm_stat,78,0
16384,160,True,0,rmsnorm_stat,79,0
16384,160,True,0,rmsnorm_stat,80,0
16384,160,True,0,rmsnorm_stat,81,0
16384,160,True,0,rmsnorm_stat,82,0
16384,160,True,0,rmsnorm_stat,83,0
16384,160,True,0,rmsnorm_stat,84,0
16384,160,True,0,rmsnorm_stat,85,0
16384,160,True,0,rmsnorm_stat,86,0
16384,160,True,0,rmsnorm_stat,87,0
16384,160,True,0,rmsnorm_stat,88,0
16384,160,True,0,rmsnorm_stat,89,0
16384,160,True,0,rmsnorm_stat,90,0
16384,160,True,0,rmsnorm_stat,91,0
16384,160,True,0,rmsnorm_stat,92,0
16384,160,True,0,rmsnorm_stat,93,0
16384,160,True,0,rmsnorm_stat,94,0
16384,160,True,0,rmsnorm_stat,95,0
16384,160,True,0,rmsnorm_stat,96,0
16384,160,True,0,rmsnorm_stat,97,0
16384,160,True,0,rmsnorm_stat,98,0
16384,160,True,0,rmsnorm_stat,99,0
16384,160,True,0,rmsnorm_stat,100,0
16384,160,True,0,rmsnorm_stat,101,0
16384,160,True,0,rmsnorm_stat,102,0
16384,160,True,0,rmsnorm_stat,103,0
16384,160,True,0,rmsnorm_stat,104,0
16384,160,True,0,rmsnorm_stat,105,0
16384,160,True,0,rmsnorm_stat,106,0
16384,160,True,0,rmsnorm_stat,107,0
16384,160,True,0,rmsnorm_stat,108,0
16384,160,True,0,rmsnorm_stat,109,0
16384,160,True,0,rmsnorm_stat,110,0
16384,160,True,0,rmsnorm_stat,111,0
16384,160,True,0,rmsnorm_stat,112,0
16384,160,True,0,rmsnorm_stat,113,0
16384,160,True,0,rmsnorm_stat,114,0
16384,160,True,0,rmsnorm_stat,115,0
16384,160,True,0,rmsnorm_stat,116,0
16384,160,True,0,rmsnorm_stat,117,0
16384,160,True,0,rmsnorm_stat,118,0
16384,160,True,0,rmsnorm_stat,119,0
16384,160,True,0,rmsnorm_stat,120,0
16384,160,True,0,rmsnorm_stat,121,0
16384,160,True,0,rmsnorm_stat,122,0
16384,160,True,0,rmsnorm_stat,123,0
16384,160,True,0,rmsnorm_stat,124,0
16384,160,True,0,rmsnorm_stat,125,0
16384,160,True,0,rmsnorm_stat,126,0
16384,160,True,0,rmsnorm_stat,127,0
16384,160,True,0,rmsnorm_stat,128,0
16384,160,True,0,rmsnorm_stat,129,0
16384,160,True,0,rmsnorm_stat,130,0
16384,160,True,0,rmsnorm_stat,131,0
16384,160,True,0,rmsnorm_stat,132,0
16384,160,True,0,rmsnorm_stat,133,0
16384,160,True,0,rmsnorm_stat,134,0
16384,160,True,0,rmsnorm_stat,135,0
16384,160,True,0,rmsnorm_stat,136,0
16384,160,True,0,rmsnorm_stat,137,0
16384,160,True,0,rmsnorm_stat,138,0
16384,160,True,0,rmsnorm_stat,139,0
16384,160,True,0,rmsnorm_stat,140,0
16384,160,True,0,rmsnorm_stat,141,0
16384,160,True,0,rmsnorm_stat,142,0
16384,160,True,0,rmsnorm_stat,143,0
16384,160,True,0,rmsnorm_stat,144,0
16384,160,True,0,rmsnorm_stat,145,0
16384,160,True,0,rmsnorm_stat,146,0
16384,160,True,0,rmsnorm_stat,147,0
16384,160,True,0,rmsnorm_stat,148,0
16384,160,True,0,rmsnorm_stat,149,0
16384,160,True,0,rmsnorm_stat,150,0
16384,160,True,0,rmsnorm_stat,151,0
16384,160,True,0,rmsnorm_stat,152,0
16384,160,True,0,rmsnorm_stat,153,0
16384,160,True,0,rmsnorm_stat,154,0
16384,160,True,0,rmsnorm_stat,155,0
16384,160,True,0,rmsnorm_stat,156,0
16384,160,True,0,rmsnorm_stat,157,0
16384,160,True,0,rmsnorm_stat,158,0
16384,160,True,0,rmsnorm_stat,159,0
16384,160,True,1,x_permute,0,1
16384,160,True,1,x_permute,1,1
16384,160,True,1,x_permute,2,1
16384,160,True,1,x_permute,3,1
16384,160,True,1,x_permute,4,1
16384,160,True,1,x_permute,5,1
16384,160,True,1,x_permute,6,1
16384,160,True,1,x_permute,7,1
16384,160,True,1,x_permute,8,1
16384,160,True,1,x_permute,9,1
16384,160,True,1,x_permute,10,1
16384,160,True,1,x_permute,11,1
16384,160,True,1,x_permute,12,1
16384,160,True,1,x_permute,13,1
16384,160,True,1,x_permute,14,1
16384,160,True,1,x_permute,15,1
16384,160,True,1,x_permute,16,1
16384,160,True,1,x_permute,17,1
16384,160,True,1,x_permute,18,1
16384,160,True,1,x_permute,19,1
16384,160,True,1,x_permute,20,1
16384,160,True,1,x_permute,21,1
16384,160,True,1,x_permute,22,1
16384,160,True,1,x_permute,23,1
16384,160,True,1,x_permute,24,1
16384,160,True,1,x_permute,25,1
16384,160,True,1,x_permute,26,1
16384,160,True,1,x_permute,27,1
16384,160,True,1,x_permute,28,1
16384,160,True,1,x_permute,29,1
16384,160,True,1,x_permute,30,1
16384,160,True,1,x_permute,31,1
16384,160,True,1,x_permute,32,1
16384,160,True,1,x_permute,33,1
16384,160,True,1,x_permute,34,1
16384,160,True,1,x_permute,35,1
16384,160,True,1,x_permute,36,1
16384,160,True,1,x_permute,37,1
16384,160,True,1,x_permute,38,1
16384,160,True,1,x_permute,39,1
16384,160,True,1,x_permute,40,1
16384,160,True,1,x_permute,41,1
16384,160,True,1,x_permute,42,1
16384,160,True,1,x_permute,43,1
16384,160,True,1,x_permute,44,1
16384,160,True,1,x_permute,45,1
16384,160,True,1,x_permute,46,1
16384,160,True,1,x_permute,47,1
16384,160,True,1,x_permute,48,1
16384,160,True,1,x_permute,49,1
16384,160,True,1,x_permute,50,1
16384,160,True,1,x_permute,51,1
16384,160,True,1,x_permute,52,1
16384,160,True,1,x_permute,53,1
16384,160,True,1,x_permute,54,1
16384,160,True,1,x_permute,55,1
16384,160,True,1,x_permute,56,1
16384,160,True,1,x_permute,57,1
16384,160,True,1,x_permute,58,1
16384,160,True,1,x_permute,59,1
16384,160,True,1,x_permute,60,1
16384,160,True,1,x_permute,61,1
16384,160,True,1,x_permute,62,1
16384,160,True,1,x_permute,63,1
16384,160,True,1,x_permute,64,0
16384,160,True,1,x_permute,65,0
16384,160,True,1,x_permute,66,0
16384,160,True,1,x_permute,67,0
16384,160,True,1,x_permute,68,0
16384,160,True,1,x_permute,69,0
16384,160,True,1,x_permute,70,0
16384,160,True,1,x_permute,71,0
16384,160,True,1,x_permute,72,0
16384,160,True,1,x_permute,73,0
16384,160,True,1,x_permute,74,0
16384,160,True,1,x_permute,75,0
16384,160,True,1,x_permute,76,0
16384,160,True,1,x_permute,77,0
16384,160,True,1,x_permute,78,0
16384,160,True,1,x_permute,79,0
16384,160,True,1,x_permute,80,0
16384,160,True,1,x_permute,81,0
16384,160,True,1,x_permute,82,0
16384,160,True,1,x_permute,83,0
16384,160,True,1,x_permute,84,0
16384,160,True,1,x_permute,85,0
16384,160,True,1,x_permute,86,0
16384,160,True,1,x_permute,87,0
16384,160,True,1,x_permute,88,0
16384,160,True,1,x_permute,89,0
16384,160,True,1,x_permute,90,0
16384,160,True,1,x_permute,91,0
16384,160,True,1,x_permute,92,0
16384,160,True,1,x_permute,93,0
16384,160,True,1,x_permute,94,0
16384,160,True,1,x_permute,95,0
16384,160,True,1,x_permute,96,0
16384,160,True,1,x_permute,97,0
16384,160,True,1,x_permute,98,0
16384,160,True,1,x_permute,99,0
16384,160,True,1,x_permute,100,0
16384,160,True,1,x_permute,101,0
16384,160,True,1,x_permute,102,0
16384,160,True,1,x_permute,103,0
16384,160,True,1,x_permute,104,0
16384,160,True,1,x_permute,105,0
16384,160,True,1,x_permute,106,0
16384,160,True,1,x_permute,107,0
16384,160,True,1,x_permute,108,0
16384,160,True,1,x_permute,109,0
16384,160,True,1,x_permute,110,0
16384,160,True,1,x_permute,111,0
16384,160,True,1,x_permute,112,0
16384,160,True,1,x_permute,113,0
16384,160,True,1,x_permute,114,0
16384,160,True,1,x_permute,115,0
16384,160,True,1,x_permute,116,0
16384,160,True,1,x_permute,117,0
16384,160,True,1,x_permute,118,0
16384,160,True,1,x_permute,119,0
16384,160,True,1,x_permute,120,0
16384,160,True,1,x_permute,121,0
16384,160,True,1,x_permute,122,0
16384,160,True,1,x_permute,123,0
16384,160,True,1,x_permute,124,0
16384,160,True,1,x_permute,125,0
16384,160,True,1,x_permute,126,0
16384,160,True,1,x_permute,127,0
16384,160,True,1,x_permute,128,0
16384,160,True,1,x_permute,129,0
16384,160,True,1,x_permute,130,0
16384,160,True,1,x_permute,131,0
16384,160,True,1,x_permute,132,0
16384,160,True,1,x_permute,133,0
16384,160,True,1,x_permute,134,0
16384,160,True,1,x_permute,135,0
16384,160,True,1,x_permute,136,0
16384,160,True,1,x_permute,137,0
16384,160,True,1,x_permute,138,0
16384,160,True,1,x_permute,139,0
16384,160,True,1,x_permute,140,0
16384,160,True,1,x_permute,141,0
16384,160,True,1,x_permute,142,0
16384,160,True,1,x_permute,143,0
16384,160,True,1,x_permute,144,0
16384,160,True,1,x_permute,145,0
16384,160,True,1,x_permute,146,0
16384,160,True,1,x_permute,147,0
16384,160,True,1,x_permute,148,0
16384,160,True,1,x_permute,149,0
16384,160,True,1,x_permute,150,0
16384,160,True,1,x_permute,151,0
16384,160,True,1,x_permute,152,0
16384,160,True,1,x_permute,153,0
16384,160,True,1,x_permute,154,0
16384,160,True,1,x_permute,155,0
16384,160,True,1,x_permute,156,0
16384,160,True,1,x_permute,157,0
16384,160,True,1,x_permute,158,0
16384,160,True,1,x_permute,159,0
16384,160,True,2,gemm_tile,0,4
16384,160,True,2,gemm_tile,1,4
16384,160,True,2,gemm_tile,2,3
16384,160,True,2,gemm_tile,3,3
16384,160,True,2,gemm_tile,4,3
16384,160,True,2,gemm_tile,5,3
16384,160,True,2,gemm_tile,6,3
16384,160,True,2,gemm_tile,7,3
16384,160,True,2,gemm_tile,8,4
16384,160,True,2,gemm_tile,9,4
16384,160,True,2,gemm_tile,10,3
16384,160,True,2,gemm_tile,11,3
16384,160,True,2,gemm_tile,12,3
16384,160,True,2,gemm_tile,13,3
16384,160,True,2,gemm_tile,14,3
16384,160,True,2,gemm_tile,15,3
16384,160,True,2,gemm_tile,16,3
16384,160,True,2,gemm_tile,17,3
16384,160,True,2,gemm_tile,18,3
16384,160,True,2,gemm_tile,19,3
16384,160,True,2,gemm_tile,20,3
16384,160,True,2,gemm_tile,21,3
16384,160,True,2,gemm_tile,22,3
16384,160,True,2,gemm_tile,23,3
16384,160,True,2,gemm_tile,24,4
16384,160,True,2,gemm_tile,25,4
16384,160,True,2,gemm_tile,26,3
16384,160,True,2,gemm_tile,27,3
16384,160,True,2,gemm_tile,28,3
16384,160,True,2,gemm_tile,29,3
16384,160,True,2,gemm_tile,30,3
16384,160,True,2,gemm_tile,31,3
16384,160,True,2,gemm_tile,32,4
16384,160,True,2,gemm_tile,33,4
16384,160,True,2,gemm_tile,34,3
16384,160,True,2,gemm_tile,35,3
16384,160,True,2,gemm_tile,36,3
16384,160,True,2,gemm_tile,37,3
16384,160,True,2,gemm_tile,38,3
16384,160,True,2,gemm_tile,39,3
16384,160,True,2,gemm_tile,40,4
16384,160,True,2,gemm_tile,41,4
16384,160,True,2,gemm_tile,42,3
16384,160,True,2,gemm_tile,43,4
16384,160,True,2,gemm_tile,44,4
16384,160,True,2,gemm_tile,45,4
16384,160,True,2,gemm_tile,46,4
16384,160,True,2,gemm_tile,47,4
16384,160,True,2,gemm_tile,48,4
16384,160,True,2,gemm_tile,49,3
16384,160,True,2,gemm_tile,50,3
16384,160,True,2,gemm_tile,51,3
16384,160,True,2,gemm_tile,52,3
16384,160,True,2,gemm_tile,53,3
16384,160,True,2,gemm_tile,54,4
16384,160,True,2,gemm_tile,55,3
16384,160,True,2,gemm_tile,56,3
16384,160,True,2,gemm_tile,57,3
16384,160,True,2,gemm_tile,58,3
16384,160,True,2,gemm_tile,59,3
16384,160,True,2,gemm_tile,60,3
16384,160,True,2,gemm_tile,61,3
16384,160,True,2,gemm_tile,62,4
16384,160,True,2,gemm_tile,63,4
16384,160,True,2,gemm_tile,64,3
16384,160,True,2,gemm_tile,65,4
16384,160,True,2,gemm_tile,66,4
16384,160,True,2,gemm_tile,67,3
16384,160,True,2,gemm_tile,68,3
16384,160,True,2,gemm_tile,69,3
16384,160,True,2,gemm_tile,70,4
16384,160,True,2,gemm_tile,71,3
16384,160,True,2,gemm_tile,72,4
16384,160,True,2,gemm_tile,73,3
16384,160,True,2,gemm_tile,74,4
16384,160,True,2,gemm_tile,75,3
16384,160,True,2,gemm_tile,76,4
16384,160,True,2,gemm_tile,77,4
16384,160,True,2,gemm_tile,78,3
16384,160,True,2,gemm_tile,79,3
16384,160,True,2,gemm_tile,80,3
16384,160,True,2,gemm_tile,81,3
16384,160,True,2,gemm_tile,82,3
16384,160,True,2,gemm_tile,83,3
16384,160,True,2,gemm_tile,84,4
16384,160,True,2,gemm_tile,85,4
16384,160,True,2,gemm_tile,86,3
16384,160,True,2,gemm_tile,87,3
16384,160,True,2,gemm_tile,88,3
16384,160,True,2,gemm_tile,89,3
16384,160,True,2,gemm_tile,90,3
16384,160,True,2,gemm_tile,91,3
16384,160,True,2,gemm_tile,92,3
16384,160,True,2,gemm_tile,93,3
16384,160,True,2,gemm_tile,94,3
16384,160,True,2,gemm_tile,95,3
16384,160,True,2,gemm_tile,96,3
16384,160,True,2,gemm_tile,97,3
16384,160,True,2,gemm_tile,98,3
16384,160,True,2,gemm_tile,99,3
16384,160,True,2,gemm_tile,100,3
16384,160,True,2,gemm_tile,101,4
16384,160,True,2,gemm_tile,102,3
16384,160,True,2,gemm_tile,103,3
16384,160,True,2,gemm_tile,104,3
16384,160,True,2,gemm_tile,105,3
16384,160,True,2,gemm_tile,106,4
16384,160,True,2,gemm_tile,107,3
16384,160,True,2,gemm_tile,108,3
16384,160,True,2,gemm_tile,109,3
16384,160,True,2,gemm_tile,110,3
16384,160,True,2,gemm_tile,111,3
16384,160,True,2,gemm_tile,112,3
16384,160,True,2,gemm_tile,113,3
16384,160,True,2,gemm_tile,114,4
16384,160,True,2,gemm_tile,115,3
16384,160,True,2,gemm_tile,116,3
16384,160,True,2,gemm_tile,117,4
16384,160,True,2,gemm_tile,118,3
16384,160,True,2,gemm_tile,119,3
16384,160,True,2,gemm_tile,120,3
16384,160,True,2,gemm_tile,121,3
16384,160,True,2,gemm_tile,122,3
16384,160,True,2,gemm_tile,123,3
16384,160,True,2,gemm_tile,124,3
16384,160,True,2,gemm_tile,125,3
16384,160,True,2,gemm_tile,126,3
16384,160,True,2,gemm_tile,127,3
16384,160,True,2,gemm_tile,128,3
16384,160,True,2,gemm_tile,129,3
16384,160,True,2,gemm_tile,130,3
16384,160,True,2,gemm_tile,131,3
16384,160,True,2,gemm_tile,132,3
16384,160,True,2,gemm_tile,133,3
16384,160,True,2,gemm_tile,134,3
16384,160,True,2,gemm_tile,135,3
16384,160,True,2,gemm_tile,136,3
16384,160,True,2,gemm_tile,137,3
16384,160,True,2,gemm_tile,138,3
16384,160,True,2,gemm_tile,139,3
16384,160,True,2,gemm_tile,140,3
16384,160,True,2,gemm_tile,141,3
16384,160,True,2,gemm_tile,142,3
16384,160,True,2,gemm_tile,143,3
16384,160,True,2,gemm_tile,144,3
16384,160,True,2,gemm_tile,145,3
16384,160,True,2,gemm_tile,146,3
16384,160,True,2,gemm_tile,147,3
16384,160,True,2,gemm_tile,148,3
16384,160,True,2,gemm_tile,149,3
16384,160,True,2,gemm_tile,150,3
16384,160,True,2,gemm_tile,151,3
16384,160,True,2,gemm_tile,152,3
16384,160,True,2,gemm_tile,153,3
16384,160,True,2,gemm_tile,154,3
16384,160,True,2,gemm_tile,155,3
16384,160,True,2,gemm_tile,156,3
16384,160,True,2,gemm_tile,157,3
16384,160,True,2,gemm_tile,158,3
16384,160,True,2,gemm_tile,159,3
16384,160,True,3,gqa_decode_mma,0,15
16384,160,True,3,gqa_decode_mma,1,12
16384,160,True,3,gqa_decode_mma,2,13
16384,160,True,3,gqa_decode_mma,3,12
16384,160,True,3,gqa_decode_mma,4,13
16384,160,True,3,gqa_decode_mma,5,14
16384,160,True,3,gqa_decode_mma,6,13
16384,160,True,3,gqa_decode_mma,7,11
16384,160,True,3,gqa_decode_mma,8,13
16384,160,True,3,gqa_decode_mma,9,13
16384,160,True,3,gqa_decode_mma,10,13
16384,160,True,3,gqa_decode_mma,11,13
16384,160,True,3,gqa_decode_mma,12,13
16384,160,True,3,gqa_decode_mma,13,12
16384,160,True,3,gqa_decode_mma,14,14
16384,160,True,3,gqa_decode_mma,15,12
16384,160,True,3,gqa_decode_mma,16,14
16384,160,True,3,gqa_decode_mma,17,13
16384,160,True,3,gqa_decode_mma,18,14
16384,160,True,3,gqa_decode_mma,19,12
16384,160,True,3,gqa_decode_mma,20,13
16384,160,True,3,gqa_decode_mma,21,12
16384,160,True,3,gqa_decode_mma,22,14
16384,160,True,3,gqa_decode_mma,23,12
16384,160,True,3,gqa_decode_mma,24,15
16384,160,True,3,gqa_decode_mma,25,13
16384,160,True,3,gqa_decode_mma,26,12
16384,160,True,3,gqa_decode_mma,27,12
16384,160,True,3,gqa_decode_mma,28,12
16384,160,True,3,gqa_decode_mma,29,13
16384,160,True,3,gqa_decode_mma,30,14
16384,160,True,3,gqa_decode_mma,31,12
16384,160,True,3,gqa_decode_mma,32,12
16384,160,True,3,gqa_decode_mma,33,13
16384,160,True,3,gqa_decode_mma,34,12
16384,160,True,3,gqa_decode_mma,35,14
16384,160,True,3,gqa_decode_mma,36,14
16384,160,True,3,gqa_decode_mma,37,12
16384,160,True,3,gqa_decode_mma,38,14
16384,160,True,3,gqa_decode_mma,39,13
16384,160,True,3,gqa_decode_mma,40,15
16384,160,True,3,gqa_decode_mma,41,12
16384,160,True,3,gqa_decode_mma,42,15
16384,160,True,3,gqa_decode_mma,43,13
16384,160,True,3,gqa_decode_mma,44,13
16384,160,True,3,gqa_decode_mma,45,13
16384,160,True,3,gqa_decode_mma,46,13
16384,160,True,3,gqa_decode_mma,47,13
16384,160,True,3,gqa_decode_mma,48,12
16384,160,True,3,gqa_decode_mma,49,10
16384,160,True,3,gqa_decode_mma,50,13
16384,160,True,3,gqa_decode_mma,51,12
16384,160,True,3,gqa_decode_mma,52,15
16384,160,True,3,gqa_decode_mma,53,10
16384,160,True,3,gqa_decode_mma,54,13
16384,160,True,3,gqa_decode_mma,55,13
16384,160,True,3,gqa_decode_mma,56,13
16384,160,True,3,gqa_decode_mma,57,12
16384,160,True,3,gqa_decode_mma,58,15
16384,160,True,3,gqa_decode_mma,59,13
16384,160,True,3,gqa_decode_mma,60,12
16384,160,True,3,gqa_decode_mma,61,12
16384,160,True,3,gqa_decode_mma,62,13
16384,160,True,3,gqa_decode_mma,63,13
16384,160,True,3,gqa_decode_mma,64,12
16384,160,True,3,gqa_decode_mma,65,13
16384,160,True,3,gqa_decode_mma,66,12
16384,160,True,3,gqa_decode_mma,67,11
16384,160,True,3,gqa_decode_mma,68,12
16384,160,True,3,gqa_decode_mma,69,13
16384,160,True,3,gqa_decode_mma,70,14
16384,160,True,3,gqa_decode_mma,71,13
16384,160,True,3,gqa_decode_mma,72,14
16384,160,True,3,gqa_decode_mma,73,12
16384,160,True,3,gqa_decode_mma,74,13
16384,160,True,3,gqa_decode_mma,75,14
16384,160,True,3,gqa_decode_mma,76,12
16384,160,True,3,gqa_decode_mma,77,13
16384,160,True,3,gqa_decode_mma,78,13
16384,160,True,3,gqa_decode_mma,79,10
16384,160,True,3,gqa_decode_mma,80,12
16384,160,True,3,gqa_decode_mma,81,12
16384,160,True,3,gqa_decode_mma,82,13
16384,160,True,3,gqa_decode_mma,83,13
16384,160,True,3,gqa_decode_mma,84,14
16384,160,True,3,gqa_decode_mma,85,13
16384,160,True,3,gqa_decode_mma,86,14
16384,160,True,3,gqa_decode_mma,87,13
16384,160,True,3,gqa_decode_mma,88,12
16384,160,True,3,gqa_decode_mma,89,11
16384,160,True,3,gqa_decode_mma,90,13
16384,160,True,3,gqa_decode_mma,91,13
16384,160,True,3,gqa_decode_mma,92,12
16384,160,True,3,gqa_decode_mma,93,13
16384,160,True,3,gqa_decode_mma,94,13
16384,160,True,3,gqa_decode_mma,95,13
16384,160,True,3,gqa_decode_mma,96,12
16384,160,True,3,gqa_decode_mma,97,12
16384,160,True,3,gqa_decode_mma,98,13
16384,160,True,3,gqa_decode_mma,99,13
16384,160,True,3,gqa_decode_mma,100,14
16384,160,True,3,gqa_decode_mma,101,12
16384,160,True,3,gqa_decode_mma,102,14
16384,160,True,3,gqa_decode_mma,103,13
16384,160,True,3,gqa_decode_mma,104,13
16384,160,True,3,gqa_decode_mma,105,13
16384,160,True,3,gqa_decode_mma,106,13
16384,160,True,3,gqa_decode_mma,107,14
16384,160,True,3,gqa_decode_mma,108,14
16384,160,True,3,gqa_decode_mma,109,12
16384,160,True,3,gqa_decode_mma,110,12
16384,160,True,3,gqa_decode_mma,111,11
16384,160,True,3,gqa_decode_mma,112,14
16384,160,True,3,gqa_decode_mma,113,13
16384,160,True,3,gqa_decode_mma,114,13
16384,160,True,3,gqa_decode_mma,115,13
16384,160,True,3,gqa_decode_mma,116,14
16384,160,True,3,gqa_decode_mma,117,12
16384,160,True,3,gqa_decode_mma,118,13
16384,160,True,3,gqa_decode_mma,119,12
16384,160,True,3,gqa_decode_mma,120,13
16384,160,True,3,gqa_decode_mma,121,13
16384,160,True,3,gqa_decode_mma,122,13
16384,160,True,3,gqa_decode_mma,123,11
16384,160,True,3,gqa_decode_mma,124,12
16384,160,True,3,gqa_decode_mma,125,12
16384,160,True,3,gqa_decode_mma,126,12
16384,160,True,3,gqa_decode_mma,127,12
16384,160,True,3,gqa_decode_mma,128,14
16384,160,True,3,gqa_decode_mma,129,14
16384,160,True,3,gqa_decode_mma,130,14
16384,160,True,3,gqa_decode_mma,131,11
16384,160,True,3,gqa_decode_mma,132,13
16384,160,True,3,gqa_decode_mma,133,11
16384,160,True,3,gqa_decode_mma,134,14
16384,160,True,3,gqa_decode_mma,135,14
16384,160,True,3,gqa_decode_mma,136,13
16384,160,True,3,gqa_decode_mma,137,12
16384,160,True,3,gqa_decode_mma,138,14
16384,160,True,3,gqa_decode_mma,139,12
16384,160,True,3,gqa_decode_mma,140,14
16384,160,True,3,gqa_decode_mma,141,12
16384,160,True,3,gqa_decode_mma,142,14
16384,160,True,3,gqa_decode_mma,143,14
16384,160,True,3,gqa_decode_mma,144,14
16384,160,True,3,gqa_decode_mma,145,11
16384,160,True,3,gqa_decode_mma,146,14
16384,160,True,3,gqa_decode_mma,147,12
16384,160,True,3,gqa_decode_mma,148,14
16384,160,True,3,gqa_decode_mma,149,12
16384,160,True,3,gqa_decode_mma,150,13
16384,160,True,3,gqa_decode_mma,151,11
16384,160,True,3,gqa_decode_mma,152,13
16384,160,True,3,gqa_decode_mma,153,11
16384,160,True,3,gqa_decode_mma,154,14
16384,160,True,3,gqa_decode_mma,155,14
16384,160,True,3,gqa_decode_mma,156,14
16384,160,True,3,gqa_decode_mma,157,12
16384,160,True,3,gqa_decode_mma,158,14
16384,160,True,3,gqa_decode_mma,159,12
16384,160,True,4,gemm_tile,0,0
16384,160,True,4,gemm_tile,1,3
16384,160,True,4,gemm_tile,2,2
16384,160,True,4,gemm_tile,3,4
16384,160,True,4,gemm_tile,4,3
16384,160,True,4,gemm_tile,5,1
16384,160,True,4,gemm_tile,6,2
16384,160,True,4,gemm_tile,7,5
16384,160,True,4,gemm_tile,8,2
16384,160,True,4,gemm_tile,9,2
16384,160,True,4,gemm_tile,10,2
16384,160,True,4,gemm_tile,11,2
16384,160,True,4,gemm_tile,12,2
16384,160,True,4,gemm_tile,13,4
16384,160,True,4,gemm_tile,14,1
16384,160,True,4,gemm_tile,15,3
16384,160,True,4,gemm_tile,16,1
16384,160,True,4,gemm_tile,17,2
16384,160,True,4,gemm_tile,18,1
16384,160,True,4,gemm_tile,19,4
16384,160,True,4,gemm_tile,20,2
16384,160,True,4,gemm_tile,21,3
16384,160,True,4,gemm_tile,22,1
16384,160,True,4,gemm_tile,23,3
16384,160,True,4,gemm_tile,24,0
16384,160,True,4,gemm_tile,25,3
16384,160,True,4,gemm_tile,26,3
16384,160,True,4,gemm_tile,27,3
16384,160,True,4,gemm_tile,28,3
16384,160,True,4,gemm_tile,29,2
16384,160,True,4,gemm_tile,30,1
16384,160,True,4,gemm_tile,31,3
16384,160,True,4,gemm_tile,32,3
16384,160,True,4,gemm_tile,33,3
16384,160,True,4,gemm_tile,34,4
16384,160,True,4,gemm_tile,35,1
16384,160,True,4,gemm_tile,36,1
16384,160,True,4,gemm_tile,37,4
16384,160,True,4,gemm_tile,38,1
16384,160,True,4,gemm_tile,39,2
16384,160,True,4,gemm_tile,40,0
16384,160,True,4,gemm_tile,41,3
16384,160,True,4,gemm_tile,42,0
16384,160,True,4,gemm_tile,43,3
16384,160,True,4,gemm_tile,44,3
16384,160,True,4,gemm_tile,45,2
16384,160,True,4,gemm_tile,46,3
16384,160,True,4,gemm_tile,47,2
16384,160,True,4,gemm_tile,48,3
16384,160,True,4,gemm_tile,49,6
16384,160,True,4,gemm_tile,50,2
16384,160,True,4,gemm_tile,51,4
16384,160,True,4,gemm_tile,52,0
16384,160,True,4,gemm_tile,53,6
16384,160,True,4,gemm_tile,54,2
16384,160,True,4,gemm_tile,55,3
16384,160,True,4,gemm_tile,56,1
16384,160,True,4,gemm_tile,57,3
16384,160,True,4,gemm_tile,58,0
16384,160,True,4,gemm_tile,59,3
16384,160,True,4,gemm_tile,60,3
16384,160,True,4,gemm_tile,61,4
16384,160,True,4,gemm_tile,62,3
16384,160,True,4,gemm_tile,63,2
16384,160,True,4,gemm_tile,64,4
16384,160,True,4,gemm_tile,65,2
16384,160,True,4,gemm_tile,66,3
16384,160,True,4,gemm_tile,67,4
16384,160,True,4,gemm_tile,68,4
16384,160,True,4,gemm_tile,69,3
16384,160,True,4,gemm_tile,70,1
16384,160,True,4,gemm_tile,71,3
16384,160,True,4,gemm_tile,72,0
16384,160,True,4,gemm_tile,73,4
16384,160,True,4,gemm_tile,74,3
16384,160,True,4,gemm_tile,75,2
16384,160,True,4,gemm_tile,76,4
16384,160,True,4,gemm_tile,77,3
16384,160,True,4,gemm_tile,78,3
16384,160,True,4,gemm_tile,79,6
16384,160,True,4,gemm_tile,80,3
16384,160,True,4,gemm_tile,81,3
16384,160,True,4,gemm_tile,82,2
16384,160,True,4,gemm_tile,83,3
16384,160,True,4,gemm_tile,84,1
16384,160,True,4,gemm_tile,85,3
16384,160,True,4,gemm_tile,86,1
16384,160,True,4,gemm_tile,87,3
16384,160,True,4,gemm_tile,88,3
16384,160,True,4,gemm_tile,89,5
16384,160,True,4,gemm_tile,90,2
16384,160,True,4,gemm_tile,91,3
16384,160,True,4,gemm_tile,92,4
16384,160,True,4,gemm_tile,93,2
16384,160,True,4,gemm_tile,94,2
16384,160,True,4,gemm_tile,95,2
16384,160,True,4,gemm_tile,96,2
16384,160,True,4,gemm_tile,97,4
16384,160,True,4,gemm_tile,98,2
16384,160,True,4,gemm_tile,99,2
16384,160,True,4,gemm_tile,100,1
16384,160,True,4,gemm_tile,101,3
16384,160,True,4,gemm_tile,102,0
16384,160,True,4,gemm_tile,103,2
16384,160,True,4,gemm_tile,104,2
16384,160,True,4,gemm_tile,105,3
16384,160,True,4,gemm_tile,106,2
16384,160,True,4,gemm_tile,107,1
16384,160,True,4,gemm_tile,108,1
16384,160,True,4,gemm_tile,109,3
16384,160,True,4,gemm_tile,110,4
16384,160,True,4,gemm_tile,111,5
16384,160,True,4,gemm_tile,112,0
16384,160,True,4,gemm_tile,113,2
16384,160,True,4,gemm_tile,114,2
16384,160,True,4,gemm_tile,115,3
16384,160,True,4,gemm_tile,116,1
16384,160,True,4,gemm_tile,117,3
16384,160,True,4,gemm_tile,118,2
16384,160,True,4,gemm_tile,119,4
16384,160,True,4,gemm_tile,120,2
16384,160,True,4,gemm_tile,121,2
16384,160,True,4,gemm_tile,122,2
16384,160,True,4,gemm_tile,123,4
16384,160,True,4,gemm_tile,124,3
16384,160,True,4,gemm_tile,125,3
16384,160,True,4,gemm_tile,126,3
16384,160,True,4,gemm_tile,127,3
16384,160,True,4,gemm_tile,128,0
16384,160,True,4,gemm_tile,129,1
16384,160,True,4,gemm_tile,130,1
16384,160,True,4,gemm_tile,131,4
16384,160,True,4,gemm_tile,132,2
16384,160,True,4,gemm_tile,133,5
16384,160,True,4,gemm_tile,134,0
16384,160,True,4,gemm_tile,135,1
16384,160,True,4,gemm_tile,136,1
16384,160,True,4,gemm_tile,137,3
16384,160,True,4,gemm_tile,138,1
16384,160,True,4,gemm_tile,139,3
16384,160,True,4,gemm_tile,140,1
16384,160,True,4,gemm_tile,141,3
16384,160,True,4,gemm_tile,142,1
16384,160,True,4,gemm_tile,143,1
16384,160,True,4,gemm_tile,144,1
16384,160,True,4,gemm_tile,145,4
16384,160,True,4,gemm_tile,146,1
16384,160,True,4,gemm_tile,147,3
16384,160,True,4,gemm_tile,148,1
16384,160,True,4,gemm_tile,149,3
16384,160,True,4,gemm_tile,150,2
16384,160,True,4,gemm_tile,151,4
16384,160,True,4,gemm_tile,152,2
16384,160,True,4,gemm_tile,153,4
16384,160,True,4,gemm_tile,154,1
16384,160,True,4,gemm_tile,155,1
16384,160,True,4,gemm_tile,156,1
16384,160,True,4,gemm_tile,157,4
16384,160,True,4,gemm_tile,158,1
16384,160,True,4,gemm_tile,159,3
16384,160,True,5,gqa_merge,0,1
16384,160,True,5,gqa_merge,1,1
16384,160,True,5,gqa_merge,2,1
16384,160,True,5,gqa_merge,3,1
16384,160,True,5,gqa_merge,4,1
16384,160,True,5,gqa_merge,5,1
16384,160,True,5,gqa_merge,6,1
16384,160,True,5,gqa_merge,7,1
16384,160,True,5,gqa_merge,8,1
16384,160,True,5,gqa_merge,9,1
16384,160,True,5,gqa_merge,10,1
16384,160,True,5,gqa_merge,11,1
16384,160,True,5,gqa_merge,12,1
16384,160,True,5,gqa_merge,13,1
16384,160,True,5,gqa_merge,14,1
16384,160,True,5,gqa_merge,15,1
16384,160,True,5,gqa_merge,16,1
16384,160,True,5,gqa_merge,17,1
16384,160,True,5,gqa_merge,18,1
16384,160,True,5,gqa_merge,19,1
16384,160,True,5,gqa_merge,20,1
16384,160,True,5,gqa_merge,21,1
16384,160,True,5,gqa_merge,22,1
16384,160,True,5,gqa_merge,23,1
16384,160,True,5,gqa_merge,24,1
16384,160,True,5,gqa_merge,25,1
16384,160,True,5,gqa_merge,26,1
16384,160,True,5,gqa_merge,27,1
16384,160,True,5,gqa_merge,28,1
16384,160,True,5,gqa_merge,29,1
16384,160,True,5,gqa_merge,30,1
16384,160,True,5,gqa_merge,31,1
16384,160,True,5,gqa_merge,32,1
16384,160,True,5,gqa_merge,33,1
16384,160,True,5,gqa_merge,34,1
16384,160,True,5,gqa_merge,35,1
16384,160,True,5,gqa_merge,36,1
16384,160,True,5,gqa_merge,37,1
16384,160,True,5,gqa_merge,38,1
16384,160,True,5,gqa_merge,39,1
16384,160,True,5,gqa_merge,40,1
16384,160,True,5,gqa_merge,41,1
16384,160,True,5,gqa_merge,42,1
16384,160,True,5,gqa_merge,43,1
16384,160,True,5,gqa_merge,44,1
16384,160,True,5,gqa_merge,45,1
16384,160,True,5,gqa_merge,46,1
16384,160,True,5,gqa_merge,47,1
16384,160,True,5,gqa_merge,48,1
16384,160,True,5,gqa_merge,49,1
16384,160,True,5,gqa_merge,50,1
16384,160,True,5,gqa_merge,51,1
16384,160,True,5,gqa_merge,52,1
16384,160,True,5,gqa_merge,53,1
16384,160,True,5,gqa_merge,54,1
16384,160,True,5,gqa_merge,55,1
16384,160,True,5,gqa_merge,56,1
16384,160,True,5,gqa_merge,57,1
16384,160,True,5,gqa_merge,58,1
16384,160,True,5,gqa_merge,59,1
16384,160,True,5,gqa_merge,60,1
16384,160,True,5,gqa_merge,61,1
16384,160,True,5,gqa_merge,62,1
16384,160,True,5,gqa_merge,63,1
16384,160,True,5,gqa_merge,64,1
16384,160,True,5,gqa_merge,65,1
16384,160,True,5,gqa_merge,66,1
16384,160,True,5,gqa_merge,67,1
16384,160,True,5,gqa_merge,68,1
16384,160,True,5,gqa_merge,69,1
16384,160,True,5,gqa_merge,70,1
16384,160,True,5,gqa_merge,71,1
16384,160,True,5,gqa_merge,72,1
16384,160,True,5,gqa_merge,73,1
16384,160,True,5,gqa_merge,74,1
16384,160,True,5,gqa_merge,75,1
16384,160,True,5,gqa_merge,76,1
16384,160,True,5,gqa_merge,77,1
16384,160,True,5,gqa_merge,78,1
16384,160,True,5,gqa_merge,79,1
16384,160,True,5,gqa_merge,80,1
16384,160,True,5,gqa_merge,81,1
16384,160,True,5,gqa_merge,82,1
16384,160,True,5,gqa_merge,83,1
16384,160,True,5,gqa_merge,84,1
16384,160,True,5,gqa_merge,85,1
16384,160,True,5,gqa_merge,86,1
16384,160,True,5,gqa_merge,87,1
16384,160,True,5,gqa_merge,88,1
16384,160,True,5,gqa_merge,89,1
16384,160,True,5,gqa_merge,90,1
16384,160,True,5,gqa_merge,91,1
16384,160,True,5,gqa_merge,92,1
16384,160,True,5,gqa_merge,93,1
16384,160,True,5,gqa_merge,94,1
16384,160,True,5,gqa_merge,95,1
16384,160,True,5,gqa_merge,96,0
16384,160,True,5,gqa_merge,97,0
16384,160,True,5,gqa_merge,98,0
16384,160,True,5,gqa_merge,99,0
16384,160,True,5,gqa_merge,100,0
16384,160,True,5,gqa_merge,101,0
16384,160,True,5,gqa_merge,102,0
16384,160,True,5,gqa_merge,103,0
16384,160,True,5,gqa_merge,104,0
16384,160,True,5,gqa_merge,105,0
16384,160,True,5,gqa_merge,106,0
16384,160,True,5,gqa_merge,107,0
16384,160,True,5,gqa_merge,108,0
16384,160,True,5,gqa_merge,109,0
16384,160,True,5,gqa_merge,110,0
16384,160,True,5,gqa_merge,111,0
16384,160,True,5,gqa_merge,112,0
16384,160,True,5,gqa_merge,113,0
16384,160,True,5,gqa_merge,114,0
16384,160,True,5,gqa_merge,115,0
16384,160,True,5,gqa_merge,116,0
16384,160,True,5,gqa_merge,117,0
16384,160,True,5,gqa_merge,118,0
16384,160,True,5,gqa_merge,119,0
16384,160,True,5,gqa_merge,120,0
16384,160,True,5,gqa_merge,121,0
16384,160,True,5,gqa_merge,122,0
16384,160,True,5,gqa_merge,123,0
16384,160,True,5,gqa_merge,124,0
16384,160,True,5,gqa_merge,125,0
16384,160,True,5,gqa_merge,126,0
16384,160,True,5,gqa_merge,127,0
16384,160,True,5,gqa_merge,128,0
16384,160,True,5,gqa_merge,129,0
16384,160,True,5,gqa_merge,130,0
16384,160,True,5,gqa_merge,131,0
16384,160,True,5,gqa_merge,132,0
16384,160,True,5,gqa_merge,133,0
16384,160,True,5,gqa_merge,134,0
16384,160,True,5,gqa_merge,135,0
16384,160,True,5,gqa_merge,136,0
16384,160,True,5,gqa_merge,137,0
16384,160,True,5,gqa_merge,138,0
16384,160,True,5,gqa_merge,139,0
16384,160,True,5,gqa_merge,140,0
16384,160,True,5,gqa_merge,141,0
16384,160,True,5,gqa_merge,142,0
16384,160,True,5,gqa_merge,143,0
16384,160,True,5,gqa_merge,144,0
16384,160,True,5,gqa_merge,145,0
16384,160,True,5,gqa_merge,146,0
16384,160,True,5,gqa_merge,147,0
16384,160,True,5,gqa_merge,148,0
16384,160,True,5,gqa_merge,149,0
16384,160,True,5,gqa_merge,150,0
16384,160,True,5,gqa_merge,151,0
16384,160,True,5,gqa_merge,152,0
16384,160,True,5,gqa_merge,153,0
16384,160,True,5,gqa_merge,154,0
16384,160,True,5,gqa_merge,155,0
16384,160,True,5,gqa_merge,156,0
16384,160,True,5,gqa_merge,157,0
16384,160,True,5,gqa_merge,158,0
16384,160,True,5,gqa_merge,159,0
16384,160,True,6,gemm_tile,0,2
16384,160,True,6,gemm_tile,1,2
16384,160,True,6,gemm_tile,2,2
16384,160,True,6,gemm_tile,3,2
16384,160,True,6,gemm_tile,4,2
16384,160,True,6,gemm_tile,5,2
16384,160,True,6,gemm_tile,6,2
16384,160,True,6,gemm_tile,7,2
16384,160,True,6,gemm_tile,8,2
16384,160,True,6,gemm_tile,9,2
16384,160,True,6,gemm_tile,10,2
16384,160,True,6,gemm_tile,11,2
16384,160,True,6,gemm_tile,12,2
16384,160,True,6,gemm_tile,13,2
16384,160,True,6,gemm_tile,14,2
16384,160,True,6,gemm_tile,15,2
16384,160,True,6,gemm_tile,16,2
16384,160,True,6,gemm_tile,17,2
16384,160,True,6,gemm_tile,18,2
16384,160,True,6,gemm_tile,19,2
16384,160,True,6,gemm_tile,20,2
16384,160,True,6,gemm_tile,21,2
16384,160,True,6,gemm_tile,22,2
16384,160,True,6,gemm_tile,23,2
16384,160,True,6,gemm_tile,24,2
16384,160,True,6,gemm_tile,25,2
16384,160,True,6,gemm_tile,26,2
16384,160,True,6,gemm_tile,27,2
16384,160,True,6,gemm_tile,28,2
16384,160,True,6,gemm_tile,29,2
16384,160,True,6,gemm_tile,30,2
16384,160,True,6,gemm_tile,31,2
16384,160,True,6,gemm_tile,32,2
16384,160,True,6,gemm_tile,33,2
16384,160,True,6,gemm_tile,34,2
16384,160,True,6,gemm_tile,35,2
16384,160,True,6,gemm_tile,36,2
16384,160,True,6,gemm_tile,37,2
16384,160,True,6,gemm_tile,38,2
16384,160,True,6,gemm_tile,39,2
16384,160,True,6,gemm_tile,40,2
16384,160,True,6,gemm_tile,41,2
16384,160,True,6,gemm_tile,42,2
16384,160,True,6,gemm_tile,43,2
16384,160,True,6,gemm_tile,44,2
16384,160,True,6,gemm_tile,45,2
16384,160,True,6,gemm_tile,46,2
16384,160,True,6,gemm_tile,47,2
16384,160,True,6,gemm_tile,48,2
16384,160,True,6,gemm_tile,49,2
16384,160,True,6,gemm_tile,50,2
16384,160,True,6,gemm_tile,51,2
16384,160,True,6,gemm_tile,52,2
16384,160,True,6,gemm_tile,53,2
16384,160,True,6,gemm_tile,54,2
16384,160,True,6,gemm_tile,55,2
16384,160,True,6,gemm_tile,56,2
16384,160,True,6,gemm_tile,57,2
16384,160,True,6,gemm_tile,58,2
16384,160,True,6,gemm_tile,59,2
16384,160,True,6,gemm_tile,60,2
16384,160,True,6,gemm_tile,61,2
16384,160,True,6,gemm_tile,62,2
16384,160,True,6,gemm_tile,63,2
16384,160,True,6,gemm_tile,64,2
16384,160,True,6,gemm_tile,65,2
16384,160,True,6,gemm_tile,66,2
16384,160,True,6,gemm_tile,67,2
16384,160,True,6,gemm_tile,68,2
16384,160,True,6,gemm_tile,69,2
16384,160,True,6,gemm_tile,70,2
16384,160,True,6,gemm_tile,71,2
16384,160,True,6,gemm_tile,72,2
16384,160,True,6,gemm_tile,73,2
16384,160,True,6,gemm_tile,74,2
16384,160,True,6,gemm_tile,75,2
16384,160,True,6,gemm_tile,76,2
16384,160,True,6,gemm_tile,77,2
16384,160,True,6,gemm_tile,78,2
16384,160,True,6,gemm_tile,79,2
16384,160,True,6,gemm_tile,80,2
16384,160,True,6,gemm_tile,81,2
16384,160,True,6,gemm_tile,82,2
16384,160,True,6,gemm_tile,83,2
16384,160,True,6,gemm_tile,84,2
16384,160,True,6,gemm_tile,85,2
16384,160,True,6,gemm_tile,86,2
16384,160,True,6,gemm_tile,87,2
16384,160,True,6,gemm_tile,88,2
16384,160,True,6,gemm_tile,89,2
16384,160,True,6,gemm_tile,90,2
16384,160,True,6,gemm_tile,91,2
16384,160,True,6,gemm_tile,92,2
16384,160,True,6,gemm_tile,93,2
16384,160,True,6,gemm_tile,94,2
16384,160,True,6,gemm_tile,95,2
16384,160,True,6,gemm_tile,96,2
16384,160,True,6,gemm_tile,97,2
16384,160,True,6,gemm_tile,98,2
16384,160,True,6,gemm_tile,99,2
16384,160,True,6,gemm_tile,100,2
16384,160,True,6,gemm_tile,101,2
16384,160,True,6,gemm_tile,102,2
16384,160,True,6,gemm_tile,103,2
16384,160,True,6,gemm_tile,104,2
16384,160,True,6,gemm_tile,105,2
16384,160,True,6,gemm_tile,106,2
16384,160,True,6,gemm_tile,107,2
16384,160,True,6,gemm_tile,108,2
16384,160,True,6,gemm_tile,109,2
16384,160,True,6,gemm_tile,110,2
16384,160,True,6,gemm_tile,111,2
16384,160,True,6,gemm_tile,112,2
16384,160,True,6,gemm_tile,113,2
16384,160,True,6,gemm_tile,114,2
16384,160,True,6,gemm_tile,115,2
16384,160,True,6,gemm_tile,116,2
16384,160,True,6,gemm_tile,117,2
16384,160,True,6,gemm_tile,118,2
16384,160,True,6,gemm_tile,119,2
16384,160,True,6,gemm_tile,120,2
16384,160,True,6,gemm_tile,121,2
16384,160,True,6,gemm_tile,122,2
16384,160,True,6,gemm_tile,123,2
16384,160,True,6,gemm_tile,124,2
16384,160,True,6,gemm_tile,125,2
16384,160,True,6,gemm_tile,126,2
16384,160,True,6,gemm_tile,127,2
16384,160,True,6,gemm_tile,128,2
16384,160,True,6,gemm_tile,129,2
16384,160,True,6,gemm_tile,130,2
16384,160,True,6,gemm_tile,131,2
16384,160,True,6,gemm_tile,132,2
16384,160,True,6,gemm_tile,133,2
16384,160,True,6,gemm_tile,134,2
16384,160,True,6,gemm_tile,135,2
16384,160,True,6,gemm_tile,136,2
16384,160,True,6,gemm_tile,137,2
16384,160,True,6,gemm_tile,138,2
16384,160,True,6,gemm_tile,139,2
16384,160,True,6,gemm_tile,140,2
16384,160,True,6,gemm_tile,141,2
16384,160,True,6,gemm_tile,142,2
16384,160,True,6,gemm_tile,143,2
16384,160,True,6,gemm_tile,144,2
16384,160,True,6,gemm_tile,145,2
16384,160,True,6,gemm_tile,146,2
16384,160,True,6,gemm_tile,147,2
16384,160,True,6,gemm_tile,148,2
16384,160,True,6,gemm_tile,149,2
16384,160,True,6,gemm_tile,150,2
16384,160,True,6,gemm_tile,151,2
16384,160,True,6,gemm_tile,152,2
16384,160,True,6,gemm_tile,153,2
16384,160,True,6,gemm_tile,154,2
16384,160,True,6,gemm_tile,155,2
16384,160,True,6,gemm_tile,156,2
16384,160,True,6,gemm_tile,157,2
16384,160,True,6,gemm_tile,158,2
16384,160,True,6,gemm_tile,159,2
32768,160,True,0,rmsnorm_stat,0,0
32768,160,True,0,rmsnorm_stat,1,0
32768,160,True,0,rmsnorm_stat,2,0
32768,160,True,0,rmsnorm_stat,3,0
32768,160,True,0,rmsnorm_stat,4,0
32768,160,True,0,rmsnorm_stat,5,0
32768,160,True,0,rmsnorm_stat,6,0
32768,160,True,0,rmsnorm_stat,7,0
32768,160,True,0,rmsnorm_stat,8,0
32768,160,True,0,rmsnorm_stat,9,0
32768,160,True,0,rmsnorm_stat,10,0
32768,160,True,0,rmsnorm_stat,11,0
32768,160,True,0,rmsnorm_stat,12,0
32768,160,True,0,rmsnorm_stat,13,0
32768,160,True,0,rmsnorm_stat,14,0
32768,160,True,0,rmsnorm_stat,15,0
32768,160,True,0,rmsnorm_stat,16,0
32768,160,True,0,rmsnorm_stat,17,0
32768,160,True,0,rmsnorm_stat,18,0
32768,160,True,0,rmsnorm_stat,19,0
32768,160,True,0,rmsnorm_stat,20,0
32768,160,True,0,rmsnorm_stat,21,0
32768,160,True,0,rmsnorm_stat,22,0
32768,160,True,0,rmsnorm_stat,23,0
32768,160,True,0,rmsnorm_stat,24,0
32768,160,True,0,rmsnorm_stat,25,0
32768,160,True,0,rmsnorm_stat,26,0
32768,160,True,0,rmsnorm_stat,27,0
32768,160,True,0,rmsnorm_stat,28,0
32768,160,True,0,rmsnorm_stat,29,0
32768,160,True,0,rmsnorm_stat,30,0
32768,160,True,0,rmsnorm_stat,31,0
32768,160,True,0,rmsnorm_stat,32,0
32768,160,True,0,rmsnorm_stat,33,0
32768,160,True,0,rmsnorm_stat,34,0
32768,160,True,0,rmsnorm_stat,35,0
32768,160,True,0,rmsnorm_stat,36,0
32768,160,True,0,rmsnorm_stat,37,0
32768,160,True,0,rmsnorm_stat,38,0
32768,160,True,0,rmsnorm_stat,39,0
32768,160,True,0,rmsnorm_stat,40,0
32768,160,True,0,rmsnorm_stat,41,0
32768,160,True,0,rmsnorm_stat,42,0
32768,160,True,0,rmsnorm_stat,43,0
32768,160,True,0,rmsnorm_stat,44,0
32768,160,True,0,rmsnorm_stat,45,0
32768,160,True,0,rmsnorm_stat,46,0
32768,160,True,0,rmsnorm_stat,47,0
32768,160,True,0,rmsnorm_stat,48,0
32768,160,True,0,rmsnorm_stat,49,0
32768,160,True,0,rmsnorm_stat,50,0
32768,160,True,0,rmsnorm_stat,51,0
32768,160,True,0,rmsnorm_stat,52,0
32768,160,True,0,rmsnorm_stat,53,0
32768,160,True,0,rmsnorm_stat,54,0
32768,160,True,0,rmsnorm_stat,55,0
32768,160,True,0,rmsnorm_stat,56,0
32768,160,True,0,rmsnorm_stat,57,0
32768,160,True,0,rmsnorm_stat,58,0
32768,160,True,0,rmsnorm_stat,59,0
32768,160,True,0,rmsnorm_stat,60,0
32768,160,True,0,rmsnorm_stat,61,0
32768,160,True,0,rmsnorm_stat,62,0
32768,160,True,0,rmsnorm_stat,63,0
32768,160,True,0,rmsnorm_stat,64,0
32768,160,True,0,rmsnorm_stat,65,0
32768,160,True,0,rmsnorm_stat,66,0
32768,160,True,0,rmsnorm_stat,67,0
32768,160,True,0,rmsnorm_stat,68,0
32768,160,True,0,rmsnorm_stat,69,0
32768,160,True,0,rmsnorm_stat,70,0
32768,160,True,0,rmsnorm_stat,71,0
32768,160,True,0,rmsnorm_stat,72,0
32768,160,True,0,rmsnorm_stat,73,0
32768,160,True,0,rmsnorm_stat,74,0
32768,160,True,0,rmsnorm_stat,75,0
32768,160,True,0,rmsnorm_stat,76,0
32768,160,True,0,rmsnorm_stat,77,0
32768,160,True,0,rmsnorm_stat,78,0
32768,160,True,0,rmsnorm_stat,79,0
32768,160,True,0,rmsnorm_stat,80,0
32768,160,True,0,rmsnorm_stat,81,0
32768,160,True,0,rmsnorm_stat,82,0
32768,160,True,0,rmsnorm_stat,83,0
32768,160,True,0,rmsnorm_stat,84,0
32768,160,True,0,rmsnorm_stat,85,0
32768,160,True,0,rmsnorm_stat,86,0
32768,160,True,0,rmsnorm_stat,87,0
32768,160,True,0,rmsnorm_stat,88,0
32768,160,True,0,rmsnorm_stat,89,0
32768,160,True,0,rmsnorm_stat,90,0
32768,160,True,0,rmsnorm_stat,91,0
32768,160,True,0,rmsnorm_stat,92,0
32768,160,True,0,rmsnorm_stat,93,0
32768,160,True,0,rmsnorm_stat,94,0
32768,160,True,0,rmsnorm_stat,95,0
32768,160,True,0,rmsnorm_stat,96,0
32768,160,True,0,rmsnorm_stat,97,0
32768,160,True,0,rmsnorm_stat,98,0
32768,160,True,0,rmsnorm_stat,99,0
32768,160,True,0,rmsnorm_stat,100,0
32768,160,True,0,rmsnorm_stat,101,0
32768,160,True,0,rmsnorm_stat,102,0
32768,160,True,0,rmsnorm_stat,103,0
32768,160,True,0,rmsnorm_stat,104,0
32768,160,True,0,rmsnorm_stat,105,0
32768,160,True,0,rmsnorm_stat,106,0
32768,160,True,0,rmsnorm_stat,107,0
32768,160,True,0,rmsnorm_stat,108,0
32768,160,True,0,rmsnorm_stat,109,0
32768,160,True,0,rmsnorm_stat,110,0
32768,160,True,0,rmsnorm_stat,111,0
32768,160,True,0,rmsnorm_stat,112,0
32768,160,True,0,rmsnorm_stat,113,0
32768,160,True,0,rmsnorm_stat,114,0
32768,160,True,0,rmsnorm_stat,115,0
32768,160,True,0,rmsnorm_stat,116,0
32768,160,True,0,rmsnorm_stat,117,0
32768,160,True,0,rmsnorm_stat,118,0
32768,160,True,0,rmsnorm_stat,119,0
32768,160,True,0,rmsnorm_stat,120,0
32768,160,True,0,rmsnorm_stat,121,0
32768,160,True,0,rmsnorm_stat,122,0
32768,160,True,0,rmsnorm_stat,123,0
32768,160,True,0,rmsnorm_stat,124,0
32768,160,True,0,rmsnorm_stat,125,0
32768,160,True,0,rmsnorm_stat,126,0
32768,160,True,0,rmsnorm_stat,127,0
32768,160,True,0,rmsnorm_stat,128,0
32768,160,True,0,rmsnorm_stat,129,0
32768,160,True,0,rmsnorm_stat,130,0
32768,160,True,0,rmsnorm_stat,131,0
32768,160,True,0,rmsnorm_stat,132,0
32768,160,True,0,rmsnorm_stat,133,0
32768,160,True,0,rmsnorm_stat,134,0
32768,160,True,0,rmsnorm_stat,135,0
32768,160,True,0,rmsnorm_stat,136,0
32768,160,True,0,rmsnorm_stat,137,0
32768,160,True,0,rmsnorm_stat,138,0
32768,160,True,0,rmsnorm_stat,139,0
32768,160,True,0,rmsnorm_stat,140,0
32768,160,True,0,rmsnorm_stat,141,0
32768,160,True,0,rmsnorm_stat,142,0
32768,160,True,0,rmsnorm_stat,143,0
32768,160,True,0,rmsnorm_stat,144,0
32768,160,True,0,rmsnorm_stat,145,0
32768,160,True,0,rmsnorm_stat,146,0
32768,160,True,0,rmsnorm_stat,147,0
32768,160,True,0,rmsnorm_stat,148,0
32768,160,True,0,rmsnorm_stat,149,0
32768,160,True,0,rmsnorm_stat,150,0
32768,160,True,0,rmsnorm_stat,151,0
32768,160,True,0,rmsnorm_stat,152,0
32768,160,True,0,rmsnorm_stat,153,0
32768,160,True,0,rmsnorm_stat,154,0
32768,160,True,0,rmsnorm_stat,155,0
32768,160,True,0,rmsnorm_stat,156,0
32768,160,True,0,rmsnorm_stat,157,0
32768,160,True,0,rmsnorm_stat,158,0
32768,160,True,0,rmsnorm_stat,159,0
32768,160,True,1,x_permute,0,1
32768,160,True,1,x_permute,1,1
32768,160,True,1,x_permute,2,1
32768,160,True,1,x_permute,3,1
32768,160,True,1,x_permute,4,1
32768,160,True,1,x_permute,5,1
32768,160,True,1,x_permute,6,1
32768,160,True,1,x_permute,7,1
32768,160,True,1,x_permute,8,1
32768,160,True,1,x_permute,9,1
32768,160,True,1,x_permute,10,1
32768,160,True,1,x_permute,11,1
32768,160,True,1,x_permute,12,1
32768,160,True,1,x_permute,13,1
32768,160,True,1,x_permute,14,1
32768,160,True,1,x_permute,15,1
32768,160,True,1,x_permute,16,1
32768,160,True,1,x_permute,17,1
32768,160,True,1,x_permute,18,1
32768,160,True,1,x_permute,19,1
32768,160,True,1,x_permute,20,1
32768,160,True,1,x_permute,21,1
32768,160,True,1,x_permute,22,1
32768,160,True,1,x_permute,23,1
32768,160,True,1,x_permute,24,1
32768,160,True,1,x_permute,25,1
32768,160,True,1,x_permute,26,1
32768,160,True,1,x_permute,27,1
32768,160,True,1,x_permute,28,1
32768,160,True,1,x_permute,29,1
32768,160,True,1,x_permute,30,1
32768,160,True,1,x_permute,31,1
32768,160,True,1,x_permute,32,1
32768,160,True,1,x_permute,33,1
32768,160,True,1,x_permute,34,1
32768,160,True,1,x_permute,35,1
32768,160,True,1,x_permute,36,1
32768,160,True,1,x_permute,37,1
32768,160,True,1,x_permute,38,1
32768,160,True,1,x_permute,39,1
32768,160,True,1,x_permute,40,1
32768,160,True,1,x_permute,41,1
32768,160,True,1,x_permute,42,1
32768,160,True,1,x_permute,43,1
32768,160,True,1,x_permute,44,1
32768,160,True,1,x_permute,45,1
32768,160,True,1,x_permute,46,1
32768,160,True,1,x_permute,47,1
32768,160,True,1,x_permute,48,1
32768,160,True,1,x_permute,49,1
32768,160,True,1,x_permute,50,1
32768,160,True,1,x_permute,51,1
32768,160,True,1,x_permute,52,1
32768,160,True,1,x_permute,53,1
32768,160,True,1,x_permute,54,1
32768,160,True,1,x_permute,55,1
32768,160,True,1,x_permute,56,1
32768,160,True,1,x_permute,57,1
32768,160,True,1,x_permute,58,1
32768,160,True,1,x_permute,59,1
32768,160,True,1,x_permute,60,1
32768,160,True,1,x_permute,61,1
32768,160,True,1,x_permute,62,1
32768,160,True,1,x_permute,63,1
32768,160,True,1,x_permute,64,0
32768,160,True,1,x_permute,65,0
32768,160,True,1,x_permute,66,0
32768,160,True,1,x_permute,67,0
32768,160,True,1,x_permute,68,0
32768,160,True,1,x_permute,69,0
32768,160,True,1,x_permute,70,0
32768,160,True,1,x_permute,71,0
32768,160,True,1,x_permute,72,0
32768,160,True,1,x_permute,73,0
32768,160,True,1,x_permute,74,0
32768,160,True,1,x_permute,75,0
32768,160,True,1,x_permute,76,0
32768,160,True,1,x_permute,77,0
32768,160,True,1,x_permute,78,0
32768,160,True,1,x_permute,79,0
32768,160,True,1,x_permute,80,0
32768,160,True,1,x_permute,81,0
32768,160,True,1,x_permute,82,0
32768,160,True,1,x_permute,83,0
32768,160,True,1,x_permute,84,0
32768,160,True,1,x_permute,85,0
32768,160,True,1,x_permute,86,0
32768,160,True,1,x_permute,87,0
32768,160,True,1,x_permute,88,0
32768,160,True,1,x_permute,89,0
32768,160,True,1,x_permute,90,0
32768,160,True,1,x_permute,91,0
32768,160,True,1,x_permute,92,0
32768,160,True,1,x_permute,93,0
32768,160,True,1,x_permute,94,0
32768,160,True,1,x_permute,95,0
32768,160,True,1,x_permute,96,0
32768,160,True,1,x_permute,97,0
32768,160,True,1,x_permute,98,0
32768,160,True,1,x_permute,99,0
32768,160,True,1,x_permute,100,0
32768,160,True,1,x_permute,101,0
32768,160,True,1,x_permute,102,0
32768,160,True,1,x_permute,103,0
32768,160,True,1,x_permute,104,0
32768,160,True,1,x_permute,105,0
32768,160,True,1,x_permute,106,0
32768,160,True,1,x_permute,107,0
32768,160,True,1,x_permute,108,0
32768,160,True,1,x_permute,109,0
32768,160,True,1,x_permute,110,0
32768,160,True,1,x_permute,111,0
32768,160,True,1,x_permute,112,0
32768,160,True,1,x_permute,113,0
32768,160,True,1,x_permute,114,0
32768,160,True,1,x_permute,115,0
32768,160,True,1,x_permute,116,0
32768,160,True,1,x_permute,117,0
32768,160,True,1,x_permute,118,0
32768,160,True,1,x_permute,119,0
32768,160,True,1,x_permute,120,0
32768,160,True,1,x_permute,121,0
32768,160,True,1,x_permute,122,0
32768,160,True,1,x_permute,123,0
32768,160,True,1,x_permute,124,0
32768,160,True,1,x_permute,125,0
32768,160,True,1,x_permute,126,0
32768,160,True,1,x_permute,127,0
32768,160,True,1,x_permute,128,0
32768,160,True,1,x_permute,129,0
32768,160,True,1,x_permute,130,0
32768,160,True,1,x_permute,131,0
32768,160,True,1,x_permute,132,0
32768,160,True,1,x_permute,133,0
32768,160,True,1,x_permute,134,0
32768,160,True,1,x_permute,135,0
32768,160,True,1,x_permute,136,0
32768,160,True,1,x_permute,137,0
32768,160,True,1,x_permute,138,0
32768,160,True,1,x_permute,139,0
32768,160,True,1,x_permute,140,0
32768,160,True,1,x_permute,141,0
32768,160,True,1,x_permute,142,0
32768,160,True,1,x_permute,143,0
32768,160,True,1,x_permute,144,0
32768,160,True,1,x_permute,145,0
32768,160,True,1,x_permute,146,0
32768,160,True,1,x_permute,147,0
32768,160,True,1,x_permute,148,0
32768,160,True,1,x_permute,149,0
32768,160,True,1,x_permute,150,0
32768,160,True,1,x_permute,151,0
32768,160,True,1,x_permute,152,0
32768,160,True,1,x_permute,153,0
32768,160,True,1,x_permute,154,0
32768,160,True,1,x_permute,155,0
32768,160,True,1,x_permute,156,0
32768,160,True,1,x_permute,157,0
32768,160,True,1,x_permute,158,0
32768,160,True,1,x_permute,159,0
32768,160,True,2,gemm_tile,0,4
32768,160,True,2,gemm_tile,1,4
32768,160,True,2,gemm_tile,2,4
32768,160,True,2,gemm_tile,3,4
32768,160,True,2,gemm_tile,4,3
32768,160,True,2,gemm_tile,5,4
32768,160,True,2,gemm_tile,6,4
32768,160,True,2,gemm_tile,7,4
32768,160,True,2,gemm_tile,8,4
32768,160,True,2,gemm_tile,9,4
32768,160,True,2,gemm_tile,10,3
32768,160,True,2,gemm_tile,11,3
32768,160,True,2,gemm_tile,12,3
32768,160,True,2,gemm_tile,13,3
32768,160,True,2,gemm_tile,14,3
32768,160,True,2,gemm_tile,15,3
32768,160,True,2,gemm_tile,16,3
32768,160,True,2,gemm_tile,17,3
32768,160,True,2,gemm_tile,18,4
32768,160,True,2,gemm_tile,19,3
32768,160,True,2,gemm_tile,20,3
32768,160,True,2,gemm_tile,21,3
32768,160,True,2,gemm_tile,22,4
32768,160,True,2,gemm_tile,23,3
32768,160,True,2,gemm_tile,24,3
32768,160,True,2,gemm_tile,25,4
32768,160,True,2,gemm_tile,26,3
32768,160,True,2,gemm_tile,27,3
32768,160,True,2,gemm_tile,28,4
32768,160,True,2,gemm_tile,29,3
32768,160,True,2,gemm_tile,30,4
32768,160,True,2,gemm_tile,31,3
32768,160,True,2,gemm_tile,32,4
32768,160,True,2,gemm_tile,33,4
32768,160,True,2,gemm_tile,34,4
32768,160,True,2,gemm_tile,35,3
32768,160,True,2,gemm_tile,36,4
32768,160,True,2,gemm_tile,37,4
32768,160,True,2,gemm_tile,38,4
32768,160,True,2,gemm_tile,39,3
32768,160,True,2,gemm_tile,40,4
32768,160,True,2,gemm_tile,41,4
32768,160,True,2,gemm_tile,42,4
32768,160,True,2,gemm_tile,43,3
32768,160,True,2,gemm_tile,44,3
32768,160,True,2,gemm_tile,45,3
32768,160,True,2,gemm_tile,46,4
32768,160,True,2,gemm_tile,47,4
32768,160,True,2,gemm_tile,48,3
32768,160,True,2,gemm_tile,49,3
32768,160,True,2,gemm_tile,50,4
32768,160,True,2,gemm_tile,51,3
32768,160,True,2,gemm_tile,52,3
32768,160,True,2,gemm_tile,53,3
32768,160,True,2,gemm_tile,54,3
32768,160,True,2,gemm_tile,55,3
32768,160,True,2,gemm_tile,56,4
32768,160,True,2,gemm_tile,57,3
32768,160,True,2,gemm_tile,58,3
32768,160,True,2,gemm_tile,59,3
32768,160,True,2,gemm_tile,60,3
32768,160,True,2,gemm_tile,61,3
32768,160,True,2,gemm_tile,62,3
32768,160,True,2,gemm_tile,63,3
32768,160,True,2,gemm_tile,64,3
32768,160,True,2,gemm_tile,65,3
32768,160,True,2,gemm_tile,66,3
32768,160,True,2,gemm_tile,67,3
32768,160,True,2,gemm_tile,68,4
32768,160,True,2,gemm_tile,69,3
32768,160,True,2,gemm_tile,70,4
32768,160,True,2,gemm_tile,71,3
32768,160,True,2,gemm_tile,72,4
32768,160,True,2,gemm_tile,73,3
32768,160,True,2,gemm_tile,74,3
32768,160,True,2,gemm_tile,75,3
32768,160,True,2,gemm_tile,76,4
32768,160,True,2,gemm_tile,77,4
32768,160,True,2,gemm_tile,78,3
32768,160,True,2,gemm_tile,79,3
32768,160,True,2,gemm_tile,80,3
32768,160,True,2,gemm_tile,81,3
32768,160,True,2,gemm_tile,82,3
32768,160,True,2,gemm_tile,83,3
32768,160,True,2,gemm_tile,84,3
32768,160,True,2,gemm_tile,85,3
32768,160,True,2,gemm_tile,86,3
32768,160,True,2,gemm_tile,87,3
32768,160,True,2,gemm_tile,88,3
32768,160,True,2,gemm_tile,89,3
32768,160,True,2,gemm_tile,90,3
32768,160,True,2,gemm_tile,91,3
32768,160,True,2,gemm_tile,92,3
32768,160,True,2,gemm_tile,93,3
32768,160,True,2,gemm_tile,94,3
32768,160,True,2,gemm_tile,95,3
32768,160,True,2,gemm_tile,96,3
32768,160,True,2,gemm_tile,97,3
32768,160,True,2,gemm_tile,98,3
32768,160,True,2,gemm_tile,99,3
32768,160,True,2,gemm_tile,100,3
32768,160,True,2,gemm_tile,101,3
32768,160,True,2,gemm_tile,102,3
32768,160,True,2,gemm_tile,103,3
32768,160,True,2,gemm_tile,104,3
32768,160,True,2,gemm_tile,105,3
32768,160,True,2,gemm_tile,106,3
32768,160,True,2,gemm_tile,107,3
32768,160,True,2,gemm_tile,108,3
32768,160,True,2,gemm_tile,109,3
32768,160,True,2,gemm_tile,110,3
32768,160,True,2,gemm_tile,111,3
32768,160,True,2,gemm_tile,112,3
32768,160,True,2,gemm_tile,113,3
32768,160,True,2,gemm_tile,114,3
32768,160,True,2,gemm_tile,115,3
32768,160,True,2,gemm_tile,116,3
32768,160,True,2,gemm_tile,117,3
32768,160,True,2,gemm_tile,118,3
32768,160,True,2,gemm_tile,119,3
32768,160,True,2,gemm_tile,120,3
32768,160,True,2,gemm_tile,121,3
32768,160,True,2,gemm_tile,122,3
32768,160,True,2,gemm_tile,123,3
32768,160,True,2,gemm_tile,124,3
32768,160,True,2,gemm_tile,125,3
32768,160,True,2,gemm_tile,126,3
32768,160,True,2,gemm_tile,127,3
32768,160,True,2,gemm_tile,128,3
32768,160,True,2,gemm_tile,129,3
32768,160,True,2,gemm_tile,130,3
32768,160,True,2,gemm_tile,131,3
32768,160,True,2,gemm_tile,132,3
32768,160,True,2,gemm_tile,133,3
32768,160,True,2,gemm_tile,134,3
32768,160,True,2,gemm_tile,135,3
32768,160,True,2,gemm_tile,136,3
32768,160,True,2,gemm_tile,137,3
32768,160,True,2,gemm_tile,138,3
32768,160,True,2,gemm_tile,139,3
32768,160,True,2,gemm_tile,140,3
32768,160,True,2,gemm_tile,141,3
32768,160,True,2,gemm_tile,142,3
32768,160,True,2,gemm_tile,143,3
32768,160,True,2,gemm_tile,144,3
32768,160,True,2,gemm_tile,145,3
32768,160,True,2,gemm_tile,146,3
32768,160,True,2,gemm_tile,147,3
32768,160,True,2,gemm_tile,148,3
32768,160,True,2,gemm_tile,149,3
32768,160,True,2,gemm_tile,150,3
32768,160,True,2,gemm_tile,151,3
32768,160,True,2,gemm_tile,152,3
32768,160,True,2,gemm_tile,153,3
32768,160,True,2,gemm_tile,154,3
32768,160,True,2,gemm_tile,155,3
32768,160,True,2,gemm_tile,156,3
32768,160,True,2,gemm_tile,157,3
32768,160,True,2,gemm_tile,158,3
32768,160,True,2,gemm_tile,159,3
32768,160,True,3,gqa_decode_mma,0,27
32768,160,True,3,gqa_decode_mma,1,25
32768,160,True,3,gqa_decode_mma,2,26
32768,160,True,3,gqa_decode_mma,3,27
32768,160,True,3,gqa_decode_mma,4,26
32768,160,True,3,gqa_decode_mma,5,26
32768,160,True,3,gqa_decode_mma,6,27
32768,160,True,3,gqa_decode_mma,7,25
32768,160,True,3,gqa_decode_mma,8,27
32768,160,True,3,gqa_decode_mma,9,25
32768,160,True,3,gqa_decode_mma,10,26
32768,160,True,3,gqa_decode_mma,11,25
32768,160,True,3,gqa_decode_mma,12,27
32768,160,True,3,gqa_decode_mma,13,25
32768,160,True,3,gqa_decode_mma,14,25
32768,160,True,3,gqa_decode_mma,15,25
32768,160,True,3,gqa_decode_mma,16,26
32768,160,True,3,gqa_decode_mma,17,24
32768,160,True,3,gqa_decode_mma,18,27
32768,160,True,3,gqa_decode_mma,19,26
32768,160,True,3,gqa_decode_mma,20,27
32768,160,True,3,gqa_decode_mma,21,25
32768,160,True,3,gqa_decode_mma,22,26
32768,160,True,3,gqa_decode_mma,23,25
32768,160,True,3,gqa_decode_mma,24,27
32768,160,True,3,gqa_decode_mma,25,26
32768,160,True,3,gqa_decode_mma,26,28
32768,160,True,3,gqa_decode_mma,27,25
32768,160,True,3,gqa_decode_mma,28,27
32768,160,True,3,gqa_decode_mma,29,23
32768,160,True,3,gqa_decode_mma,30,26
32768,160,True,3,gqa_decode_mma,31,24
32768,160,True,3,gqa_decode_mma,32,27
32768,160,True,3,gqa_decode_mma,33,24
32768,160,True,3,gqa_decode_mma,34,26
32768,160,True,3,gqa_decode_mma,35,25
32768,160,True,3,gqa_decode_mma,36,27
32768,160,True,3,gqa_decode_mma,37,25
32768,160,True,3,gqa_decode_mma,38,28
32768,160,True,3,gqa_decode_mma,39,25
32768,160,True,3,gqa_decode_mma,40,27
32768,160,True,3,gqa_decode_mma,41,26
32768,160,True,3,gqa_decode_mma,42,27
32768,160,True,3,gqa_decode_mma,43,26
32768,160,True,3,gqa_decode_mma,44,26
32768,160,True,3,gqa_decode_mma,45,26
32768,160,True,3,gqa_decode_mma,46,26
32768,160,True,3,gqa_decode_mma,47,26
32768,160,True,3,gqa_decode_mma,48,26
32768,160,True,3,gqa_decode_mma,49,26
32768,160,True,3,gqa_decode_mma,50,26
32768,160,True,3,gqa_decode_mma,51,26
32768,160,True,3,gqa_decode_mma,52,27
32768,160,True,3,gqa_decode_mma,53,25
32768,160,True,3,gqa_decode_mma,54,25
32768,160,True,3,gqa_decode_mma,55,23
32768,160,True,3,gqa_decode_mma,56,27
32768,160,True,3,gqa_decode_mma,57,26
32768,160,True,3,gqa_decode_mma,58,26
32768,160,True,3,gqa_decode_mma,59,24
32768,160,True,3,gqa_decode_mma,60,25
32768,160,True,3,gqa_decode_mma,61,25
32768,160,True,3,gqa_decode_mma,62,25
32768,160,True,3,gqa_decode_mma,63,26
32768,160,True,3,gqa_decode_mma,64,26
32768,160,True,3,gqa_decode_mma,65,26
32768,160,True,3,gqa_decode_mma,66,27
32768,160,True,3,gqa_decode_mma,67,26
32768,160,True,3,gqa_decode_mma,68,26
32768,160,True,3,gqa_decode_mma,69,25
32768,160,True,3,gqa_decode_mma,70,26
32768,160,True,3,gqa_decode_mma,71,25
32768,160,True,3,gqa_decode_mma,72,27
32768,160,True,3,gqa_decode_mma,73,25
32768,160,True,3,gqa_decode_mma,74,27
32768,160,True,3,gqa_decode_mma,75,26
32768,160,True,3,gqa_decode_mma,76,26
32768,160,True,3,gqa_decode_mma,77,25
32768,160,True,3,gqa_decode_mma,78,25
32768,160,True,3,gqa_decode_mma,79,24
32768,160,True,3,gqa_decode_mma,80,26
32768,160,True,3,gqa_decode_mma,81,26
32768,160,True,3,gqa_decode_mma,82,25
32768,160,True,3,gqa_decode_mma,83,26
32768,160,True,3,gqa_decode_mma,84,26
32768,160,True,3,gqa_decode_mma,85,26
32768,160,True,3,gqa_decode_mma,86,27
32768,160,True,3,gqa_decode_mma,87,27
32768,160,True,3,gqa_decode_mma,88,27
32768,160,True,3,gqa_decode_mma,89,23
32768,160,True,3,gqa_decode_mma,90,25
32768,160,True,3,gqa_decode_mma,91,26
32768,160,True,3,gqa_decode_mma,92,26
32768,160,True,3,gqa_decode_mma,93,25
32768,160,True,3,gqa_decode_mma,94,25
32768,160,True,3,gqa_decode_mma,95,25
32768,160,True,3,gqa_decode_mma,96,27
32768,160,True,3,gqa_decode_mma,97,26
32768,160,True,3,gqa_decode_mma,98,24
32768,160,True,3,gqa_decode_mma,99,25
32768,160,True,3,gqa_decode_mma,100,26
32768,160,True,3,gqa_decode_mma,101,25
32768,160,True,3,gqa_decode_mma,102,26
32768,160,True,3,gqa_decode_mma,103,25
32768,160,True,3,gqa_decode_mma,104,27
32768,160,True,3,gqa_decode_mma,105,26
32768,160,True,3,gqa_decode_mma,106,27
32768,160,True,3,gqa_decode_mma,107,25
32768,160,True,3,gqa_decode_mma,108,26
32768,160,True,3,gqa_decode_mma,109,25
32768,160,True,3,gqa_decode_mma,110,26
32768,160,True,3,gqa_decode_mma,111,23
32768,160,True,3,gqa_decode_mma,112,25
32768,160,True,3,gqa_decode_mma,113,25
32768,160,True,3,gqa_decode_mma,114,27
32768,160,True,3,gqa_decode_mma,115,25
32768,160,True,3,gqa_decode_mma,116,25
32768,160,True,3,gqa_decode_mma,117,24
32768,160,True,3,gqa_decode_mma,118,26
32768,160,True,3,gqa_decode_mma,119,24
32768,160,True,3,gqa_decode_mma,120,25
32768,160,True,3,gqa_decode_mma,121,26
32768,160,True,3,gqa_decode_mma,122,25
32768,160,True,3,gqa_decode_mma,123,26
32768,160,True,3,gqa_decode_mma,124,25
32768,160,True,3,gqa_decode_mma,125,26
32768,160,True,3,gqa_decode_mma,126,27
32768,160,True,3,gqa_decode_mma,127,25
32768,160,True,3,gqa_decode_mma,128,27
32768,160,True,3,gqa_decode_mma,129,25
32768,160,True,3,gqa_decode_mma,130,26
32768,160,True,3,gqa_decode_mma,131,24
32768,160,True,3,gqa_decode_mma,132,26
32768,160,True,3,gqa_decode_mma,133,24
32768,160,True,3,gqa_decode_mma,134,26
32768,160,True,3,gqa_decode_mma,135,25
32768,160,True,3,gqa_decode_mma,136,25
32768,160,True,3,gqa_decode_mma,137,25
32768,160,True,3,gqa_decode_mma,138,27
32768,160,True,3,gqa_decode_mma,139,26
32768,160,True,3,gqa_decode_mma,140,25
32768,160,True,3,gqa_decode_mma,141,24
32768,160,True,3,gqa_decode_mma,142,26
32768,160,True,3,gqa_decode_mma,143,25
32768,160,True,3,gqa_decode_mma,144,24
32768,160,True,3,gqa_decode_mma,145,24
32768,160,True,3,gqa_decode_mma,146,26
32768,160,True,3,gqa_decode_mma,147,24
32768,160,True,3,gqa_decode_mma,148,24
32768,160,True,3,gqa_decode_mma,149,25
32768,160,True,3,gqa_decode_mma,150,26
32768,160,True,3,gqa_decode_mma,151,26
32768,160,True,3,gqa_decode_mma,152,27
32768,160,True,3,gqa_decode_mma,153,26
32768,160,True,3,gqa_decode_mma,154,26
32768,160,True,3,gqa_decode_mma,155,26
32768,160,True,3,gqa_decode_mma,156,25
32768,160,True,3,gqa_decode_mma,157,26
32768,160,True,3,gqa_decode_mma,158,26
32768,160,True,3,gqa_decode_mma,159,24
32768,160,True,4,gemm_tile,0,1
32768,160,True,4,gemm_tile,1,4
32768,160,True,4,gemm_tile,2,3
32768,160,True,4,gemm_tile,3,2
32768,160,True,4,gemm_tile,4,2
32768,160,True,4,gemm_tile,5,2
32768,160,True,4,gemm_tile,6,2
32768,160,True,4,gemm_tile,7,4
32768,160,True,4,gemm_tile,8,1
32768,160,True,4,gemm_tile,9,4
32768,160,True,4,gemm_tile,10,1
32768,160,True,4,gemm_tile,11,4
32768,160,True,4,gemm_tile,12,0
32768,160,True,4,gemm_tile,13,3
32768,160,True,4,gemm_tile,14,3
32768,160,True,4,gemm_tile,15,4
32768,160,True,4,gemm_tile,16,2
32768,160,True,4,gemm_tile,17,5
32768,160,True,4,gemm_tile,18,1
32768,160,True,4,gemm_tile,19,2
32768,160,True,4,gemm_tile,20,1
32768,160,True,4,gemm_tile,21,3
32768,160,True,4,gemm_tile,22,2
32768,160,True,4,gemm_tile,23,3
32768,160,True,4,gemm_tile,24,1
32768,160,True,4,gemm_tile,25,2
32768,160,True,4,gemm_tile,26,0
32768,160,True,4,gemm_tile,27,4
32768,160,True,4,gemm_tile,28,0
32768,160,True,4,gemm_tile,29,6
32768,160,True,4,gemm_tile,30,1
32768,160,True,4,gemm_tile,31,4
32768,160,True,4,gemm_tile,32,1
32768,160,True,4,gemm_tile,33,4
32768,160,True,4,gemm_tile,34,3
32768,160,True,4,gemm_tile,35,3
32768,160,True,4,gemm_tile,36,2
32768,160,True,4,gemm_tile,37,3
32768,160,True,4,gemm_tile,38,0
32768,160,True,4,gemm_tile,39,3
32768,160,True,4,gemm_tile,40,2
32768,160,True,4,gemm_tile,41,3
32768,160,True,4,gemm_tile,42,1
32768,160,True,4,gemm_tile,43,3
32768,160,True,4,gemm_tile,44,3
32768,160,True,4,gemm_tile,45,3
32768,160,True,4,gemm_tile,46,3
32768,160,True,4,gemm_tile,47,2
32768,160,True,4,gemm_tile,48,1
32768,160,True,4,gemm_tile,49,2
32768,160,True,4,gemm_tile,50,2
32768,160,True,4,gemm_tile,51,3
32768,160,True,4,gemm_tile,52,1
32768,160,True,4,gemm_tile,53,4
32768,160,True,4,gemm_tile,54,3
32768,160,True,4,gemm_tile,55,6
32768,160,True,4,gemm_tile,56,1
32768,160,True,4,gemm_tile,57,2
32768,160,True,4,gemm_tile,58,3
32768,160,True,4,gemm_tile,59,4
32768,160,True,4,gemm_tile,60,3
32768,160,True,4,gemm_tile,61,3
32768,160,True,4,gemm_tile,62,3
32768,160,True,4,gemm_tile,63,2
32768,160,True,4,gemm_tile,64,2
32768,160,True,4,gemm_tile,65,3
32768,160,True,4,gemm_tile,66,1
32768,160,True,4,gemm_tile,67,3
32768,160,True,4,gemm_tile,68,2
32768,160,True,4,gemm_tile,69,3
32768,160,True,4,gemm_tile,70,1
32768,160,True,4,gemm_tile,71,2
32768,160,True,4,gemm_tile,72,1
32768,160,True,4,gemm_tile,73,3
32768,160,True,4,gemm_tile,74,1
32768,160,True,4,gemm_tile,75,3
32768,160,True,4,gemm_tile,76,3
32768,160,True,4,gemm_tile,77,3
32768,160,True,4,gemm_tile,78,3
32768,160,True,4,gemm_tile,79,4
32768,160,True,4,gemm_tile,80,2
32768,160,True,4,gemm_tile,81,2
32768,160,True,4,gemm_tile,82,3
32768,160,True,4,gemm_tile,83,2
32768,160,True,4,gemm_tile,84,2
32768,160,True,4,gemm_tile,85,2
32768,160,True,4,gemm_tile,86,1
32768,160,True,4,gemm_tile,87,1
32768,160,True,4,gemm_tile,88,1
32768,160,True,4,gemm_tile,89,6
32768,160,True,4,gemm_tile,90,2
32768,160,True,4,gemm_tile,91,2
32768,160,True,4,gemm_tile,92,2
32768,160,True,4,gemm_tile,93,3
32768,160,True,4,gemm_tile,94,2
32768,160,True,4,gemm_tile,95,3
32768,160,True,4,gemm_tile,96,0
32768,160,True,4,gemm_tile,97,2
32768,160,True,4,gemm_tile,98,4
32768,160,True,4,gemm_tile,99,3
32768,160,True,4,gemm_tile,100,2
32768,160,True,4,gemm_tile,101,3
32768,160,True,4,gemm_tile,102,1
32768,160,True,4,gemm_tile,103,3
32768,160,True,4,gemm_tile,104,1
32768,160,True,4,gemm_tile,105,2
32768,160,True,4,gemm_tile,106,1
32768,160,True,4,gemm_tile,107,4
32768,160,True,4,gemm_tile,108,2
32768,160,True,4,gemm_tile,109,3
32768,160,True,4,gemm_tile,110,1
32768,160,True,4,gemm_tile,111,5
32768,160,True,4,gemm_tile,112,3
32768,160,True,4,gemm_tile,113,3
32768,160,True,4,gemm_tile,114,0
32768,160,True,4,gemm_tile,115,3
32768,160,True,4,gemm_tile,116,3
32768,160,True,4,gemm_tile,117,5
32768,160,True,4,gemm_tile,118,1
32768,160,True,4,gemm_tile,119,4
32768,160,True,4,gemm_tile,120,3
32768,160,True,4,gemm_tile,121,2
32768,160,True,4,gemm_tile,122,3
32768,160,True,4,gemm_tile,123,1
32768,160,True,4,gemm_tile,124,3
32768,160,True,4,gemm_tile,125,1
32768,160,True,4,gemm_tile,126,1
32768,160,True,4,gemm_tile,127,3
32768,160,True,4,gemm_tile,128,1
32768,160,True,4,gemm_tile,129,3
32768,160,True,4,gemm_tile,130,2
32768,160,True,4,gemm_tile,131,3
32768,160,True,4,gemm_tile,132,1
32768,160,True,4,gemm_tile,133,4
32768,160,True,4,gemm_tile,134,1
32768,160,True,4,gemm_tile,135,3
32768,160,True,4,gemm_tile,136,2
32768,160,True,4,gemm_tile,137,3
32768,160,True,4,gemm_tile,138,0
32768,160,True,4,gemm_tile,139,2
32768,160,True,4,gemm_tile,140,3
32768,160,True,4,gemm_tile,141,4
32768,160,True,4,gemm_tile,142,2
32768,160,True,4,gemm_tile,143,3
32768,160,True,4,gemm_tile,144,4
32768,160,True,4,gemm_tile,145,4
32768,160,True,4,gemm_tile,146,1
32768,160,True,4,gemm_tile,147,4
32768,160,True,4,gemm_tile,148,4
32768,160,True,4,gemm_tile,149,3
32768,160,True,4,gemm_tile,150,1
32768,160,True,4,gemm_tile,151,2
32768,160,True,4,gemm_tile,152,1
32768,160,True,4,gemm_tile,153,2
32768,160,True,4,gemm_tile,154,1
32768,160,True,4,gemm_tile,155,1
32768,160,True,4,gemm_tile,156,3
32768,160,True,4,gemm_tile,157,2
32768,160,True,4,gemm_tile,158,1
32768,160,True,4,gemm_tile,159,4
32768,160,True,5,gqa_merge,0,1
32768,160,True,5,gqa_merge,1,1
32768,160,True,5,gqa_merge,2,1
32768,160,True,5,gqa_merge,3,1
32768,160,True,5,gqa_merge,4,1
32768,160,True,5,gqa_merge,5,1
32768,160,True,5,gqa_merge,6,1
32768,160,True,5,gqa_merge,7,1
32768,160,True,5,gqa_merge,8,1
32768,160,True,5,gqa_merge,9,1
32768,160,True,5,gqa_merge,10,1
32768,160,True,5,gqa_merge,11,1
32768,160,True,5,gqa_merge,12,1
32768,160,True,5,gqa_merge,13,1
32768,160,True,5,gqa_merge,14,1
32768,160,True,5,gqa_merge,15,1
32768,160,True,5,gqa_merge,16,1
32768,160,True,5,gqa_merge,17,1
32768,160,True,5,gqa_merge,18,1
32768,160,True,5,gqa_merge,19,1
32768,160,True,5,gqa_merge,20,1
32768,160,True,5,gqa_merge,21,1
32768,160,True,5,gqa_merge,22,1
32768,160,True,5,gqa_merge,23,1
32768,160,True,5,gqa_merge,24,1
32768,160,True,5,gqa_merge,25,1
32768,160,True,5,gqa_merge,26,1
32768,160,True,5,gqa_merge,27,1
32768,160,True,5,gqa_merge,28,1
32768,160,True,5,gqa_merge,29,1
32768,160,True,5,gqa_merge,30,1
32768,160,True,5,gqa_merge,31,1
32768,160,True,5,gqa_merge,32,1
32768,160,True,5,gqa_merge,33,1
32768,160,True,5,gqa_merge,34,1
32768,160,True,5,gqa_merge,35,1
32768,160,True,5,gqa_merge,36,1
32768,160,True,5,gqa_merge,37,1
32768,160,True,5,gqa_merge,38,1
32768,160,True,5,gqa_merge,39,1
32768,160,True,5,gqa_merge,40,1
32768,160,True,5,gqa_merge,41,1
32768,160,True,5,gqa_merge,42,1
32768,160,True,5,gqa_merge,43,1
32768,160,True,5,gqa_merge,44,1
32768,160,True,5,gqa_merge,45,1
32768,160,True,5,gqa_merge,46,1
32768,160,True,5,gqa_merge,47,1
32768,160,True,5,gqa_merge,48,1
32768,160,True,5,gqa_merge,49,1
32768,160,True,5,gqa_merge,50,1
32768,160,True,5,gqa_merge,51,1
32768,160,True,5,gqa_merge,52,1
32768,160,True,5,gqa_merge,53,1
32768,160,True,5,gqa_merge,54,1
32768,160,True,5,gqa_merge,55,1
32768,160,True,5,gqa_merge,56,1
32768,160,True,5,gqa_merge,57,1
32768,160,True,5,gqa_merge,58,1
32768,160,True,5,gqa_merge,59,1
32768,160,True,5,gqa_merge,60,1
32768,160,True,5,gqa_merge,61,1
32768,160,True,5,gqa_merge,62,1
32768,160,True,5,gqa_merge,63,1
32768,160,True,5,gqa_merge,64,1
32768,160,True,5,gqa_merge,65,1
32768,160,True,5,gqa_merge,66,1
32768,160,True,5,gqa_merge,67,1
32768,160,True,5,gqa_merge,68,1
32768,160,True,5,gqa_merge,69,1
32768,160,True,5,gqa_merge,70,1
32768,160,True,5,gqa_merge,71,1
32768,160,True,5,gqa_merge,72,1
32768,160,True,5,gqa_merge,73,1
32768,160,True,5,gqa_merge,74,1
32768,160,True,5,gqa_merge,75,1
32768,160,True,5,gqa_merge,76,1
32768,160,True,5,gqa_merge,77,1
32768,160,True,5,gqa_merge,78,1
32768,160,True,5,gqa_merge,79,1
32768,160,True,5,gqa_merge,80,1
32768,160,True,5,gqa_merge,81,1
32768,160,True,5,gqa_merge,82,1
32768,160,True,5,gqa_merge,83,1
32768,160,True,5,gqa_merge,84,1
32768,160,True,5,gqa_merge,85,1
32768,160,True,5,gqa_merge,86,1
32768,160,True,5,gqa_merge,87,1
32768,160,True,5,gqa_merge,88,1
32768,160,True,5,gqa_merge,89,1
32768,160,True,5,gqa_merge,90,1
32768,160,True,5,gqa_merge,91,1
32768,160,True,5,gqa_merge,92,1
32768,160,True,5,gqa_merge,93,1
32768,160,True,5,gqa_merge,94,1
32768,160,True,5,gqa_merge,95,1
32768,160,True,5,gqa_merge,96,0
32768,160,True,5,gqa_merge,97,0
32768,160,True,5,gqa_merge,98,0
32768,160,True,5,gqa_merge,99,0
32768,160,True,5,gqa_merge,100,0
32768,160,True,5,gqa_merge,101,0
32768,160,True,5,gqa_merge,102,0
32768,160,True,5,gqa_merge,103,0
32768,160,True,5,gqa_merge,104,0
32768,160,True,5,gqa_merge,105,0
32768,160,True,5,gqa_merge,106,0
32768,160,True,5,gqa_merge,107,0
32768,160,True,5,gqa_merge,108,0
32768,160,True,5,gqa_merge,109,0
32768,160,True,5,gqa_merge,110,0
32768,160,True,5,gqa_merge,111,0
32768,160,True,5,gqa_merge,112,0
32768,160,True,5,gqa_merge,113,0
32768,160,True,5,gqa_merge,114,0
32768,160,True,5,gqa_merge,115,0
32768,160,True,5,gqa_merge,116,0
32768,160,True,5,gqa_merge,117,0
32768,160,True,5,gqa_merge,118,0
32768,160,True,5,gqa_merge,119,0
32768,160,True,5,gqa_merge,120,0
32768,160,True,5,gqa_merge,121,0
32768,160,True,5,gqa_merge,122,0
32768,160,True,5,gqa_merge,123,0
32768,160,True,5,gqa_merge,124,0
32768,160,True,5,gqa_merge,125,0
32768,160,True,5,gqa_merge,126,0
32768,160,True,5,gqa_merge,127,0
32768,160,True,5,gqa_merge,128,0
32768,160,True,5,gqa_merge,129,0
32768,160,True,5,gqa_merge,130,0
32768,160,True,5,gqa_merge,131,0
32768,160,True,5,gqa_merge,132,0
32768,160,True,5,gqa_merge,133,0
32768,160,True,5,gqa_merge,134,0
32768,160,True,5,gqa_merge,135,0
32768,160,True,5,gqa_merge,136,0
32768,160,True,5,gqa_merge,137,0
32768,160,True,5,gqa_merge,138,0
32768,160,True,5,gqa_merge,139,0
32768,160,True,5,gqa_merge,140,0
32768,160,True,5,gqa_merge,141,0
32768,160,True,5,gqa_merge,142,0
32768,160,True,5,gqa_merge,143,0
32768,160,True,5,gqa_merge,144,0
32768,160,True,5,gqa_merge,145,0
32768,160,True,5,gqa_merge,146,0
32768,160,True,5,gqa_merge,147,0
32768,160,True,5,gqa_merge,148,0
32768,160,True,5,gqa_merge,149,0
32768,160,True,5,gqa_merge,150,0
32768,160,True,5,gqa_merge,151,0
32768,160,True,5,gqa_merge,152,0
32768,160,True,5,gqa_merge,153,0
32768,160,True,5,gqa_merge,154,0
32768,160,True,5,gqa_merge,155,0
32768,160,True,5,gqa_merge,156,0
32768,160,True,5,gqa_merge,157,0
32768,160,True,5,gqa_merge,158,0
32768,160,True,5,gqa_merge,159,0
32768,160,True,6,gemm_tile,0,2
32768,160,True,6,gemm_tile,1,2
32768,160,True,6,gemm_tile,2,2
32768,160,True,6,gemm_tile,3,2
32768,160,True,6,gemm_tile,4,2
32768,160,True,6,gemm_tile,5,2
32768,160,True,6,gemm_tile,6,2
32768,160,True,6,gemm_tile,7,2
32768,160,True,6,gemm_tile,8,2
32768,160,True,6,gemm_tile,9,2
32768,160,True,6,gemm_tile,10,2
32768,160,True,6,gemm_tile,11,2
32768,160,True,6,gemm_tile,12,2
32768,160,True,6,gemm_tile,13,2
32768,160,True,6,gemm_tile,14,2
32768,160,True,6,gemm_tile,15,2
32768,160,True,6,gemm_tile,16,2
32768,160,True,6,gemm_tile,17,2
32768,160,True,6,gemm_tile,18,2
32768,160,True,6,gemm_tile,19,2
32768,160,True,6,gemm_tile,20,2
32768,160,True,6,gemm_tile,21,2
32768,160,True,6,gemm_tile,22,2
32768,160,True,6,gemm_tile,23,2
32768,160,True,6,gemm_tile,24,2
32768,160,True,6,gemm_tile,25,2
32768,160,True,6,gemm_tile,26,2
32768,160,True,6,gemm_tile,27,2
32768,160,True,6,gemm_tile,28,2
32768,160,True,6,gemm_tile,29,2
32768,160,True,6,gemm_tile,30,2
32768,160,True,6,gemm_tile,31,2
32768,160,True,6,gemm_tile,32,2
32768,160,True,6,gemm_tile,33,2
32768,160,True,6,gemm_tile,34,2
32768,160,True,6,gemm_tile,35,2
32768,160,True,6,gemm_tile,36,2
32768,160,True,6,gemm_tile,37,2
32768,160,True,6,gemm_tile,38,2
32768,160,True,6,gemm_tile,39,2
32768,160,True,6,gemm_tile,40,2
32768,160,True,6,gemm_tile,41,2
32768,160,True,6,gemm_tile,42,2
32768,160,True,6,gemm_tile,43,2
32768,160,True,6,gemm_tile,44,2
32768,160,True,6,gemm_tile,45,2
32768,160,True,6,gemm_tile,46,2
32768,160,True,6,gemm_tile,47,2
32768,160,True,6,gemm_tile,48,2
32768,160,True,6,gemm_tile,49,2
32768,160,True,6,gemm_tile,50,2
32768,160,True,6,gemm_tile,51,2
32768,160,True,6,gemm_tile,52,2
32768,160,True,6,gemm_tile,53,2
32768,160,True,6,gemm_tile,54,2
32768,160,True,6,gemm_tile,55,2
32768,160,True,6,gemm_tile,56,2
32768,160,True,6,gemm_tile,57,2
32768,160,True,6,gemm_tile,58,2
32768,160,True,6,gemm_tile,59,2
32768,160,True,6,gemm_tile,60,2
32768,160,True,6,gemm_tile,61,2
32768,160,True,6,gemm_tile,62,2
32768,160,True,6,gemm_tile,63,2
32768,160,True,6,gemm_tile,64,2
32768,160,True,6,gemm_tile,65,2
32768,160,True,6,gemm_tile,66,2
32768,160,True,6,gemm_tile,67,2
32768,160,True,6,gemm_tile,68,2
32768,160,True,6,gemm_tile,69,2
32768,160,True,6,gemm_tile,70,2
32768,160,True,6,gemm_tile,71,2
32768,160,True,6,gemm_tile,72,2
32768,160,True,6,gemm_tile,73,2
32768,160,True,6,gemm_tile,74,2
32768,160,True,6,gemm_tile,75,2
32768,160,True,6,gemm_tile,76,2
32768,160,True,6,gemm_tile,77,2
32768,160,True,6,gemm_tile,78,2
32768,160,True,6,gemm_tile,79,2
32768,160,True,6,gemm_tile,80,2
32768,160,True,6,gemm_tile,81,2
32768,160,True,6,gemm_tile,82,2
32768,160,True,6,gemm_tile,83,2
32768,160,True,6,gemm_tile,84,2
32768,160,True,6,gemm_tile,85,2
32768,160,True,6,gemm_tile,86,2
32768,160,True,6,gemm_tile,87,2
32768,160,True,6,gemm_tile,88,2
32768,160,True,6,gemm_tile,89,2
32768,160,True,6,gemm_tile,90,2
32768,160,True,6,gemm_tile,91,2
32768,160,True,6,gemm_tile,92,2
32768,160,True,6,gemm_tile,93,2
32768,160,True,6,gemm_tile,94,2
32768,160,True,6,gemm_tile,95,2
32768,160,True,6,gemm_tile,96,2
32768,160,True,6,gemm_tile,97,2
32768,160,True,6,gemm_tile,98,2
32768,160,True,6,gemm_tile,99,2
32768,160,True,6,gemm_tile,100,2
32768,160,True,6,gemm_tile,101,2
32768,160,True,6,gemm_tile,102,2
32768,160,True,6,gemm_tile,103,2
32768,160,True,6,gemm_tile,104,2
32768,160,True,6,gemm_tile,105,2
32768,160,True,6,gemm_tile,106,2
32768,160,True,6,gemm_tile,107,2
32768,160,True,6,gemm_tile,108,2
32768,160,True,6,gemm_tile,109,2
32768,160,True,6,gemm_tile,110,2
32768,160,True,6,gemm_tile,111,2
32768,160,True,6,gemm_tile,112,2
32768,160,True,6,gemm_tile,113,2
32768,160,True,6,gemm_tile,114,2
32768,160,True,6,gemm_tile,115,2
32768,160,True,6,gemm_tile,116,2
32768,160,True,6,gemm_tile,117,2
32768,160,True,6,gemm_tile,118,2
32768,160,True,6,gemm_tile,119,2
32768,160,True,6,gemm_tile,120,2
32768,160,True,6,gemm_tile,121,2
32768,160,True,6,gemm_tile,122,2
32768,160,True,6,gemm_tile,123,2
32768,160,True,6,gemm_tile,124,2
32768,160,True,6,gemm_tile,125,2
32768,160,True,6,gemm_tile,126,2
32768,160,True,6,gemm_tile,127,2
32768,160,True,6,gemm_tile,128,2
32768,160,True,6,gemm_tile,129,2
32768,160,True,6,gemm_tile,130,2
32768,160,True,6,gemm_tile,131,2
32768,160,True,6,gemm_tile,132,2
32768,160,True,6,gemm_tile,133,2
32768,160,True,6,gemm_tile,134,2
32768,160,True,6,gemm_tile,135,2
32768,160,True,6,gemm_tile,136,2
32768,160,True,6,gemm_tile,137,2
32768,160,True,6,gemm_tile,138,2
32768,160,True,6,gemm_tile,139,2
32768,160,True,6,gemm_tile,140,2
32768,160,True,6,gemm_tile,141,2
32768,160,True,6,gemm_tile,142,2
32768,160,True,6,gemm_tile,143,2
32768,160,True,6,gemm_tile,144,2
32768,160,True,6,gemm_tile,145,2
32768,160,True,6,gemm_tile,146,2
32768,160,True,6,gemm_tile,147,2
32768,160,True,6,gemm_tile,148,2
32768,160,True,6,gemm_tile,149,2
32768,160,True,6,gemm_tile,150,2
32768,160,True,6,gemm_tile,151,2
32768,160,True,6,gemm_tile,152,2
32768,160,True,6,gemm_tile,153,2
32768,160,True,6,gemm_tile,154,2
32768,160,True,6,gemm_tile,155,2
32768,160,True,6,gemm_tile,156,2
32768,160,True,6,gemm_tile,157,2
32768,160,True,6,gemm_tile,158,2
32768,160,True,6,gemm_tile,159,2
