screen,ctx,requested_config,effective_config,original_us,control_us,megakernel_us,control_bit_exact,cosine
geometry,128,"{""barrier"": ""simd"", ""compact"": true, ""sgs"": 8, ""split"": true, ""task_barrier"": false, ""tn"": 16, ""workers"": 80}","{""barrier"": ""simd"", ""compact"": true, ""sgs"": 8, ""split"": true, ""task_barrier"": false, ""tn"": 16, ""workers"": 80}",632.4166664853692,641.9652778034409,650.9340281287829,True,0.9999996342805897
geometry,8192,"{""barrier"": ""simd"", ""compact"": true, ""sgs"": 8, ""split"": true, ""task_barrier"": false, ""tn"": 16, ""workers"": 80}","{""barrier"": ""simd"", ""compact"": true, ""sgs"": 8, ""split"": true, ""task_barrier"": false, ""tn"": 16, ""workers"": 80}",1072.0277776320775,1067.3333331942558,1128.3888891339302,True,0.9999998948697897
geometry,128,"{""attention_groups"": 80, ""attention_qm"": 8, ""barrier"": ""simd"", ""compact"": true, ""sgs"": 4, ""split"": true, ""task_barrier"": false, ""tn"": 16, ""workers"": 40}","{""attention_groups"": 80, ""attention_qm"": 8, ""barrier"": ""simd"", ""compact"": true, ""sgs"": 4, ""split"": true, ""task_barrier"": false, ""tn"": 16, ""workers"": 40}",632.3888888582587,1044.381944462657,1129.4270831470687,True,0.9999996265052908
geometry,8192,"{""attention_groups"": 80, ""attention_qm"": 8, ""barrier"": ""simd"", ""compact"": true, ""sgs"": 4, ""split"": true, ""task_barrier"": false, ""tn"": 16, ""workers"": 40}","{""attention_groups"": 80, ""attention_qm"": 8, ""barrier"": ""simd"", ""compact"": true, ""sgs"": 4, ""split"": true, ""task_barrier"": false, ""tn"": 16, ""workers"": 40}",1080.149305363496,1835.4375002284844,2920.934027681748,True,0.9999998928091576
geometry,128,"{""attention_groups"": 160, ""attention_qm"": 8, ""barrier"": ""simd"", ""compact"": true, ""sgs"": 4, ""split"": true, ""task_barrier"": false, ""tn"": 16, ""workers"": 40}","{""attention_groups"": 160, ""attention_qm"": 8, ""barrier"": ""simd"", ""compact"": true, ""sgs"": 4, ""split"": true, ""task_barrier"": false, ""tn"": 16, ""workers"": 40}",631.6423608611027,1044.8645834500592,1118.9791668827336,True,0.9999996265052908
geometry,8192,"{""attention_groups"": 160, ""attention_qm"": 8, ""barrier"": ""simd"", ""compact"": true, ""sgs"": 4, ""split"": true, ""task_barrier"": false, ""tn"": 16, ""workers"": 40}","{""attention_groups"": 160, ""attention_qm"": 8, ""barrier"": ""simd"", ""compact"": true, ""sgs"": 4, ""split"": true, ""task_barrier"": false, ""tn"": 16, ""workers"": 40}",1075.4999999577801,1465.6180556242664,2862.4374999975166,True,0.9999998928091576
geometry,128,"{""attention_groups"": 320, ""attention_qm"": 8, ""barrier"": ""simd"", ""compact"": true, ""sgs"": 4, ""split"": true, ""task_barrier"": false, ""tn"": 16, ""workers"": 40}","{""attention_groups"": 320, ""attention_qm"": 8, ""barrier"": ""simd"", ""compact"": true, ""sgs"": 4, ""split"": true, ""task_barrier"": false, ""tn"": 16, ""workers"": 40}",635.499999858439,1044.6076386918623,1125.5624998981755,True,0.9999996265052908
geometry,8192,"{""attention_groups"": 320, ""attention_qm"": 8, ""barrier"": ""simd"", ""compact"": true, ""sgs"": 4, ""split"": true, ""task_barrier"": false, ""tn"": 16, ""workers"": 40}","{""attention_groups"": 320, ""attention_qm"": 8, ""barrier"": ""simd"", ""compact"": true, ""sgs"": 4, ""split"": true, ""task_barrier"": false, ""tn"": 16, ""workers"": 40}",1073.0347223579884,1487.458333062629,2850.892360943059,True,0.9999998928091576
geometry,128,"{""attention_groups"": 80, ""attention_qm"": 16, ""barrier"": ""simd"", ""compact"": true, ""sgs"": 4, ""split"": true, ""task_barrier"": false, ""tn"": 16, ""workers"": 40}","{""attention_groups"": 80, ""attention_qm"": 16, ""barrier"": ""simd"", ""compact"": true, ""sgs"": 4, ""split"": true, ""task_barrier"": false, ""tn"": 16, ""workers"": 40}",634.2673612137636,1045.7395833606522,1117.3402778804302,True,0.9999996265052908
geometry,8192,"{""attention_groups"": 80, ""attention_qm"": 16, ""barrier"": ""simd"", ""compact"": true, ""sgs"": 4, ""split"": true, ""task_barrier"": false, ""tn"": 16, ""workers"": 40}","{""attention_groups"": 80, ""attention_qm"": 16, ""barrier"": ""simd"", ""compact"": true, ""sgs"": 4, ""split"": true, ""task_barrier"": false, ""tn"": 16, ""workers"": 40}",1072.190972045064,1495.8055553336937,2220.91666671137,True,0.9999998928091576
geometry,128,"{""attention_groups"": 160, ""attention_qm"": 16, ""barrier"": ""simd"", ""compact"": true, ""sgs"": 4, ""split"": true, ""task_barrier"": false, ""tn"": 16, ""workers"": 40}","{""attention_groups"": 160, ""attention_qm"": 16, ""barrier"": ""simd"", ""compact"": true, ""sgs"": 4, ""split"": true, ""task_barrier"": false, ""tn"": 16, ""workers"": 40}",631.4270834748944,1040.8020835990708,1121.6041666145127,True,0.9999996265052908
geometry,8192,"{""attention_groups"": 160, ""attention_qm"": 16, ""barrier"": ""simd"", ""compact"": true, ""sgs"": 4, ""split"": true, ""task_barrier"": false, ""tn"": 16, ""workers"": 40}","{""attention_groups"": 160, ""attention_qm"": 16, ""barrier"": ""simd"", ""compact"": true, ""sgs"": 4, ""split"": true, ""task_barrier"": false, ""tn"": 16, ""workers"": 40}",1080.4895833134651,1452.6319444800417,2205.239583427707,True,0.9999998928091576
geometry,128,"{""attention_groups"": 320, ""attention_qm"": 16, ""barrier"": ""simd"", ""compact"": true, ""sgs"": 4, ""split"": true, ""task_barrier"": false, ""tn"": 16, ""workers"": 40}","{""attention_groups"": 320, ""attention_qm"": 16, ""barrier"": ""simd"", ""compact"": true, ""sgs"": 4, ""split"": true, ""task_barrier"": false, ""tn"": 16, ""workers"": 40}",634.7152773911754,1043.7951389079292,1117.3923614745338,True,0.9999996265052908
geometry,8192,"{""attention_groups"": 320, ""attention_qm"": 16, ""barrier"": ""simd"", ""compact"": true, ""sgs"": 4, ""split"": true, ""task_barrier"": false, ""tn"": 16, ""workers"": 40}","{""attention_groups"": 320, ""attention_qm"": 16, ""barrier"": ""simd"", ""compact"": true, ""sgs"": 4, ""split"": true, ""task_barrier"": false, ""tn"": 16, ""workers"": 40}",1075.906250004967,1473.0104167635243,2208.111111074686,True,0.9999998928091576
geometry,128,"{""attention_groups"": 80, ""attention_qm"": 8, ""barrier"": ""simd"", ""compact"": true, ""sgs"": 4, ""split"": true, ""task_barrier"": false, ""tn"": 16, ""workers"": 80}","{""attention_groups"": 80, ""attention_qm"": 8, ""barrier"": ""simd"", ""compact"": true, ""sgs"": 4, ""split"": true, ""task_barrier"": false, ""tn"": 16, ""workers"": 80}",632.5243056441346,761.1597220723828,798.7152775749564,True,0.9999996265052908
geometry,8192,"{""attention_groups"": 80, ""attention_qm"": 8, ""barrier"": ""simd"", ""compact"": true, ""sgs"": 4, ""split"": true, ""task_barrier"": false, ""tn"": 16, ""workers"": 80}","{""attention_groups"": 80, ""attention_qm"": 8, ""barrier"": ""simd"", ""compact"": true, ""sgs"": 4, ""split"": true, ""task_barrier"": false, ""tn"": 16, ""workers"": 80}",1071.8854165946443,1629.9444446340203,1753.3368058502674,True,0.9999998928091576
geometry,128,"{""attention_groups"": 160, ""attention_qm"": 8, ""barrier"": ""simd"", ""compact"": true, ""sgs"": 4, ""split"": true, ""task_barrier"": false, ""tn"": 16, ""workers"": 80}","{""attention_groups"": 160, ""attention_qm"": 8, ""barrier"": ""simd"", ""compact"": true, ""sgs"": 4, ""split"": true, ""task_barrier"": false, ""tn"": 16, ""workers"": 80}",642.30208316197,764.2812499155601,812.5972223157684,True,0.9999996265052908
geometry,8192,"{""attention_groups"": 160, ""attention_qm"": 8, ""barrier"": ""simd"", ""compact"": true, ""sgs"": 4, ""split"": true, ""task_barrier"": false, ""tn"": 16, ""workers"": 80}","{""attention_groups"": 160, ""attention_qm"": 8, ""barrier"": ""simd"", ""compact"": true, ""sgs"": 4, ""split"": true, ""task_barrier"": false, ""tn"": 16, ""workers"": 80}",1071.5625000496705,1273.4895832836628,1764.277777634561,True,0.9999998928091576
geometry,128,"{""attention_groups"": 320, ""attention_qm"": 8, ""barrier"": ""simd"", ""compact"": true, ""sgs"": 4, ""split"": true, ""task_barrier"": false, ""tn"": 16, ""workers"": 80}","{""attention_groups"": 320, ""attention_qm"": 8, ""barrier"": ""simd"", ""compact"": true, ""sgs"": 4, ""split"": true, ""task_barrier"": false, ""tn"": 16, ""workers"": 80}",635.2638890966773,763.413194877406,806.7916665847102,True,0.9999996265052908
geometry,8192,"{""attention_groups"": 320, ""attention_qm"": 8, ""barrier"": ""simd"", ""compact"": true, ""sgs"": 4, ""split"": true, ""task_barrier"": false, ""tn"": 16, ""workers"": 80}","{""attention_groups"": 320, ""attention_qm"": 8, ""barrier"": ""simd"", ""compact"": true, ""sgs"": 4, ""split"": true, ""task_barrier"": false, ""tn"": 16, ""workers"": 80}",1072.5000000869234,1315.0104169423382,1747.913194509844,True,0.9999998928091576
geometry,128,"{""attention_groups"": 80, ""attention_qm"": 16, ""barrier"": ""simd"", ""compact"": true, ""sgs"": 4, ""split"": true, ""task_barrier"": false, ""tn"": 16, ""workers"": 80}","{""attention_groups"": 80, ""attention_qm"": 16, ""barrier"": ""simd"", ""compact"": true, ""sgs"": 4, ""split"": true, ""task_barrier"": false, ""tn"": 16, ""workers"": 80}",635.5416669199864,763.802083209157,797.0034722238779,True,0.9999996265052908
geometry,8192,"{""attention_groups"": 80, ""attention_qm"": 16, ""barrier"": ""simd"", ""compact"": true, ""sgs"": 4, ""split"": true, ""task_barrier"": false, ""tn"": 16, ""workers"": 80}","{""attention_groups"": 80, ""attention_qm"": 16, ""barrier"": ""simd"", ""compact"": true, ""sgs"": 4, ""split"": true, ""task_barrier"": false, ""tn"": 16, ""workers"": 80}",1072.4687498683732,1303.2430556292336,1422.9999997963507,True,0.9999998928091576
geometry,128,"{""attention_groups"": 160, ""attention_qm"": 16, ""barrier"": ""simd"", ""compact"": true, ""sgs"": 4, ""split"": true, ""task_barrier"": false, ""tn"": 16, ""workers"": 80}","{""attention_groups"": 160, ""attention_qm"": 16, ""barrier"": ""simd"", ""compact"": true, ""sgs"": 4, ""split"": true, ""task_barrier"": false, ""tn"": 16, ""workers"": 80}",634.7881943608323,768.3368058254322,797.0034725343188,True,0.9999996265052908
geometry,8192,"{""attention_groups"": 160, ""attention_qm"": 16, ""barrier"": ""simd"", ""compact"": true, ""sgs"": 4, ""split"": true, ""task_barrier"": false, ""tn"": 16, ""workers"": 80}","{""attention_groups"": 160, ""attention_qm"": 16, ""barrier"": ""simd"", ""compact"": true, ""sgs"": 4, ""split"": true, ""task_barrier"": false, ""tn"": 16, ""workers"": 80}",1073.1215275203188,1180.9930553038914,1421.7048610250156,True,0.9999998928091576
geometry,128,"{""attention_groups"": 320, ""attention_qm"": 16, ""barrier"": ""simd"", ""compact"": true, ""sgs"": 4, ""split"": true, ""task_barrier"": false, ""tn"": 16, ""workers"": 80}","{""attention_groups"": 320, ""attention_qm"": 16, ""barrier"": ""simd"", ""compact"": true, ""sgs"": 4, ""split"": true, ""task_barrier"": false, ""tn"": 16, ""workers"": 80}",633.7048610051473,763.5243056962887,800.3437500447035,True,0.9999996265052908
geometry,8192,"{""attention_groups"": 320, ""attention_qm"": 16, ""barrier"": ""simd"", ""compact"": true, ""sgs"": 4, ""split"": true, ""task_barrier"": false, ""tn"": 16, ""workers"": 80}","{""attention_groups"": 320, ""attention_qm"": 16, ""barrier"": ""simd"", ""compact"": true, ""sgs"": 4, ""split"": true, ""task_barrier"": false, ""tn"": 16, ""workers"": 80}",1071.6840280219913,1204.7673609728615,1425.031250032286,True,0.9999998928091576
geometry,128,"{""attention_groups"": 80, ""attention_qm"": 8, ""barrier"": ""simd"", ""compact"": true, ""sgs"": 4, ""split"": true, ""task_barrier"": false, ""tn"": 16, ""workers"": 120}","{""attention_groups"": 80, ""attention_qm"": 8, ""barrier"": ""simd"", ""compact"": true, ""sgs"": 4, ""split"": true, ""task_barrier"": false, ""tn"": 16, ""workers"": 120}",635.2986112857858,691.4930557832122,733.1770832339922,True,0.9999996265052908
geometry,8192,"{""attention_groups"": 80, ""attention_qm"": 8, ""barrier"": ""simd"", ""compact"": true, ""sgs"": 4, ""split"": true, ""task_barrier"": false, ""tn"": 16, ""workers"": 120}","{""attention_groups"": 80, ""attention_qm"": 8, ""barrier"": ""simd"", ""compact"": true, ""sgs"": 4, ""split"": true, ""task_barrier"": false, ""tn"": 16, ""workers"": 120}",1071.461805452903,1575.5486109604437,1676.0347218563159,True,0.9999998928091576
geometry,128,"{""attention_groups"": 160, ""attention_qm"": 8, ""barrier"": ""simd"", ""compact"": true, ""sgs"": 4, ""split"": true, ""task_barrier"": false, ""tn"": 16, ""workers"": 120}","{""attention_groups"": 160, ""attention_qm"": 8, ""barrier"": ""simd"", ""compact"": true, ""sgs"": 4, ""split"": true, ""task_barrier"": false, ""tn"": 16, ""workers"": 120}",640.0173607592782,693.5451387738188,729.1909720127782,True,0.9999996265052908
geometry,8192,"{""attention_groups"": 160, ""attention_qm"": 8, ""barrier"": ""simd"", ""compact"": true, ""sgs"": 4, ""split"": true, ""task_barrier"": false, ""tn"": 16, ""workers"": 120}","{""attention_groups"": 160, ""attention_qm"": 8, ""barrier"": ""simd"", ""compact"": true, ""sgs"": 4, ""split"": true, ""task_barrier"": false, ""tn"": 16, ""workers"": 120}",1073.1145832687616,1222.4895833060145,1697.6909721270204,True,0.9999998928091576
geometry,128,"{""attention_groups"": 320, ""attention_qm"": 8, ""barrier"": ""simd"", ""compact"": true, ""sgs"": 4, ""split"": true, ""task_barrier"": false, ""tn"": 16, ""workers"": 120}","{""attention_groups"": 320, ""attention_qm"": 8, ""barrier"": ""simd"", ""compact"": true, ""sgs"": 4, ""split"": true, ""task_barrier"": false, ""tn"": 16, ""workers"": 120}",633.0416665102044,693.368055857718,730.8645835146308,True,0.9999996265052908
geometry,8192,"{""attention_groups"": 320, ""attention_qm"": 8, ""barrier"": ""simd"", ""compact"": true, ""sgs"": 4, ""split"": true, ""task_barrier"": false, ""tn"": 16, ""workers"": 120}","{""attention_groups"": 320, ""attention_qm"": 8, ""barrier"": ""simd"", ""compact"": true, ""sgs"": 4, ""split"": true, ""task_barrier"": false, ""tn"": 16, ""workers"": 120}",1070.298610876004,1234.8368056118488,1486.0868053510785,True,0.9999998928091576
geometry,128,"{""attention_groups"": 80, ""attention_qm"": 16, ""barrier"": ""simd"", ""compact"": true, ""sgs"": 4, ""split"": true, ""task_barrier"": false, ""tn"": 16, ""workers"": 120}","{""attention_groups"": 80, ""attention_qm"": 16, ""barrier"": ""simd"", ""compact"": true, ""sgs"": 4, ""split"": true, ""task_barrier"": false, ""tn"": 16, ""workers"": 120}",634.7604167337219,695.2361110597849,724.6874999254942,True,0.9999996265052908
geometry,8192,"{""attention_groups"": 80, ""attention_qm"": 16, ""barrier"": ""simd"", ""compact"": true, ""sgs"": 4, ""split"": true, ""task_barrier"": false, ""tn"": 16, ""workers"": 120}","{""attention_groups"": 80, ""attention_qm"": 16, ""barrier"": ""simd"", ""compact"": true, ""sgs"": 4, ""split"": true, ""task_barrier"": false, ""tn"": 16, ""workers"": 120}",1072.7048609405756,1251.3576385875542,1346.9027780617278,True,0.9999998928091576
geometry,128,"{""attention_groups"": 160, ""attention_qm"": 16, ""barrier"": ""simd"", ""compact"": true, ""sgs"": 4, ""split"": true, ""task_barrier"": false, ""tn"": 16, ""workers"": 120}","{""attention_groups"": 160, ""attention_qm"": 16, ""barrier"": ""simd"", ""compact"": true, ""sgs"": 4, ""split"": true, ""task_barrier"": false, ""tn"": 16, ""workers"": 120}",634.3784723430872,694.784722601374,725.6701389948527,True,0.9999996265052908
geometry,8192,"{""attention_groups"": 160, ""attention_qm"": 16, ""barrier"": ""simd"", ""compact"": true, ""sgs"": 4, ""split"": true, ""task_barrier"": false, ""tn"": 16, ""workers"": 120}","{""attention_groups"": 160, ""attention_qm"": 16, ""barrier"": ""simd"", ""compact"": true, ""sgs"": 4, ""split"": true, ""task_barrier"": false, ""tn"": 16, ""workers"": 120}",1072.5798609976966,1107.6284724598129,1360.579861017565,True,0.9999998928091576
geometry,128,"{""attention_groups"": 320, ""attention_qm"": 16, ""barrier"": ""simd"", ""compact"": true, ""sgs"": 4, ""split"": true, ""task_barrier"": false, ""tn"": 16, ""workers"": 120}","{""attention_groups"": 320, ""attention_qm"": 16, ""barrier"": ""simd"", ""compact"": true, ""sgs"": 4, ""split"": true, ""task_barrier"": false, ""tn"": 16, ""workers"": 120}",634.9652775873741,695.7465276742975,725.6527775898576,True,0.9999996265052908
geometry,8192,"{""attention_groups"": 320, ""attention_qm"": 16, ""barrier"": ""simd"", ""compact"": true, ""sgs"": 4, ""split"": true, ""task_barrier"": false, ""tn"": 16, ""workers"": 120}","{""attention_groups"": 320, ""attention_qm"": 16, ""barrier"": ""simd"", ""compact"": true, ""sgs"": 4, ""split"": true, ""task_barrier"": false, ""tn"": 16, ""workers"": 120}",1071.9687497864168,1136.9305554156501,1242.4930554504197,True,0.9999998928091576
geometry,128,"{""attention_groups"": 80, ""attention_qm"": 8, ""barrier"": ""simd"", ""compact"": true, ""sgs"": 4, ""split"": true, ""task_barrier"": false, ""tn"": 16, ""workers"": 160}","{""attention_groups"": 80, ""attention_qm"": 8, ""barrier"": ""simd"", ""compact"": true, ""sgs"": 4, ""split"": true, ""task_barrier"": false, ""tn"": 16, ""workers"": 160}",634.8506944874922,644.7708333532015,676.2743052095175,True,0.9999996265052908
geometry,8192,"{""attention_groups"": 80, ""attention_qm"": 8, ""barrier"": ""simd"", ""compact"": true, ""sgs"": 4, ""split"": true, ""task_barrier"": false, ""tn"": 16, ""workers"": 160}","{""attention_groups"": 80, ""attention_qm"": 8, ""barrier"": ""simd"", ""compact"": true, ""sgs"": 4, ""split"": true, ""task_barrier"": false, ""tn"": 16, ""workers"": 160}",1076.0451387614012,1548.6631946017344,1618.2361111665766,True,0.9999998928091576
geometry,128,"{""attention_groups"": 160, ""attention_qm"": 8, ""barrier"": ""simd"", ""compact"": true, ""sgs"": 4, ""split"": true, ""task_barrier"": false, ""tn"": 16, ""workers"": 160}","{""attention_groups"": 160, ""attention_qm"": 8, ""barrier"": ""simd"", ""compact"": true, ""sgs"": 4, ""split"": true, ""task_barrier"": false, ""tn"": 16, ""workers"": 160}",634.4270833457509,657.5451384608945,674.1076388085881,True,0.9999996265052908
geometry,8192,"{""attention_groups"": 160, ""attention_qm"": 8, ""barrier"": ""simd"", ""compact"": true, ""sgs"": 4, ""split"": true, ""task_barrier"": false, ""tn"": 16, ""workers"": 160}","{""attention_groups"": 160, ""attention_qm"": 8, ""barrier"": ""simd"", ""compact"": true, ""sgs"": 4, ""split"": true, ""task_barrier"": false, ""tn"": 16, ""workers"": 160}",1075.0833333780367,1202.1111113329728,1273.3055554951231,True,0.9999998928091576
geometry,128,"{""attention_groups"": 320, ""attention_qm"": 8, ""barrier"": ""simd"", ""compact"": true, ""sgs"": 4, ""split"": true, ""task_barrier"": false, ""tn"": 16, ""workers"": 160}","{""attention_groups"": 320, ""attention_qm"": 8, ""barrier"": ""simd"", ""compact"": true, ""sgs"": 4, ""split"": true, ""task_barrier"": false, ""tn"": 16, ""workers"": 160}",635.9479166567326,650.4652776444951,677.1493057409922,True,0.9999996265052908
geometry,8192,"{""attention_groups"": 320, ""attention_qm"": 8, ""barrier"": ""simd"", ""compact"": true, ""sgs"": 4, ""split"": true, ""task_barrier"": false, ""tn"": 16, ""workers"": 160}","{""attention_groups"": 320, ""attention_qm"": 8, ""barrier"": ""simd"", ""compact"": true, ""sgs"": 4, ""split"": true, ""task_barrier"": false, ""tn"": 16, ""workers"": 160}",1077.395833407839,1206.3159722213943,1303.3923612286646,True,0.9999998928091576
geometry,128,"{""attention_groups"": 80, ""attention_qm"": 16, ""barrier"": ""simd"", ""compact"": true, ""sgs"": 4, ""split"": true, ""task_barrier"": false, ""tn"": 16, ""workers"": 160}","{""attention_groups"": 80, ""attention_qm"": 16, ""barrier"": ""simd"", ""compact"": true, ""sgs"": 4, ""split"": true, ""task_barrier"": false, ""tn"": 16, ""workers"": 160}",633.1875001390775,647.8437498832742,675.5972222114602,True,0.9999996265052908
geometry,8192,"{""attention_groups"": 80, ""attention_qm"": 16, ""barrier"": ""simd"", ""compact"": true, ""sgs"": 4, ""split"": true, ""task_barrier"": false, ""tn"": 16, ""workers"": 160}","{""attention_groups"": 80, ""attention_qm"": 16, ""barrier"": ""simd"", ""compact"": true, ""sgs"": 4, ""split"": true, ""task_barrier"": false, ""tn"": 16, ""workers"": 160}",1070.656250230968,1223.597222007811,1298.3159720897675,True,0.9999998928091576
geometry,128,"{""attention_groups"": 160, ""attention_qm"": 16, ""barrier"": ""simd"", ""compact"": true, ""sgs"": 4, ""split"": true, ""task_barrier"": false, ""tn"": 16, ""workers"": 160}","{""attention_groups"": 160, ""attention_qm"": 16, ""barrier"": ""simd"", ""compact"": true, ""sgs"": 4, ""split"": true, ""task_barrier"": false, ""tn"": 16, ""workers"": 160}",635.1875001564622,660.1215278108915,677.3819445321957,True,0.9999996265052908
geometry,8192,"{""attention_groups"": 160, ""attention_qm"": 16, ""barrier"": ""simd"", ""compact"": true, ""sgs"": 4, ""split"": true, ""task_barrier"": false, ""tn"": 16, ""workers"": 160}","{""attention_groups"": 160, ""attention_qm"": 16, ""barrier"": ""simd"", ""compact"": true, ""sgs"": 4, ""split"": true, ""task_barrier"": false, ""tn"": 16, ""workers"": 160}",1069.7638889153798,1079.2395832637947,1101.2847224871318,True,0.9999998928091576
geometry,128,"{""attention_groups"": 320, ""attention_qm"": 16, ""barrier"": ""simd"", ""compact"": true, ""sgs"": 4, ""split"": true, ""task_barrier"": false, ""tn"": 16, ""workers"": 160}","{""attention_groups"": 320, ""attention_qm"": 16, ""barrier"": ""simd"", ""compact"": true, ""sgs"": 4, ""split"": true, ""task_barrier"": false, ""tn"": 16, ""workers"": 160}",634.3611109380921,661.4444445197781,674.8506945247451,True,0.9999996265052908
geometry,8192,"{""attention_groups"": 320, ""attention_qm"": 16, ""barrier"": ""simd"", ""compact"": true, ""sgs"": 4, ""split"": true, ""task_barrier"": false, ""tn"": 16, ""workers"": 160}","{""attention_groups"": 320, ""attention_qm"": 16, ""barrier"": ""simd"", ""compact"": true, ""sgs"": 4, ""split"": true, ""task_barrier"": false, ""tn"": 16, ""workers"": 160}",1078.0972223728895,1111.4270833010476,1107.288194199403,True,0.9999998928091576
geometry,128,"{""attention_groups"": 80, ""attention_qm"": 8, ""barrier"": ""simd"", ""compact"": true, ""sgs"": 8, ""split"": true, ""task_barrier"": false, ""tn"": 16, ""workers"": 40}","{""attention_groups"": 80, ""attention_qm"": 8, ""barrier"": ""simd"", ""compact"": true, ""sgs"": 8, ""split"": true, ""task_barrier"": false, ""tn"": 16, ""workers"": 40}",635.1284720003605,758.357639114062,799.1458332786957,True,0.9999996342805897
geometry,8192,"{""attention_groups"": 80, ""attention_qm"": 8, ""barrier"": ""simd"", ""compact"": true, ""sgs"": 8, ""split"": true, ""task_barrier"": false, ""tn"": 16, ""workers"": 40}","{""attention_groups"": 80, ""attention_qm"": 8, ""barrier"": ""simd"", ""compact"": true, ""sgs"": 8, ""split"": true, ""task_barrier"": false, ""tn"": 16, ""workers"": 40}",1074.2048611864448,1299.2013888433576,1939.9409722536802,True,0.9999998948697897
geometry,128,"{""attention_groups"": 160, ""attention_qm"": 8, ""barrier"": ""simd"", ""compact"": true, ""sgs"": 8, ""split"": true, ""task_barrier"": false, ""tn"": 16, ""workers"": 40}","{""attention_groups"": 160, ""attention_qm"": 8, ""barrier"": ""simd"", ""compact"": true, ""sgs"": 8, ""split"": true, ""task_barrier"": false, ""tn"": 16, ""workers"": 40}",634.1249998658895,758.9548612013459,803.8854164381822,True,0.9999996342805897
geometry,8192,"{""attention_groups"": 160, ""attention_qm"": 8, ""barrier"": ""simd"", ""compact"": true, ""sgs"": 8, ""split"": true, ""task_barrier"": false, ""tn"": 16, ""workers"": 40}","{""attention_groups"": 160, ""attention_qm"": 8, ""barrier"": ""simd"", ""compact"": true, ""sgs"": 8, ""split"": true, ""task_barrier"": false, ""tn"": 16, ""workers"": 40}",1076.1944446712732,1183.1527777637045,1916.5520835667849,True,0.9999998948697897
geometry,128,"{""attention_groups"": 320, ""attention_qm"": 8, ""barrier"": ""simd"", ""compact"": true, ""sgs"": 8, ""split"": true, ""task_barrier"": false, ""tn"": 16, ""workers"": 40}","{""attention_groups"": 320, ""attention_qm"": 8, ""barrier"": ""simd"", ""compact"": true, ""sgs"": 8, ""split"": true, ""task_barrier"": false, ""tn"": 16, ""workers"": 40}",635.506944420437,759.0763888632258,804.4479166467985,True,0.9999996342805897
geometry,8192,"{""attention_groups"": 320, ""attention_qm"": 8, ""barrier"": ""simd"", ""compact"": true, ""sgs"": 8, ""split"": true, ""task_barrier"": false, ""tn"": 16, ""workers"": 40}","{""attention_groups"": 320, ""attention_qm"": 8, ""barrier"": ""simd"", ""compact"": true, ""sgs"": 8, ""split"": true, ""task_barrier"": false, ""tn"": 16, ""workers"": 40}",1073.124999801318,1222.2187500447035,1904.2395834500592,True,0.9999998948697897
geometry,128,"{""attention_groups"": 80, ""attention_qm"": 16, ""barrier"": ""simd"", ""compact"": true, ""sgs"": 8, ""split"": true, ""task_barrier"": false, ""tn"": 16, ""workers"": 40}","{""attention_groups"": 80, ""attention_qm"": 16, ""barrier"": ""simd"", ""compact"": true, ""sgs"": 8, ""split"": true, ""task_barrier"": false, ""tn"": 16, ""workers"": 40}",637.4826390917102,758.0208334450921,789.2534723505378,True,0.9999996342805897
geometry,8192,"{""attention_groups"": 80, ""attention_qm"": 16, ""barrier"": ""simd"", ""compact"": true, ""sgs"": 8, ""split"": true, ""task_barrier"": false, ""tn"": 16, ""workers"": 40}","{""attention_groups"": 80, ""attention_qm"": 16, ""barrier"": ""simd"", ""compact"": true, ""sgs"": 8, ""split"": true, ""task_barrier"": false, ""tn"": 16, ""workers"": 40}",1073.6354167262714,1138.3680558453004,1512.937500141561,True,0.9999998948697897
geometry,128,"{""attention_groups"": 160, ""attention_qm"": 16, ""barrier"": ""simd"", ""compact"": true, ""sgs"": 8, ""split"": true, ""task_barrier"": false, ""tn"": 16, ""workers"": 40}","{""attention_groups"": 160, ""attention_qm"": 16, ""barrier"": ""simd"", ""compact"": true, ""sgs"": 8, ""split"": true, ""task_barrier"": false, ""tn"": 16, ""workers"": 40}",635.8298612758517,758.7013890345892,786.1354167883595,True,0.9999996342805897
geometry,8192,"{""attention_groups"": 160, ""attention_qm"": 16, ""barrier"": ""simd"", ""compact"": true, ""sgs"": 8, ""split"": true, ""task_barrier"": false, ""tn"": 16, ""workers"": 40}","{""attention_groups"": 160, ""attention_qm"": 16, ""barrier"": ""simd"", ""compact"": true, ""sgs"": 8, ""split"": true, ""task_barrier"": false, ""tn"": 16, ""workers"": 40}",1073.9027777065833,1132.343750136594,1509.2500001192093,True,0.9999998948697897
geometry,128,"{""attention_groups"": 320, ""attention_qm"": 16, ""barrier"": ""simd"", ""compact"": true, ""sgs"": 8, ""split"": true, ""task_barrier"": false, ""tn"": 16, ""workers"": 40}","{""attention_groups"": 320, ""attention_qm"": 16, ""barrier"": ""simd"", ""compact"": true, ""sgs"": 8, ""split"": true, ""task_barrier"": false, ""tn"": 16, ""workers"": 40}",637.6527780666947,757.7326387787858,792.1215277165174,True,0.9999996342805897
geometry,8192,"{""attention_groups"": 320, ""attention_qm"": 16, ""barrier"": ""simd"", ""compact"": true, ""sgs"": 8, ""split"": true, ""task_barrier"": false, ""tn"": 16, ""workers"": 40}","{""attention_groups"": 320, ""attention_qm"": 16, ""barrier"": ""simd"", ""compact"": true, ""sgs"": 8, ""split"": true, ""task_barrier"": false, ""tn"": 16, ""workers"": 40}",1076.8993056068819,1170.4131948451202,1503.1354166567326,True,0.9999998948697897
geometry,128,"{""attention_groups"": 80, ""attention_qm"": 8, ""barrier"": ""simd"", ""compact"": true, ""sgs"": 8, ""split"": true, ""task_barrier"": false, ""tn"": 16, ""workers"": 80}","{""attention_groups"": 80, ""attention_qm"": 8, ""barrier"": ""simd"", ""compact"": true, ""sgs"": 8, ""split"": true, ""task_barrier"": false, ""tn"": 16, ""workers"": 80}",634.2534717793266,642.57986129572,660.9201387812694,True,0.9999996342805897
geometry,8192,"{""attention_groups"": 80, ""attention_qm"": 8, ""barrier"": ""simd"", ""compact"": true, ""sgs"": 8, ""split"": true, ""task_barrier"": false, ""tn"": 16, ""workers"": 80}","{""attention_groups"": 80, ""attention_qm"": 8, ""barrier"": ""simd"", ""compact"": true, ""sgs"": 8, ""split"": true, ""task_barrier"": false, ""tn"": 16, ""workers"": 80}",1073.3819445595145,1223.8472222040098,1336.083333318432,True,0.9999998948697897
geometry,128,"{""attention_groups"": 160, ""attention_qm"": 8, ""barrier"": ""simd"", ""compact"": true, ""sgs"": 8, ""split"": true, ""task_barrier"": false, ""tn"": 16, ""workers"": 80}","{""attention_groups"": 160, ""attention_qm"": 8, ""barrier"": ""simd"", ""compact"": true, ""sgs"": 8, ""split"": true, ""task_barrier"": false, ""tn"": 16, ""workers"": 80}",636.2048614149293,643.2569442937771,660.763888930281,True,0.9999996342805897
geometry,8192,"{""attention_groups"": 160, ""attention_qm"": 8, ""barrier"": ""simd"", ""compact"": true, ""sgs"": 8, ""split"": true, ""task_barrier"": false, ""tn"": 16, ""workers"": 80}","{""attention_groups"": 160, ""attention_qm"": 8, ""barrier"": ""simd"", ""compact"": true, ""sgs"": 8, ""split"": true, ""task_barrier"": false, ""tn"": 16, ""workers"": 80}",1078.9687500024836,1185.4201384509604,1339.1250002508361,True,0.9999998948697897
geometry,128,"{""attention_groups"": 320, ""attention_qm"": 8, ""barrier"": ""simd"", ""compact"": true, ""sgs"": 8, ""split"": true, ""task_barrier"": false, ""tn"": 16, ""workers"": 80}","{""attention_groups"": 320, ""attention_qm"": 8, ""barrier"": ""simd"", ""compact"": true, ""sgs"": 8, ""split"": true, ""task_barrier"": false, ""tn"": 16, ""workers"": 80}",635.9444446861744,661.031249910593,660.49305566897,True,0.9999996342805897
geometry,8192,"{""attention_groups"": 320, ""attention_qm"": 8, ""barrier"": ""simd"", ""compact"": true, ""sgs"": 8, ""split"": true, ""task_barrier"": false, ""tn"": 16, ""workers"": 80}","{""attention_groups"": 320, ""attention_qm"": 8, ""barrier"": ""simd"", ""compact"": true, ""sgs"": 8, ""split"": true, ""task_barrier"": false, ""tn"": 16, ""workers"": 80}",1074.3368056913216,1136.8958332265418,1323.4652777512867,True,0.9999998948697897
geometry,128,"{""attention_groups"": 80, ""attention_qm"": 16, ""barrier"": ""simd"", ""compact"": true, ""sgs"": 8, ""split"": true, ""task_barrier"": false, ""tn"": 16, ""workers"": 80}","{""attention_groups"": 80, ""attention_qm"": 16, ""barrier"": ""simd"", ""compact"": true, ""sgs"": 8, ""split"": true, ""task_barrier"": false, ""tn"": 16, ""workers"": 80}",634.8993051797152,645.611111074686,657.3784720773498,True,0.9999996342805897
geometry,8192,"{""attention_groups"": 80, ""attention_qm"": 16, ""barrier"": ""simd"", ""compact"": true, ""sgs"": 8, ""split"": true, ""task_barrier"": false, ""tn"": 16, ""workers"": 80}","{""attention_groups"": 80, ""attention_qm"": 16, ""barrier"": ""simd"", ""compact"": true, ""sgs"": 8, ""split"": true, ""task_barrier"": false, ""tn"": 16, ""workers"": 80}",1073.5243055969477,1059.0555556118488,1135.170138751467,True,0.9999998948697897
geometry,128,"{""attention_groups"": 160, ""attention_qm"": 16, ""barrier"": ""simd"", ""compact"": true, ""sgs"": 8, ""split"": true, ""task_barrier"": false, ""tn"": 16, ""workers"": 80}","{""attention_groups"": 160, ""attention_qm"": 16, ""barrier"": ""simd"", ""compact"": true, ""sgs"": 8, ""split"": true, ""task_barrier"": false, ""tn"": 16, ""workers"": 80}",636.3472218314806,639.4444443285465,652.62152813375,True,0.9999996342805897
geometry,8192,"{""attention_groups"": 160, ""attention_qm"": 16, ""barrier"": ""simd"", ""compact"": true, ""sgs"": 8, ""split"": true, ""task_barrier"": false, ""tn"": 16, ""workers"": 80}","{""attention_groups"": 160, ""attention_qm"": 16, ""barrier"": ""simd"", ""compact"": true, ""sgs"": 8, ""split"": true, ""task_barrier"": false, ""tn"": 16, ""workers"": 80}",1077.2604166219633,1058.4340275575717,1129.6736110622685,True,0.9999998948697897
geometry,128,"{""attention_groups"": 320, ""attention_qm"": 16, ""barrier"": ""simd"", ""compact"": true, ""sgs"": 8, ""split"": true, ""task_barrier"": false, ""tn"": 16, ""workers"": 80}","{""attention_groups"": 320, ""attention_qm"": 16, ""barrier"": ""simd"", ""compact"": true, ""sgs"": 8, ""split"": true, ""task_barrier"": false, ""tn"": 16, ""workers"": 80}",635.2708333482345,639.0173609058062,663.3055557807287,True,0.9999996342805897
geometry,8192,"{""attention_groups"": 320, ""attention_qm"": 16, ""barrier"": ""simd"", ""compact"": true, ""sgs"": 8, ""split"": true, ""task_barrier"": false, ""tn"": 16, ""workers"": 80}","{""attention_groups"": 320, ""attention_qm"": 16, ""barrier"": ""simd"", ""compact"": true, ""sgs"": 8, ""split"": true, ""task_barrier"": false, ""tn"": 16, ""workers"": 80}",1074.6354168901842,1089.8993055646617,1134.2083333681028,True,0.9999998948697897
geometry,128,"{""attention_groups"": 80, ""attention_qm"": 8, ""barrier"": ""simd"", ""compact"": true, ""sgs"": 8, ""split"": true, ""task_barrier"": false, ""tn"": 16, ""workers"": 120}","{""attention_groups"": 80, ""attention_qm"": 8, ""barrier"": ""simd"", ""compact"": true, ""sgs"": 8, ""split"": true, ""task_barrier"": false, ""tn"": 16, ""workers"": 120}",635.0104166194797,668.3194441720843,700.496527676781,True,0.9999996342805897
geometry,8192,"{""attention_groups"": 80, ""attention_qm"": 8, ""barrier"": ""simd"", ""compact"": true, ""sgs"": 8, ""split"": true, ""task_barrier"": false, ""tn"": 16, ""workers"": 120}","{""attention_groups"": 80, ""attention_qm"": 8, ""barrier"": ""simd"", ""compact"": true, ""sgs"": 8, ""split"": true, ""task_barrier"": false, ""tn"": 16, ""workers"": 120}",1076.2291665499408,1236.7881946265697,1350.5034723008673,True,0.9999998948697897
geometry,128,"{""attention_groups"": 160, ""attention_qm"": 8, ""barrier"": ""simd"", ""compact"": true, ""sgs"": 8, ""split"": true, ""task_barrier"": false, ""tn"": 16, ""workers"": 120}","{""attention_groups"": 160, ""attention_qm"": 8, ""barrier"": ""simd"", ""compact"": true, ""sgs"": 8, ""split"": true, ""task_barrier"": false, ""tn"": 16, ""workers"": 120}",636.2534721071521,672.4756943682829,722.7013887216648,True,0.9999996342805897
geometry,8192,"{""attention_groups"": 160, ""attention_qm"": 8, ""barrier"": ""simd"", ""compact"": true, ""sgs"": 8, ""split"": true, ""task_barrier"": false, ""tn"": 16, ""workers"": 120}","{""attention_groups"": 160, ""attention_qm"": 8, ""barrier"": ""simd"", ""compact"": true, ""sgs"": 8, ""split"": true, ""task_barrier"": false, ""tn"": 16, ""workers"": 120}",1074.503472385307,1227.3402779052656,1365.0451386347413,True,0.9999998948697897
geometry,128,"{""attention_groups"": 320, ""attention_qm"": 8, ""barrier"": ""simd"", ""compact"": true, ""sgs"": 8, ""split"": true, ""task_barrier"": false, ""tn"": 16, ""workers"": 120}","{""attention_groups"": 320, ""attention_qm"": 8, ""barrier"": ""simd"", ""compact"": true, ""sgs"": 8, ""split"": true, ""task_barrier"": false, ""tn"": 16, ""workers"": 120}",636.6840278108915,666.5694446613392,725.5833335220814,True,0.9999996342805897
geometry,8192,"{""attention_groups"": 320, ""attention_qm"": 8, ""barrier"": ""simd"", ""compact"": true, ""sgs"": 8, ""split"": true, ""task_barrier"": false, ""tn"": 16, ""workers"": 120}","{""attention_groups"": 320, ""attention_qm"": 8, ""barrier"": ""simd"", ""compact"": true, ""sgs"": 8, ""split"": true, ""task_barrier"": false, ""tn"": 16, ""workers"": 120}",1074.0000000223517,1134.9340276792645,1231.739583114783,True,0.9999998948697897
geometry,128,"{""attention_groups"": 80, ""attention_qm"": 16, ""barrier"": ""simd"", ""compact"": true, ""sgs"": 8, ""split"": true, ""task_barrier"": false, ""tn"": 16, ""workers"": 120}","{""attention_groups"": 80, ""attention_qm"": 16, ""barrier"": ""simd"", ""compact"": true, ""sgs"": 8, ""split"": true, ""task_barrier"": false, ""tn"": 16, ""workers"": 120}",640.6111108760039,667.9826388135552,706.3229167833924,True,0.9999996342805897
geometry,8192,"{""attention_groups"": 80, ""attention_qm"": 16, ""barrier"": ""simd"", ""compact"": true, ""sgs"": 8, ""split"": true, ""task_barrier"": false, ""tn"": 16, ""workers"": 120}","{""attention_groups"": 80, ""attention_qm"": 16, ""barrier"": ""simd"", ""compact"": true, ""sgs"": 8, ""split"": true, ""task_barrier"": false, ""tn"": 16, ""workers"": 120}",1070.2326390892267,1070.916666649282,1154.7638888781269,True,0.9999998948697897
geometry,128,"{""attention_groups"": 160, ""attention_qm"": 16, ""barrier"": ""simd"", ""compact"": true, ""sgs"": 8, ""split"": true, ""task_barrier"": false, ""tn"": 16, ""workers"": 120}","{""attention_groups"": 160, ""attention_qm"": 16, ""barrier"": ""simd"", ""compact"": true, ""sgs"": 8, ""split"": true, ""task_barrier"": false, ""tn"": 16, ""workers"": 120}",638.1736109033227,667.836805495123,702.052083487312,True,0.9999996342805897
geometry,8192,"{""attention_groups"": 160, ""attention_qm"": 16, ""barrier"": ""simd"", ""compact"": true, ""sgs"": 8, ""split"": true, ""task_barrier"": false, ""tn"": 16, ""workers"": 120}","{""attention_groups"": 160, ""attention_qm"": 16, ""barrier"": ""simd"", ""compact"": true, ""sgs"": 8, ""split"": true, ""task_barrier"": false, ""tn"": 16, ""workers"": 120}",1076.2604167684913,1079.0763888508081,1156.8819445868332,True,0.9999998948697897
geometry,128,"{""attention_groups"": 320, ""attention_qm"": 16, ""barrier"": ""simd"", ""compact"": true, ""sgs"": 8, ""split"": true, ""task_barrier"": false, ""tn"": 16, ""workers"": 120}","{""attention_groups"": 320, ""attention_qm"": 16, ""barrier"": ""simd"", ""compact"": true, ""sgs"": 8, ""split"": true, ""task_barrier"": false, ""tn"": 16, ""workers"": 120}",637.190972144405,667.8229166815678,704.0347220997015,True,0.9999996342805897
geometry,8192,"{""attention_groups"": 320, ""attention_qm"": 16, ""barrier"": ""simd"", ""compact"": true, ""sgs"": 8, ""split"": true, ""task_barrier"": false, ""tn"": 16, ""workers"": 120}","{""attention_groups"": 320, ""attention_qm"": 16, ""barrier"": ""simd"", ""compact"": true, ""sgs"": 8, ""split"": true, ""task_barrier"": false, ""tn"": 16, ""workers"": 120}",1075.5451386794448,1086.947916696469,1110.4166666045785,True,0.9999998948697897
geometry,128,"{""attention_groups"": 80, ""attention_qm"": 8, ""barrier"": ""simd"", ""compact"": true, ""sgs"": 8, ""split"": true, ""task_barrier"": false, ""tn"": 16, ""workers"": 160}","{""attention_groups"": 80, ""attention_qm"": 8, ""barrier"": ""simd"", ""compact"": true, ""sgs"": 8, ""split"": true, ""task_barrier"": false, ""tn"": 16, ""workers"": 160}",636.9444445396463,646.413194326063,702.7152779822549,True,0.9999996342805897
geometry,8192,"{""attention_groups"": 80, ""attention_qm"": 8, ""barrier"": ""simd"", ""compact"": true, ""sgs"": 8, ""split"": true, ""task_barrier"": false, ""tn"": 16, ""workers"": 160}","{""attention_groups"": 80, ""attention_qm"": 8, ""barrier"": ""simd"", ""compact"": true, ""sgs"": 8, ""split"": true, ""task_barrier"": false, ""tn"": 16, ""workers"": 160}",1073.7083333854873,1227.2152776519458,1335.4548610125978,True,0.9999998948697897
geometry,128,"{""attention_groups"": 160, ""attention_qm"": 8, ""barrier"": ""simd"", ""compact"": true, ""sgs"": 8, ""split"": true, ""task_barrier"": false, ""tn"": 16, ""workers"": 160}","{""attention_groups"": 160, ""attention_qm"": 8, ""barrier"": ""simd"", ""compact"": true, ""sgs"": 8, ""split"": true, ""task_barrier"": false, ""tn"": 16, ""workers"": 160}",634.6215279772878,643.2916664828857,696.3506946340203,True,0.9999996342805897
geometry,8192,"{""attention_groups"": 160, ""attention_qm"": 8, ""barrier"": ""simd"", ""compact"": true, ""sgs"": 8, ""split"": true, ""task_barrier"": false, ""tn"": 16, ""workers"": 160}","{""attention_groups"": 160, ""attention_qm"": 8, ""barrier"": ""simd"", ""compact"": true, ""sgs"": 8, ""split"": true, ""task_barrier"": false, ""tn"": 16, ""workers"": 160}",1078.4861110150814,1213.7777777388692,1290.2152777339022,True,0.9999998948697897
geometry,128,"{""attention_groups"": 320, ""attention_qm"": 8, ""barrier"": ""simd"", ""compact"": true, ""sgs"": 8, ""split"": true, ""task_barrier"": false, ""tn"": 16, ""workers"": 160}","{""attention_groups"": 320, ""attention_qm"": 8, ""barrier"": ""simd"", ""compact"": true, ""sgs"": 8, ""split"": true, ""task_barrier"": false, ""tn"": 16, ""workers"": 160}",644.1076388582587,649.378472318252,716.8333331743876,True,0.9999996342805897
geometry,8192,"{""attention_groups"": 320, ""attention_qm"": 8, ""barrier"": ""simd"", ""compact"": true, ""sgs"": 8, ""split"": true, ""task_barrier"": false, ""tn"": 16, ""workers"": 160}","{""attention_groups"": 320, ""attention_qm"": 8, ""barrier"": ""simd"", ""compact"": true, ""sgs"": 8, ""split"": true, ""task_barrier"": false, ""tn"": 16, ""workers"": 160}",1103.9722223455708,1165.0902777910233,1350.9861109778285,True,0.9999998948697897
geometry,128,"{""attention_groups"": 80, ""attention_qm"": 16, ""barrier"": ""simd"", ""compact"": true, ""sgs"": 8, ""split"": true, ""task_barrier"": false, ""tn"": 16, ""workers"": 160}","{""attention_groups"": 80, ""attention_qm"": 16, ""barrier"": ""simd"", ""compact"": true, ""sgs"": 8, ""split"": true, ""task_barrier"": false, ""tn"": 16, ""workers"": 160}",635.8923607816299,645.076389114062,1563.2534722487133,True,0.9999996342805897
geometry,8192,"{""attention_groups"": 80, ""attention_qm"": 16, ""barrier"": ""simd"", ""compact"": true, ""sgs"": 8, ""split"": true, ""task_barrier"": false, ""tn"": 16, ""workers"": 160}","{""attention_groups"": 80, ""attention_qm"": 16, ""barrier"": ""simd"", ""compact"": true, ""sgs"": 8, ""split"": true, ""task_barrier"": false, ""tn"": 16, ""workers"": 160}",1079.472222365439,1072.8402780368924,1873.052083576719,True,0.9999998948697897
geometry,128,"{""attention_groups"": 160, ""attention_qm"": 16, ""barrier"": ""simd"", ""compact"": true, ""sgs"": 8, ""split"": true, ""task_barrier"": false, ""tn"": 16, ""workers"": 160}","{""attention_groups"": 160, ""attention_qm"": 16, ""barrier"": ""simd"", ""compact"": true, ""sgs"": 8, ""split"": true, ""task_barrier"": false, ""tn"": 16, ""workers"": 160}",636.7013885950049,646.0451390594244,691.9687498981754,True,0.9999996342805897
geometry,8192,"{""attention_groups"": 160, ""attention_qm"": 16, ""barrier"": ""simd"", ""compact"": true, ""sgs"": 8, ""split"": true, ""task_barrier"": false, ""tn"": 16, ""workers"": 160}","{""attention_groups"": 160, ""attention_qm"": 16, ""barrier"": ""simd"", ""compact"": true, ""sgs"": 8, ""split"": true, ""task_barrier"": false, ""tn"": 16, ""workers"": 160}",1072.1041665722926,1071.0763887812693,3803.1180556863546,True,0.9999998948697897
geometry,128,"{""attention_groups"": 320, ""attention_qm"": 16, ""barrier"": ""simd"", ""compact"": true, ""sgs"": 8, ""split"": true, ""task_barrier"": false, ""tn"": 16, ""workers"": 160}","{""attention_groups"": 320, ""attention_qm"": 16, ""barrier"": ""simd"", ""compact"": true, ""sgs"": 8, ""split"": true, ""task_barrier"": false, ""tn"": 16, ""workers"": 160}",635.7291666790843,645.3715277214845,1601.430555805564,True,0.9999996342805897
geometry,8192,"{""attention_groups"": 320, ""attention_qm"": 16, ""barrier"": ""simd"", ""compact"": true, ""sgs"": 8, ""split"": true, ""task_barrier"": false, ""tn"": 16, ""workers"": 160}","{""attention_groups"": 320, ""attention_qm"": 16, ""barrier"": ""simd"", ""compact"": true, ""sgs"": 8, ""split"": true, ""task_barrier"": false, ""tn"": 16, ""workers"": 160}",1073.3784719680746,1074.5659718910854,3803.7083335220814,True,0.9999998948697897
refine,128,"{""attention_groups"": 160, ""barrier"": ""simd"", ""compact"": true, ""sgs"": 8, ""split"": true, ""task_barrier"": false, ""tn"": 16, ""workers"": 80}","{""attention_groups"": 160, ""barrier"": ""simd"", ""compact"": true, ""merge_unroll"": 4, ""sgs"": 8, ""split"": true, ""task_barrier"": false, ""tn"": 16, ""workers"": 80}",635.836805527409,643.2986113553246,650.2708333233992,True,0.9999996342805897
refine,8192,"{""attention_groups"": 160, ""barrier"": ""simd"", ""compact"": true, ""sgs"": 8, ""split"": true, ""task_barrier"": false, ""tn"": 16, ""workers"": 80}","{""attention_groups"": 160, ""barrier"": ""simd"", ""compact"": true, ""merge_unroll"": 4, ""sgs"": 8, ""split"": true, ""task_barrier"": false, ""tn"": 16, ""workers"": 80}",1072.4861109629273,1062.4548609678943,1126.881944326063,True,0.9999998948697897
refine,128,"{""attention_groups"": 160, ""barrier"": ""simd"", ""compact"": true, ""merge_sgs"": 1, ""merge_unroll"": 2, ""sgs"": 8, ""split"": true, ""task_barrier"": false, ""tn"": 16, ""workers"": 80}","{""attention_groups"": 160, ""barrier"": ""simd"", ""compact"": true, ""merge_sgs"": 1, ""merge_unroll"": 4, ""sgs"": 8, ""split"": true, ""task_barrier"": false, ""tn"": 16, ""workers"": 80}",634.8020831743876,637.1874998634061,658.3506943037113,True,0.9999996342805897
refine,8192,"{""attention_groups"": 160, ""barrier"": ""simd"", ""compact"": true, ""merge_sgs"": 1, ""merge_unroll"": 2, ""sgs"": 8, ""split"": true, ""task_barrier"": false, ""tn"": 16, ""workers"": 80}","{""attention_groups"": 160, ""barrier"": ""simd"", ""compact"": true, ""merge_sgs"": 1, ""merge_unroll"": 4, ""sgs"": 8, ""split"": true, ""task_barrier"": false, ""tn"": 16, ""workers"": 80}",1100.43402792265,1053.5972223927577,1261.868055909872,True,0.9999998948697897
refine,128,"{""attention_groups"": 160, ""barrier"": ""simd"", ""compact"": true, ""merge_sgs"": 1, ""merge_unroll"": 4, ""sgs"": 8, ""split"": true, ""task_barrier"": false, ""tn"": 16, ""workers"": 80}","{""attention_groups"": 160, ""barrier"": ""simd"", ""compact"": true, ""merge_sgs"": 1, ""merge_unroll"": 4, ""sgs"": 8, ""split"": true, ""task_barrier"": false, ""tn"": 16, ""workers"": 80}",636.8576387564341,642.923611526688,655.2847223356366,True,0.9999996342805897
refine,8192,"{""attention_groups"": 160, ""barrier"": ""simd"", ""compact"": true, ""merge_sgs"": 1, ""merge_unroll"": 4, ""sgs"": 8, ""split"": true, ""task_barrier"": false, ""tn"": 16, ""workers"": 80}","{""attention_groups"": 160, ""barrier"": ""simd"", ""compact"": true, ""merge_sgs"": 1, ""merge_unroll"": 4, ""sgs"": 8, ""split"": true, ""task_barrier"": false, ""tn"": 16, ""workers"": 80}",1069.993055736025,1053.475694420437,1256.4513891314466,True,0.9999998948697897
refine,128,"{""attention_groups"": 160, ""barrier"": ""simd"", ""compact"": true, ""merge_sgs"": 1, ""merge_unroll"": 8, ""sgs"": 8, ""split"": true, ""task_barrier"": false, ""tn"": 16, ""workers"": 80}","{""attention_groups"": 160, ""barrier"": ""simd"", ""compact"": true, ""merge_sgs"": 1, ""merge_unroll"": 4, ""sgs"": 8, ""split"": true, ""task_barrier"": false, ""tn"": 16, ""workers"": 80}",634.628472228845,644.1840281089147,659.885416428248,True,0.9999996342805897
refine,8192,"{""attention_groups"": 160, ""barrier"": ""simd"", ""compact"": true, ""merge_sgs"": 1, ""merge_unroll"": 8, ""sgs"": 8, ""split"": true, ""task_barrier"": false, ""tn"": 16, ""workers"": 80}","{""attention_groups"": 160, ""barrier"": ""simd"", ""compact"": true, ""merge_sgs"": 1, ""merge_unroll"": 4, ""sgs"": 8, ""split"": true, ""task_barrier"": false, ""tn"": 16, ""workers"": 80}",1071.4270832637947,1053.80208324641,1262.7812502905726,True,0.9999998948697897
refine,128,"{""attention_groups"": 160, ""barrier"": ""simd"", ""compact"": true, ""merge_sgs"": 1, ""merge_unroll"": 16, ""sgs"": 8, ""split"": true, ""task_barrier"": false, ""tn"": 16, ""workers"": 80}","{""attention_groups"": 160, ""barrier"": ""simd"", ""compact"": true, ""merge_sgs"": 1, ""merge_unroll"": 4, ""sgs"": 8, ""split"": true, ""task_barrier"": false, ""tn"": 16, ""workers"": 80}",651.7569444452723,663.3680559073886,671.2465276941657,True,0.9999996342805897
refine,8192,"{""attention_groups"": 160, ""barrier"": ""simd"", ""compact"": true, ""merge_sgs"": 1, ""merge_unroll"": 16, ""sgs"": 8, ""split"": true, ""task_barrier"": false, ""tn"": 16, ""workers"": 80}","{""attention_groups"": 160, ""barrier"": ""simd"", ""compact"": true, ""merge_sgs"": 1, ""merge_unroll"": 4, ""sgs"": 8, ""split"": true, ""task_barrier"": false, ""tn"": 16, ""workers"": 80}",1109.2812499652307,1067.5590274234612,1279.638889245689,True,0.9999998948697897
refine,128,"{""attention_groups"": 160, ""barrier"": ""simd"", ""compact"": true, ""merge_sgs"": 2, ""merge_unroll"": 2, ""sgs"": 8, ""split"": true, ""task_barrier"": false, ""tn"": 16, ""workers"": 80}","{""attention_groups"": 160, ""barrier"": ""simd"", ""compact"": true, ""merge_sgs"": 2, ""merge_unroll"": 4, ""sgs"": 8, ""split"": true, ""task_barrier"": false, ""tn"": 16, ""workers"": 80}",634.7361110771695,636.447916738689,656.3993055994312,True,0.9999996342805897
refine,8192,"{""attention_groups"": 160, ""barrier"": ""simd"", ""compact"": true, ""merge_sgs"": 2, ""merge_unroll"": 2, ""sgs"": 8, ""split"": true, ""task_barrier"": false, ""tn"": 16, ""workers"": 80}","{""attention_groups"": 160, ""barrier"": ""simd"", ""compact"": true, ""merge_sgs"": 2, ""merge_unroll"": 4, ""sgs"": 8, ""split"": true, ""task_barrier"": false, ""tn"": 16, ""workers"": 80}",1073.673610885938,1055.6041666616995,1203.6909721791744,True,0.9999998948697897
refine,128,"{""attention_groups"": 160, ""barrier"": ""simd"", ""compact"": true, ""merge_sgs"": 2, ""merge_unroll"": 4, ""sgs"": 8, ""split"": true, ""task_barrier"": false, ""tn"": 16, ""workers"": 80}","{""attention_groups"": 160, ""barrier"": ""simd"", ""compact"": true, ""merge_sgs"": 2, ""merge_unroll"": 4, ""sgs"": 8, ""split"": true, ""task_barrier"": false, ""tn"": 16, ""workers"": 80}",635.5312500769893,635.8645834649602,654.7500000645717,True,0.9999996342805897
refine,8192,"{""attention_groups"": 160, ""barrier"": ""simd"", ""compact"": true, ""merge_sgs"": 2, ""merge_unroll"": 4, ""sgs"": 8, ""split"": true, ""task_barrier"": false, ""tn"": 16, ""workers"": 80}","{""attention_groups"": 160, ""barrier"": ""simd"", ""compact"": true, ""merge_sgs"": 2, ""merge_unroll"": 4, ""sgs"": 8, ""split"": true, ""task_barrier"": false, ""tn"": 16, ""workers"": 80}",1071.989583472411,1056.2847219407558,1200.6979168703158,True,0.9999998948697897
refine,128,"{""attention_groups"": 160, ""barrier"": ""simd"", ""compact"": true, ""merge_sgs"": 2, ""merge_unroll"": 8, ""sgs"": 8, ""split"": true, ""task_barrier"": false, ""tn"": 16, ""workers"": 80}","{""attention_groups"": 160, ""barrier"": ""simd"", ""compact"": true, ""merge_sgs"": 2, ""merge_unroll"": 4, ""sgs"": 8, ""split"": true, ""task_barrier"": false, ""tn"": 16, ""workers"": 80}",635.5555557335416,640.7881944129864,658.8923611367742,True,0.9999996342805897
refine,8192,"{""attention_groups"": 160, ""barrier"": ""simd"", ""compact"": true, ""merge_sgs"": 2, ""merge_unroll"": 8, ""sgs"": 8, ""split"": true, ""task_barrier"": false, ""tn"": 16, ""workers"": 80}","{""attention_groups"": 160, ""barrier"": ""simd"", ""compact"": true, ""merge_sgs"": 2, ""merge_unroll"": 4, ""sgs"": 8, ""split"": true, ""task_barrier"": false, ""tn"": 16, ""workers"": 80}",1075.708333402872,1061.3090274855494,1204.9131942912936,True,0.9999998948697897
refine,128,"{""attention_groups"": 160, ""barrier"": ""simd"", ""compact"": true, ""merge_sgs"": 2, ""merge_unroll"": 16, ""sgs"": 8, ""split"": true, ""task_barrier"": false, ""tn"": 16, ""workers"": 80}","{""attention_groups"": 160, ""barrier"": ""simd"", ""compact"": true, ""merge_sgs"": 2, ""merge_unroll"": 4, ""sgs"": 8, ""split"": true, ""task_barrier"": false, ""tn"": 16, ""workers"": 80}",634.6111114447316,635.8020833383003,653.486110890905,True,0.9999996342805897
refine,8192,"{""attention_groups"": 160, ""barrier"": ""simd"", ""compact"": true, ""merge_sgs"": 2, ""merge_unroll"": 16, ""sgs"": 8, ""split"": true, ""task_barrier"": false, ""tn"": 16, ""workers"": 80}","{""attention_groups"": 160, ""barrier"": ""simd"", ""compact"": true, ""merge_sgs"": 2, ""merge_unroll"": 4, ""sgs"": 8, ""split"": true, ""task_barrier"": false, ""tn"": 16, ""workers"": 80}",1072.5243057434757,1056.0937499006588,1203.6979167411725,True,0.9999998948697897
refine,128,"{""attention_groups"": 160, ""barrier"": ""simd"", ""compact"": true, ""merge_sgs"": 4, ""merge_unroll"": 2, ""sgs"": 8, ""split"": true, ""task_barrier"": false, ""tn"": 16, ""workers"": 80}","{""attention_groups"": 160, ""barrier"": ""simd"", ""compact"": true, ""merge_sgs"": 4, ""merge_unroll"": 4, ""sgs"": 8, ""split"": true, ""task_barrier"": false, ""tn"": 16, ""workers"": 80}",634.3437498435378,635.0833332786957,654.3576388309399,True,0.9999996342805897
refine,8192,"{""attention_groups"": 160, ""barrier"": ""simd"", ""compact"": true, ""merge_sgs"": 4, ""merge_unroll"": 2, ""sgs"": 8, ""split"": true, ""task_barrier"": false, ""tn"": 16, ""workers"": 80}","{""attention_groups"": 160, ""barrier"": ""simd"", ""compact"": true, ""merge_sgs"": 4, ""merge_unroll"": 4, ""sgs"": 8, ""split"": true, ""task_barrier"": false, ""tn"": 16, ""workers"": 80}",1081.076388868193,1062.232638709247,1132.736111059785,True,0.9999998948697897
refine,128,"{""attention_groups"": 160, ""barrier"": ""simd"", ""compact"": true, ""merge_sgs"": 4, ""merge_unroll"": 4, ""sgs"": 8, ""split"": true, ""task_barrier"": false, ""tn"": 16, ""workers"": 80}","{""attention_groups"": 160, ""barrier"": ""simd"", ""compact"": true, ""merge_sgs"": 4, ""merge_unroll"": 4, ""sgs"": 8, ""split"": true, ""task_barrier"": false, ""tn"": 16, ""workers"": 80}",634.1180553038915,638.3611109728614,653.9201388756434,True,0.9999996342805897
refine,8192,"{""attention_groups"": 160, ""barrier"": ""simd"", ""compact"": true, ""merge_sgs"": 4, ""merge_unroll"": 4, ""sgs"": 8, ""split"": true, ""task_barrier"": false, ""tn"": 16, ""workers"": 80}","{""attention_groups"": 160, ""barrier"": ""simd"", ""compact"": true, ""merge_sgs"": 4, ""merge_unroll"": 4, ""sgs"": 8, ""split"": true, ""task_barrier"": false, ""tn"": 16, ""workers"": 80}",1073.1006944552064,1056.4166667560737,1127.0555555820465,True,0.9999998948697897
refine,128,"{""attention_groups"": 160, ""barrier"": ""simd"", ""compact"": true, ""merge_sgs"": 4, ""merge_unroll"": 8, ""sgs"": 8, ""split"": true, ""task_barrier"": false, ""tn"": 16, ""workers"": 80}","{""attention_groups"": 160, ""barrier"": ""simd"", ""compact"": true, ""merge_sgs"": 4, ""merge_unroll"": 4, ""sgs"": 8, ""split"": true, ""task_barrier"": false, ""tn"": 16, ""workers"": 80}",636.3958331445853,641.2465280542771,655.8645833283663,True,0.9999996342805897
refine,8192,"{""attention_groups"": 160, ""barrier"": ""simd"", ""compact"": true, ""merge_sgs"": 4, ""merge_unroll"": 8, ""sgs"": 8, ""split"": true, ""task_barrier"": false, ""tn"": 16, ""workers"": 80}","{""attention_groups"": 160, ""barrier"": ""simd"", ""compact"": true, ""merge_sgs"": 4, ""merge_unroll"": 4, ""sgs"": 8, ""split"": true, ""task_barrier"": false, ""tn"": 16, ""workers"": 80}",1071.527777860562,1061.482638741533,1129.8541665698092,True,0.9999998948697897
refine,128,"{""attention_groups"": 160, ""barrier"": ""simd"", ""compact"": true, ""merge_sgs"": 4, ""merge_unroll"": 16, ""sgs"": 8, ""split"": true, ""task_barrier"": false, ""tn"": 16, ""workers"": 80}","{""attention_groups"": 160, ""barrier"": ""simd"", ""compact"": true, ""merge_sgs"": 4, ""merge_unroll"": 4, ""sgs"": 8, ""split"": true, ""task_barrier"": false, ""tn"": 16, ""workers"": 80}",637.2951390221715,638.5624998559555,656.6145832960805,True,0.9999996342805897
refine,8192,"{""attention_groups"": 160, ""barrier"": ""simd"", ""compact"": true, ""merge_sgs"": 4, ""merge_unroll"": 16, ""sgs"": 8, ""split"": true, ""task_barrier"": false, ""tn"": 16, ""workers"": 80}","{""attention_groups"": 160, ""barrier"": ""simd"", ""compact"": true, ""merge_sgs"": 4, ""merge_unroll"": 4, ""sgs"": 8, ""split"": true, ""task_barrier"": false, ""tn"": 16, ""workers"": 80}",1076.2118054553866,1054.6215275923412,1126.1597219854593,True,0.9999998948697897
refine,128,"{""attention_groups"": 160, ""barrier"": ""simd"", ""compact"": true, ""gemm_overrides"": {""0"": {""ksplit"": 1}}, ""sgs"": 8, ""split"": true, ""task_barrier"": false, ""tn"": 16, ""workers"": 80}","{""attention_groups"": 160, ""barrier"": ""simd"", ""compact"": true, ""gemm_overrides"": {""0"": {""ksplit"": 1}}, ""merge_unroll"": 4, ""sgs"": 8, ""split"": true, ""task_barrier"": false, ""tn"": 16, ""workers"": 80}",637.1736113602916,653.357638977468,660.1597222809991,True,0.9999995606447424
refine,8192,"{""attention_groups"": 160, ""barrier"": ""simd"", ""compact"": true, ""gemm_overrides"": {""0"": {""ksplit"": 1}}, ""sgs"": 8, ""split"": true, ""task_barrier"": false, ""tn"": 16, ""workers"": 80}","{""attention_groups"": 160, ""barrier"": ""simd"", ""compact"": true, ""gemm_overrides"": {""0"": {""ksplit"": 1}}, ""merge_unroll"": 4, ""sgs"": 8, ""split"": true, ""task_barrier"": false, ""tn"": 16, ""workers"": 80}",1075.152777756254,1071.1388885974884,1136.788194688658,True,0.9999998514866987
refine,128,"{""attention_groups"": 160, ""barrier"": ""simd"", ""compact"": true, ""gemm_overrides"": {""1"": {""ksplit"": 1}}, ""sgs"": 8, ""split"": true, ""task_barrier"": false, ""tn"": 16, ""workers"": 80}","{""attention_groups"": 160, ""barrier"": ""simd"", ""compact"": true, ""gemm_overrides"": {""1"": {""ksplit"": 1}}, ""merge_unroll"": 4, ""sgs"": 8, ""split"": true, ""task_barrier"": false, ""tn"": 16, ""workers"": 80}",655.3506944328547,673.559027723968,691.1979165549079,True,0.9999996342805897
refine,8192,"{""attention_groups"": 160, ""barrier"": ""simd"", ""compact"": true, ""gemm_overrides"": {""1"": {""ksplit"": 1}}, ""sgs"": 8, ""split"": true, ""task_barrier"": false, ""tn"": 16, ""workers"": 80}","{""attention_groups"": 160, ""barrier"": ""simd"", ""compact"": true, ""gemm_overrides"": {""1"": {""ksplit"": 1}}, ""merge_unroll"": 4, ""sgs"": 8, ""split"": true, ""task_barrier"": false, ""tn"": 16, ""workers"": 80}",1073.3229167138536,1111.131944693625,1153.4444444502394,True,0.9999998948697897
refine,128,"{""attention_groups"": 160, ""barrier"": ""simd"", ""compact"": true, ""gemm_overrides"": {""2"": {""ksplit"": 1}}, ""sgs"": 8, ""split"": true, ""task_barrier"": false, ""tn"": 16, ""workers"": 80}","{""attention_groups"": 160, ""barrier"": ""simd"", ""compact"": true, ""gemm_overrides"": {""2"": {""ksplit"": 1}}, ""merge_unroll"": 4, ""sgs"": 8, ""split"": true, ""task_barrier"": false, ""tn"": 16, ""workers"": 80}",636.4340276146928,681.9687501216928,682.2951389476657,True,0.9999996699372793
refine,8192,"{""attention_groups"": 160, ""barrier"": ""simd"", ""compact"": true, ""gemm_overrides"": {""2"": {""ksplit"": 1}}, ""sgs"": 8, ""split"": true, ""task_barrier"": false, ""tn"": 16, ""workers"": 80}","{""attention_groups"": 160, ""barrier"": ""simd"", ""compact"": true, ""gemm_overrides"": {""2"": {""ksplit"": 1}}, ""merge_unroll"": 4, ""sgs"": 8, ""split"": true, ""task_barrier"": false, ""tn"": 16, ""workers"": 80}",1075.645833586653,1100.2638889476657,1156.173611059785,True,0.99999985293865
refine,128,"{""attention_groups"": 160, ""barrier"": ""simd"", ""compact"": true, ""gemm_overrides"": {""0"": {""ksplit"": 1}, ""1"": {""ksplit"": 1}, ""2"": {""ksplit"": 1}}, ""sgs"": 8, ""split"": true, ""task_barrier"": false, ""tn"": 16, ""workers"": 80}","{""attention_groups"": 160, ""barrier"": ""simd"", ""compact"": true, ""gemm_overrides"": {""0"": {""ksplit"": 1}, ""1"": {""ksplit"": 1}, ""2"": {""ksplit"": 1}}, ""merge_unroll"": 4, ""sgs"": 8, ""split"": true, ""task_barrier"": false, ""tn"": 16, ""workers"": 80}",636.513888835907,723.9444442093372,722.6354166244467,True,0.9999995962946762
refine,8192,"{""attention_groups"": 160, ""barrier"": ""simd"", ""compact"": true, ""gemm_overrides"": {""0"": {""ksplit"": 1}, ""1"": {""ksplit"": 1}, ""2"": {""ksplit"": 1}}, ""sgs"": 8, ""split"": true, ""task_barrier"": false, ""tn"": 16, ""workers"": 80}","{""attention_groups"": 160, ""barrier"": ""simd"", ""compact"": true, ""gemm_overrides"": {""0"": {""ksplit"": 1}, ""1"": {""ksplit"": 1}, ""2"": {""ksplit"": 1}}, ""merge_unroll"": 4, ""sgs"": 8, ""split"": true, ""task_barrier"": false, ""tn"": 16, ""workers"": 80}",1072.5694444651406,1154.3854167684913,1192.1701390917103,True,0.9999998692149085
refine,128,"{""attention_groups"": 160, ""barrier"": ""simd"", ""compact"": true, ""gemm_overrides"": {""0"": {""ksplit"": 2}}, ""sgs"": 8, ""split"": true, ""task_barrier"": false, ""tn"": 16, ""workers"": 80}","{""attention_groups"": 160, ""barrier"": ""simd"", ""compact"": true, ""gemm_overrides"": {""0"": {""ksplit"": 2}}, ""merge_unroll"": 4, ""sgs"": 8, ""split"": true, ""task_barrier"": false, ""tn"": 16, ""workers"": 80}",636.0381944105029,656.3472223157684,675.7534720624486,True,0.9999993471276826
refine,8192,"{""attention_groups"": 160, ""barrier"": ""simd"", ""compact"": true, ""gemm_overrides"": {""0"": {""ksplit"": 2}}, ""sgs"": 8, ""split"": true, ""task_barrier"": false, ""tn"": 16, ""workers"": 80}","{""attention_groups"": 160, ""barrier"": ""simd"", ""compact"": true, ""gemm_overrides"": {""0"": {""ksplit"": 2}}, ""merge_unroll"": 4, ""sgs"": 8, ""split"": true, ""task_barrier"": false, ""tn"": 16, ""workers"": 80}",1071.5104164555669,1068.9375000074506,1149.8194442441065,True,0.999999791817503
refine,128,"{""attention_groups"": 160, ""barrier"": ""simd"", ""compact"": true, ""gemm_overrides"": {""1"": {""ksplit"": 2}}, ""sgs"": 8, ""split"": true, ""task_barrier"": false, ""tn"": 16, ""workers"": 80}","{""attention_groups"": 160, ""barrier"": ""simd"", ""compact"": true, ""gemm_overrides"": {""1"": {""ksplit"": 2}}, ""merge_unroll"": 4, ""sgs"": 8, ""split"": true, ""task_barrier"": false, ""tn"": 16, ""workers"": 80}",642.5868055472771,675.9097222238779,691.0312501713634,True,0.9999996342805897
refine,8192,"{""attention_groups"": 160, ""barrier"": ""simd"", ""compact"": true, ""gemm_overrides"": {""1"": {""ksplit"": 2}}, ""sgs"": 8, ""split"": true, ""task_barrier"": false, ""tn"": 16, ""workers"": 80}","{""attention_groups"": 160, ""barrier"": ""simd"", ""compact"": true, ""gemm_overrides"": {""1"": {""ksplit"": 2}}, ""merge_unroll"": 4, ""sgs"": 8, ""split"": true, ""task_barrier"": false, ""tn"": 16, ""workers"": 80}",1073.677083166937,1076.038194509844,1162.0208335419495,True,0.9999998948697897
refine,128,"{""attention_groups"": 160, ""barrier"": ""simd"", ""compact"": true, ""gemm_overrides"": {""2"": {""ksplit"": 2}}, ""sgs"": 8, ""split"": true, ""task_barrier"": false, ""tn"": 16, ""workers"": 80}","{""attention_groups"": 160, ""barrier"": ""simd"", ""compact"": true, ""gemm_overrides"": {""2"": {""ksplit"": 2}}, ""merge_unroll"": 4, ""sgs"": 8, ""split"": true, ""task_barrier"": false, ""tn"": 16, ""workers"": 80}",642.9201392456889,654.6180558701357,667.6388888930281,True,0.999999647890905
refine,8192,"{""attention_groups"": 160, ""barrier"": ""simd"", ""compact"": true, ""gemm_overrides"": {""2"": {""ksplit"": 2}}, ""sgs"": 8, ""split"": true, ""task_barrier"": false, ""tn"": 16, ""workers"": 80}","{""attention_groups"": 160, ""barrier"": ""simd"", ""compact"": true, ""gemm_overrides"": {""2"": {""ksplit"": 2}}, ""merge_unroll"": 4, ""sgs"": 8, ""split"": true, ""task_barrier"": false, ""tn"": 16, ""workers"": 80}",1077.3541669671733,1063.8229167088866,1134.437499878307,True,0.9999998934059698
refine,128,"{""attention_groups"": 160, ""barrier"": ""simd"", ""compact"": true, ""gemm_overrides"": {""0"": {""ksplit"": 2}, ""1"": {""ksplit"": 2}, ""2"": {""ksplit"": 2}}, ""sgs"": 8, ""split"": true, ""task_barrier"": false, ""tn"": 16, ""workers"": 80}","{""attention_groups"": 160, ""barrier"": ""simd"", ""compact"": true, ""gemm_overrides"": {""0"": {""ksplit"": 2}, ""1"": {""ksplit"": 2}, ""2"": {""ksplit"": 2}}, ""merge_unroll"": 4, ""sgs"": 8, ""split"": true, ""task_barrier"": false, ""tn"": 16, ""workers"": 80}",638.4930557881793,702.0798611144224,723.6770832290252,True,0.9999993503299272
refine,8192,"{""attention_groups"": 160, ""barrier"": ""simd"", ""compact"": true, ""gemm_overrides"": {""0"": {""ksplit"": 2}, ""1"": {""ksplit"": 2}, ""2"": {""ksplit"": 2}}, ""sgs"": 8, ""split"": true, ""task_barrier"": false, ""tn"": 16, ""workers"": 80}","{""attention_groups"": 160, ""barrier"": ""simd"", ""compact"": true, ""gemm_overrides"": {""0"": {""ksplit"": 2}, ""1"": {""ksplit"": 2}, ""2"": {""ksplit"": 2}}, ""merge_unroll"": 4, ""sgs"": 8, ""split"": true, ""task_barrier"": false, ""tn"": 16, ""workers"": 80}",1080.3402777140338,1092.4479166666667,1188.1319442763925,True,0.9999997972963889
refine,128,"{""attention_groups"": 160, ""barrier"": ""simd"", ""compact"": true, ""gemm_overrides"": {""0"": {""ksplit"": 4}}, ""sgs"": 8, ""split"": true, ""task_barrier"": false, ""tn"": 16, ""workers"": 80}","{""attention_groups"": 160, ""barrier"": ""simd"", ""compact"": true, ""gemm_overrides"": {""0"": {""ksplit"": 4}}, ""merge_unroll"": 4, ""sgs"": 8, ""split"": true, ""task_barrier"": false, ""tn"": 16, ""workers"": 80}",637.7083333209157,664.0659719705582,672.0763885726532,True,0.9999996342805897
refine,8192,"{""attention_groups"": 160, ""barrier"": ""simd"", ""compact"": true, ""gemm_overrides"": {""0"": {""ksplit"": 4}}, ""sgs"": 8, ""split"": true, ""task_barrier"": false, ""tn"": 16, ""workers"": 80}","{""attention_groups"": 160, ""barrier"": ""simd"", ""compact"": true, ""gemm_overrides"": {""0"": {""ksplit"": 4}}, ""merge_unroll"": 4, ""sgs"": 8, ""split"": true, ""task_barrier"": false, ""tn"": 16, ""workers"": 80}",1077.6631943881512,1074.413194321096,1148.4895835941036,True,0.999999894078046
refine,128,"{""attention_groups"": 160, ""barrier"": ""simd"", ""compact"": true, ""gemm_overrides"": {""1"": {""ksplit"": 4}}, ""sgs"": 8, ""split"": true, ""task_barrier"": false, ""tn"": 16, ""workers"": 80}","{""attention_groups"": 160, ""barrier"": ""simd"", ""compact"": true, ""gemm_overrides"": {""1"": {""ksplit"": 4}}, ""merge_unroll"": 4, ""sgs"": 8, ""split"": true, ""task_barrier"": false, ""tn"": 16, ""workers"": 80}",636.9027774780989,662.0208335419496,664.9861109132568,True,0.9999996217941293
refine,8192,"{""attention_groups"": 160, ""barrier"": ""simd"", ""compact"": true, ""gemm_overrides"": {""1"": {""ksplit"": 4}}, ""sgs"": 8, ""split"": true, ""task_barrier"": false, ""tn"": 16, ""workers"": 80}","{""attention_groups"": 160, ""barrier"": ""simd"", ""compact"": true, ""gemm_overrides"": {""1"": {""ksplit"": 4}}, ""merge_unroll"": 4, ""sgs"": 8, ""split"": true, ""task_barrier"": false, ""tn"": 16, ""workers"": 80}",1073.2951390867431,1062.565972097218,1138.7847218041618,True,0.9999998948697897
refine,128,"{""attention_groups"": 160, ""barrier"": ""simd"", ""compact"": true, ""gemm_overrides"": {""2"": {""ksplit"": 4}}, ""sgs"": 8, ""split"": true, ""task_barrier"": false, ""tn"": 16, ""workers"": 80}","{""attention_groups"": 160, ""barrier"": ""simd"", ""compact"": true, ""gemm_overrides"": {""2"": {""ksplit"": 4}}, ""merge_unroll"": 4, ""sgs"": 8, ""split"": true, ""task_barrier"": false, ""tn"": 16, ""workers"": 80}",635.5972221742073,637.4687499677142,658.6145833134651,True,0.9999996389916316
refine,8192,"{""attention_groups"": 160, ""barrier"": ""simd"", ""compact"": true, ""gemm_overrides"": {""2"": {""ksplit"": 4}}, ""sgs"": 8, ""split"": true, ""task_barrier"": false, ""tn"": 16, ""workers"": 80}","{""attention_groups"": 160, ""barrier"": ""simd"", ""compact"": true, ""gemm_overrides"": {""2"": {""ksplit"": 4}}, ""merge_unroll"": 4, ""sgs"": 8, ""split"": true, ""task_barrier"": false, ""tn"": 16, ""workers"": 80}",1076.4305557434757,1060.5972222983837,1131.458333383004,True,0.9999998942595886
refine,128,"{""attention_groups"": 160, ""barrier"": ""simd"", ""compact"": true, ""gemm_overrides"": {""0"": {""ksplit"": 4}, ""1"": {""ksplit"": 4}, ""2"": {""ksplit"": 4}}, ""sgs"": 8, ""split"": true, ""task_barrier"": false, ""tn"": 16, ""workers"": 80}","{""attention_groups"": 160, ""barrier"": ""simd"", ""compact"": true, ""gemm_overrides"": {""0"": {""ksplit"": 4}, ""1"": {""ksplit"": 4}, ""2"": {""ksplit"": 4}}, ""merge_unroll"": 4, ""sgs"": 8, ""split"": true, ""task_barrier"": false, ""tn"": 16, ""workers"": 80}",643.0104166890184,663.7777776146928,675.975694321096,True,0.9999996265052908
refine,8192,"{""attention_groups"": 160, ""barrier"": ""simd"", ""compact"": true, ""gemm_overrides"": {""0"": {""ksplit"": 4}, ""1"": {""ksplit"": 4}, ""2"": {""ksplit"": 4}}, ""sgs"": 8, ""split"": true, ""task_barrier"": false, ""tn"": 16, ""workers"": 80}","{""attention_groups"": 160, ""barrier"": ""simd"", ""compact"": true, ""gemm_overrides"": {""0"": {""ksplit"": 4}, ""1"": {""ksplit"": 4}, ""2"": {""ksplit"": 4}}, ""merge_unroll"": 4, ""sgs"": 8, ""split"": true, ""task_barrier"": false, ""tn"": 16, ""workers"": 80}",1074.6076392630737,1071.9513890023034,1157.7673610299826,True,0.9999998928091576
refine,128,"{""attention_groups"": 160, ""barrier"": ""simd"", ""compact"": true, ""gemm_overrides"": {""0"": {""groups"": 40}}, ""sgs"": 8, ""split"": true, ""task_barrier"": false, ""tn"": 16, ""workers"": 80}","{""attention_groups"": 160, ""barrier"": ""simd"", ""compact"": true, ""gemm_overrides"": {""0"": {""groups"": 40}}, ""merge_unroll"": 4, ""sgs"": 8, ""split"": true, ""task_barrier"": false, ""tn"": 16, ""workers"": 80}",635.7395832116405,683.0902779474854,712.7187497292956,True,0.9999996342805897
refine,8192,"{""attention_groups"": 160, ""barrier"": ""simd"", ""compact"": true, ""gemm_overrides"": {""0"": {""groups"": 40}}, ""sgs"": 8, ""split"": true, ""task_barrier"": false, ""tn"": 16, ""workers"": 80}","{""attention_groups"": 160, ""barrier"": ""simd"", ""compact"": true, ""gemm_overrides"": {""0"": {""groups"": 40}}, ""merge_unroll"": 4, ""sgs"": 8, ""split"": true, ""task_barrier"": false, ""tn"": 16, ""workers"": 80}",1074.0034723033507,1099.6111116061609,1186.2048612286646,True,0.9999998948697897
refine,128,"{""attention_groups"": 160, ""barrier"": ""simd"", ""compact"": true, ""gemm_overrides"": {""0"": {""groups"": 120}}, ""sgs"": 8, ""split"": true, ""task_barrier"": false, ""tn"": 16, ""workers"": 80}","{""attention_groups"": 160, ""barrier"": ""simd"", ""compact"": true, ""gemm_overrides"": {""0"": {""groups"": 120}}, ""merge_unroll"": 4, ""sgs"": 8, ""split"": true, ""task_barrier"": false, ""tn"": 16, ""workers"": 80}",637.1041666716337,651.2743054578701,673.3888890594244,True,0.9999996342805897
refine,8192,"{""attention_groups"": 160, ""barrier"": ""simd"", ""compact"": true, ""gemm_overrides"": {""0"": {""groups"": 120}}, ""sgs"": 8, ""split"": true, ""task_barrier"": false, ""tn"": 16, ""workers"": 80}","{""attention_groups"": 160, ""barrier"": ""simd"", ""compact"": true, ""gemm_overrides"": {""0"": {""groups"": 120}}, ""merge_unroll"": 4, ""sgs"": 8, ""split"": true, ""task_barrier"": false, ""tn"": 16, ""workers"": 80}",1074.0624998385708,1067.7152778953314,1147.9236114149292,True,0.9999998948697897
refine,128,"{""attention_groups"": 160, ""barrier"": ""simd"", ""compact"": true, ""gemm_overrides"": {""1"": {""groups"": 40}}, ""sgs"": 8, ""split"": true, ""task_barrier"": false, ""tn"": 16, ""workers"": 80}","{""attention_groups"": 160, ""barrier"": ""simd"", ""compact"": true, ""gemm_overrides"": {""1"": {""groups"": 40}}, ""merge_unroll"": 4, ""sgs"": 8, ""split"": true, ""task_barrier"": false, ""tn"": 16, ""workers"": 80}",641.6770831371347,678.7152777736386,709.0451388309399,True,0.9999996342805897
refine,8192,"{""attention_groups"": 160, ""barrier"": ""simd"", ""compact"": true, ""gemm_overrides"": {""1"": {""groups"": 40}}, ""sgs"": 8, ""split"": true, ""task_barrier"": false, ""tn"": 16, ""workers"": 80}","{""attention_groups"": 160, ""barrier"": ""simd"", ""compact"": true, ""gemm_overrides"": {""1"": {""groups"": 40}}, ""merge_unroll"": 4, ""sgs"": 8, ""split"": true, ""task_barrier"": false, ""tn"": 16, ""workers"": 80}",1079.0069444725912,1057.8750002508361,1172.829861131807,True,0.9999998948697897
refine,128,"{""attention_groups"": 160, ""barrier"": ""simd"", ""compact"": true, ""gemm_overrides"": {""1"": {""groups"": 120}}, ""sgs"": 8, ""split"": true, ""task_barrier"": false, ""tn"": 16, ""workers"": 80}","{""attention_groups"": 160, ""barrier"": ""simd"", ""compact"": true, ""gemm_overrides"": {""1"": {""groups"": 120}}, ""merge_unroll"": 4, ""sgs"": 8, ""split"": true, ""task_barrier"": false, ""tn"": 16, ""workers"": 80}",637.0798613255223,649.5902777339021,670.399305721124,True,0.9999996342805897
refine,8192,"{""attention_groups"": 160, ""barrier"": ""simd"", ""compact"": true, ""gemm_overrides"": {""1"": {""groups"": 120}}, ""sgs"": 8, ""split"": true, ""task_barrier"": false, ""tn"": 16, ""workers"": 80}","{""attention_groups"": 160, ""barrier"": ""simd"", ""compact"": true, ""gemm_overrides"": {""1"": {""groups"": 120}}, ""merge_unroll"": 4, ""sgs"": 8, ""split"": true, ""task_barrier"": false, ""tn"": 16, ""workers"": 80}",1074.7048609579604,1059.4548610970378,1142.9652776569128,True,0.9999998948697897
refine,128,"{""attention_groups"": 160, ""barrier"": ""simd"", ""compact"": true, ""gemm_overrides"": {""2"": {""groups"": 40}}, ""sgs"": 8, ""split"": true, ""task_barrier"": false, ""tn"": 16, ""workers"": 80}","{""attention_groups"": 160, ""barrier"": ""simd"", ""compact"": true, ""gemm_overrides"": {""2"": {""groups"": 40}}, ""merge_unroll"": 4, ""sgs"": 8, ""split"": true, ""task_barrier"": false, ""tn"": 16, ""workers"": 80}",639.1631945346793,675.5555551499128,693.5451390842596,True,0.9999996342805897
refine,8192,"{""attention_groups"": 160, ""barrier"": ""simd"", ""compact"": true, ""gemm_overrides"": {""2"": {""groups"": 40}}, ""sgs"": 8, ""split"": true, ""task_barrier"": false, ""tn"": 16, ""workers"": 80}","{""attention_groups"": 160, ""barrier"": ""simd"", ""compact"": true, ""gemm_overrides"": {""2"": {""groups"": 40}}, ""merge_unroll"": 4, ""sgs"": 8, ""split"": true, ""task_barrier"": false, ""tn"": 16, ""workers"": 80}",1075.8819446588557,1096.2013887862365,1169.2812498658895,True,0.9999998948697897
refine,128,"{""attention_groups"": 160, ""barrier"": ""simd"", ""compact"": true, ""gemm_overrides"": {""2"": {""groups"": 120}}, ""sgs"": 8, ""split"": true, ""task_barrier"": false, ""tn"": 16, ""workers"": 80}","{""attention_groups"": 160, ""barrier"": ""simd"", ""compact"": true, ""gemm_overrides"": {""2"": {""groups"": 120}}, ""merge_unroll"": 4, ""sgs"": 8, ""split"": true, ""task_barrier"": false, ""tn"": 16, ""workers"": 80}",643.5625000546376,645.9618055572113,660.2152778456608,True,0.9999996342805897
refine,8192,"{""attention_groups"": 160, ""barrier"": ""simd"", ""compact"": true, ""gemm_overrides"": {""2"": {""groups"": 120}}, ""sgs"": 8, ""split"": true, ""task_barrier"": false, ""tn"": 16, ""workers"": 80}","{""attention_groups"": 160, ""barrier"": ""simd"", ""compact"": true, ""gemm_overrides"": {""2"": {""groups"": 120}}, ""merge_unroll"": 4, ""sgs"": 8, ""split"": true, ""task_barrier"": false, ""tn"": 16, ""workers"": 80}",1077.381944283843,1069.9895834550261,1139.4270832339923,True,0.9999998948697897
refine,128,"{""attention_groups"": 320, ""barrier"": ""simd"", ""compact"": true, ""sgs"": 4, ""split"": true, ""task_barrier"": false, ""tn"": 16, ""workers"": 160}","{""attention_groups"": 320, ""barrier"": ""simd"", ""compact"": true, ""merge_unroll"": 4, ""sgs"": 4, ""split"": true, ""task_barrier"": false, ""tn"": 16, ""workers"": 160}",639.4756945470969,650.2430556962887,679.1597222909331,True,0.9999996265052908
refine,8192,"{""attention_groups"": 320, ""barrier"": ""simd"", ""compact"": true, ""sgs"": 4, ""split"": true, ""task_barrier"": false, ""tn"": 16, ""workers"": 160}","{""attention_groups"": 320, ""barrier"": ""simd"", ""compact"": true, ""merge_unroll"": 4, ""sgs"": 4, ""split"": true, ""task_barrier"": false, ""tn"": 16, ""workers"": 160}",1074.3576387564342,1108.3854166790843,1105.0347220152617,True,0.9999998928091576
refine,128,"{""attention_groups"": 320, ""barrier"": ""simd"", ""compact"": true, ""merge_sgs"": 1, ""merge_unroll"": 2, ""sgs"": 4, ""split"": true, ""task_barrier"": false, ""tn"": 16, ""workers"": 160}","{""attention_groups"": 320, ""barrier"": ""simd"", ""compact"": true, ""merge_sgs"": 1, ""merge_unroll"": 4, ""sgs"": 4, ""split"": true, ""task_barrier"": false, ""tn"": 16, ""workers"": 160}",638.8020835195979,651.7326390991608,677.7986114223798,True,0.9999996265052908
refine,8192,"{""attention_groups"": 320, ""barrier"": ""simd"", ""compact"": true, ""merge_sgs"": 1, ""merge_unroll"": 2, ""sgs"": 4, ""split"": true, ""task_barrier"": false, ""tn"": 16, ""workers"": 160}","{""attention_groups"": 320, ""barrier"": ""simd"", ""compact"": true, ""merge_sgs"": 1, ""merge_unroll"": 4, ""sgs"": 4, ""split"": true, ""task_barrier"": false, ""tn"": 16, ""workers"": 160}",1074.6493053932984,1106.4618052914739,1184.322916592161,True,0.9999998928091576
refine,128,"{""attention_groups"": 320, ""barrier"": ""simd"", ""compact"": true, ""merge_sgs"": 1, ""merge_unroll"": 4, ""sgs"": 4, ""split"": true, ""task_barrier"": false, ""tn"": 16, ""workers"": 160}","{""attention_groups"": 320, ""barrier"": ""simd"", ""compact"": true, ""merge_sgs"": 1, ""merge_unroll"": 4, ""sgs"": 4, ""split"": true, ""task_barrier"": false, ""tn"": 16, ""workers"": 160}",637.8541666393479,649.041666649282,679.9027776966492,True,0.9999996265052908
refine,8192,"{""attention_groups"": 320, ""barrier"": ""simd"", ""compact"": true, ""merge_sgs"": 1, ""merge_unroll"": 4, ""sgs"": 4, ""split"": true, ""task_barrier"": false, ""tn"": 16, ""workers"": 160}","{""attention_groups"": 320, ""barrier"": ""simd"", ""compact"": true, ""merge_sgs"": 1, ""merge_unroll"": 4, ""sgs"": 4, ""split"": true, ""task_barrier"": false, ""tn"": 16, ""workers"": 160}",1089.8576388135552,1114.5763890817761,1190.4062498360872,True,0.9999998928091576
refine,128,"{""attention_groups"": 320, ""barrier"": ""simd"", ""compact"": true, ""merge_sgs"": 1, ""merge_unroll"": 8, ""sgs"": 4, ""split"": true, ""task_barrier"": false, ""tn"": 16, ""workers"": 160}","{""attention_groups"": 320, ""barrier"": ""simd"", ""compact"": true, ""merge_sgs"": 1, ""merge_unroll"": 4, ""sgs"": 4, ""split"": true, ""task_barrier"": false, ""tn"": 16, ""workers"": 160}",636.3819446414709,652.1527779599031,679.8298607269923,True,0.9999996265052908
refine,8192,"{""attention_groups"": 320, ""barrier"": ""simd"", ""compact"": true, ""merge_sgs"": 1, ""merge_unroll"": 8, ""sgs"": 4, ""split"": true, ""task_barrier"": false, ""tn"": 16, ""workers"": 160}","{""attention_groups"": 320, ""barrier"": ""simd"", ""compact"": true, ""merge_sgs"": 1, ""merge_unroll"": 4, ""sgs"": 4, ""split"": true, ""task_barrier"": false, ""tn"": 16, ""workers"": 160}",1074.1284722462296,1106.4166665698092,1176.576388689379,True,0.9999998928091576
refine,128,"{""attention_groups"": 320, ""barrier"": ""simd"", ""compact"": true, ""merge_sgs"": 1, ""merge_unroll"": 16, ""sgs"": 4, ""split"": true, ""task_barrier"": false, ""tn"": 16, ""workers"": 160}","{""attention_groups"": 320, ""barrier"": ""simd"", ""compact"": true, ""merge_sgs"": 1, ""merge_unroll"": 4, ""sgs"": 4, ""split"": true, ""task_barrier"": false, ""tn"": 16, ""workers"": 160}",648.0243053908149,650.0659724697471,684.402777813375,True,0.9999996265052908
refine,8192,"{""attention_groups"": 320, ""barrier"": ""simd"", ""compact"": true, ""merge_sgs"": 1, ""merge_unroll"": 16, ""sgs"": 4, ""split"": true, ""task_barrier"": false, ""tn"": 16, ""workers"": 160}","{""attention_groups"": 320, ""barrier"": ""simd"", ""compact"": true, ""merge_sgs"": 1, ""merge_unroll"": 4, ""sgs"": 4, ""split"": true, ""task_barrier"": false, ""tn"": 16, ""workers"": 160}",1078.256944194436,1110.0277776519458,1185.152777781089,True,0.9999998928091576
refine,128,"{""attention_groups"": 320, ""barrier"": ""simd"", ""compact"": true, ""merge_sgs"": 2, ""merge_unroll"": 2, ""sgs"": 4, ""split"": true, ""task_barrier"": false, ""tn"": 16, ""workers"": 160}","{""attention_groups"": 320, ""barrier"": ""simd"", ""compact"": true, ""merge_sgs"": 2, ""merge_unroll"": 4, ""sgs"": 4, ""split"": true, ""task_barrier"": false, ""tn"": 16, ""workers"": 160}",640.6076389054457,653.8506944974264,678.6909718066454,True,0.9999996265052908
refine,8192,"{""attention_groups"": 320, ""barrier"": ""simd"", ""compact"": true, ""merge_sgs"": 2, ""merge_unroll"": 2, ""sgs"": 4, ""split"": true, ""task_barrier"": false, ""tn"": 16, ""workers"": 160}","{""attention_groups"": 320, ""barrier"": ""simd"", ""compact"": true, ""merge_sgs"": 2, ""merge_unroll"": 4, ""sgs"": 4, ""split"": true, ""task_barrier"": false, ""tn"": 16, ""workers"": 160}",1075.2118056019146,1107.1770833805203,1101.767361164093,True,0.9999998928091576
refine,128,"{""attention_groups"": 320, ""barrier"": ""simd"", ""compact"": true, ""merge_sgs"": 2, ""merge_unroll"": 4, ""sgs"": 4, ""split"": true, ""task_barrier"": false, ""tn"": 16, ""workers"": 160}","{""attention_groups"": 320, ""barrier"": ""simd"", ""compact"": true, ""merge_sgs"": 2, ""merge_unroll"": 4, ""sgs"": 4, ""split"": true, ""task_barrier"": false, ""tn"": 16, ""workers"": 160}",639.6736111491919,647.9236111044884,679.493055678904,True,0.9999996265052908
refine,8192,"{""attention_groups"": 320, ""barrier"": ""simd"", ""compact"": true, ""merge_sgs"": 2, ""merge_unroll"": 4, ""sgs"": 4, ""split"": true, ""task_barrier"": false, ""tn"": 16, ""workers"": 160}","{""attention_groups"": 320, ""barrier"": ""simd"", ""compact"": true, ""merge_sgs"": 2, ""merge_unroll"": 4, ""sgs"": 4, ""split"": true, ""task_barrier"": false, ""tn"": 16, ""workers"": 160}",1076.8784722313285,1105.274305678904,1105.8819442987442,True,0.9999998928091576
refine,128,"{""attention_groups"": 320, ""barrier"": ""simd"", ""compact"": true, ""merge_sgs"": 2, ""merge_unroll"": 8, ""sgs"": 4, ""split"": true, ""task_barrier"": false, ""tn"": 16, ""workers"": 160}","{""attention_groups"": 320, ""barrier"": ""simd"", ""compact"": true, ""merge_sgs"": 2, ""merge_unroll"": 4, ""sgs"": 4, ""split"": true, ""task_barrier"": false, ""tn"": 16, ""workers"": 160}",638.7499999254942,653.9340279996395,676.6979166616997,True,0.9999996265052908
refine,8192,"{""attention_groups"": 320, ""barrier"": ""simd"", ""compact"": true, ""merge_sgs"": 2, ""merge_unroll"": 8, ""sgs"": 4, ""split"": true, ""task_barrier"": false, ""tn"": 16, ""workers"": 160}","{""attention_groups"": 320, ""barrier"": ""simd"", ""compact"": true, ""merge_sgs"": 2, ""merge_unroll"": 4, ""sgs"": 4, ""split"": true, ""task_barrier"": false, ""tn"": 16, ""workers"": 160}",1075.7951388756435,1105.201389019688,1100.9236108511686,True,0.9999998928091576
refine,128,"{""attention_groups"": 320, ""barrier"": ""simd"", ""compact"": true, ""merge_sgs"": 2, ""merge_unroll"": 16, ""sgs"": 4, ""split"": true, ""task_barrier"": false, ""tn"": 16, ""workers"": 160}","{""attention_groups"": 320, ""barrier"": ""simd"", ""compact"": true, ""merge_sgs"": 2, ""merge_unroll"": 4, ""sgs"": 4, ""split"": true, ""task_barrier"": false, ""tn"": 16, ""workers"": 160}",639.357639166216,652.4965275699893,681.0381943359971,True,0.9999996265052908
refine,8192,"{""attention_groups"": 320, ""barrier"": ""simd"", ""compact"": true, ""merge_sgs"": 2, ""merge_unroll"": 16, ""sgs"": 4, ""split"": true, ""task_barrier"": false, ""tn"": 16, ""workers"": 160}","{""attention_groups"": 320, ""barrier"": ""simd"", ""compact"": true, ""merge_sgs"": 2, ""merge_unroll"": 4, ""sgs"": 4, ""split"": true, ""task_barrier"": false, ""tn"": 16, ""workers"": 160}",1077.3923611268401,1106.4930551995833,1103.2083332538605,True,0.9999998928091576
refine,128,"{""attention_groups"": 320, ""barrier"": ""simd"", ""compact"": true, ""merge_sgs"": 4, ""merge_unroll"": 2, ""sgs"": 4, ""split"": true, ""task_barrier"": false, ""tn"": 16, ""workers"": 160}","{""attention_groups"": 320, ""barrier"": ""simd"", ""compact"": true, ""merge_sgs"": 4, ""merge_unroll"": 4, ""sgs"": 4, ""split"": true, ""task_barrier"": false, ""tn"": 16, ""workers"": 160}",637.6840276643634,649.4166667883595,678.9999998485049,True,0.9999996265052908
refine,8192,"{""attention_groups"": 320, ""barrier"": ""simd"", ""compact"": true, ""merge_sgs"": 4, ""merge_unroll"": 2, ""sgs"": 4, ""split"": true, ""task_barrier"": false, ""tn"": 16, ""workers"": 160}","{""attention_groups"": 320, ""barrier"": ""simd"", ""compact"": true, ""merge_sgs"": 4, ""merge_unroll"": 4, ""sgs"": 4, ""split"": true, ""task_barrier"": false, ""tn"": 16, ""workers"": 160}",1101.013888604939,1109.9548613031704,1108.0520832911134,True,0.9999998928091576
refine,128,"{""attention_groups"": 320, ""barrier"": ""simd"", ""compact"": true, ""merge_sgs"": 4, ""merge_unroll"": 4, ""sgs"": 4, ""split"": true, ""task_barrier"": false, ""tn"": 16, ""workers"": 160}","{""attention_groups"": 320, ""barrier"": ""simd"", ""compact"": true, ""merge_sgs"": 4, ""merge_unroll"": 4, ""sgs"": 4, ""split"": true, ""task_barrier"": false, ""tn"": 16, ""workers"": 160}",640.2430552989244,656.4131944129864,676.6979166616997,True,0.9999996265052908
refine,8192,"{""attention_groups"": 320, ""barrier"": ""simd"", ""compact"": true, ""merge_sgs"": 4, ""merge_unroll"": 4, ""sgs"": 4, ""split"": true, ""task_barrier"": false, ""tn"": 16, ""workers"": 160}","{""attention_groups"": 320, ""barrier"": ""simd"", ""compact"": true, ""merge_sgs"": 4, ""merge_unroll"": 4, ""sgs"": 4, ""split"": true, ""task_barrier"": false, ""tn"": 16, ""workers"": 160}",1077.3611109082897,1106.9375000273187,1105.413194745779,True,0.9999998928091576
refine,128,"{""attention_groups"": 320, ""barrier"": ""simd"", ""compact"": true, ""merge_sgs"": 4, ""merge_unroll"": 8, ""sgs"": 4, ""split"": true, ""task_barrier"": false, ""tn"": 16, ""workers"": 160}","{""attention_groups"": 320, ""barrier"": ""simd"", ""compact"": true, ""merge_sgs"": 4, ""merge_unroll"": 4, ""sgs"": 4, ""split"": true, ""task_barrier"": false, ""tn"": 16, ""workers"": 160}",643.6979165300727,660.8854165921608,677.5277778506279,True,0.9999996265052908
refine,8192,"{""attention_groups"": 320, ""barrier"": ""simd"", ""compact"": true, ""merge_sgs"": 4, ""merge_unroll"": 8, ""sgs"": 4, ""split"": true, ""task_barrier"": false, ""tn"": 16, ""workers"": 160}","{""attention_groups"": 320, ""barrier"": ""simd"", ""compact"": true, ""merge_sgs"": 4, ""merge_unroll"": 4, ""sgs"": 4, ""split"": true, ""task_barrier"": false, ""tn"": 16, ""workers"": 160}",1079.809027723968,1109.298611059785,1104.9756941696007,True,0.9999998928091576
refine,128,"{""attention_groups"": 320, ""barrier"": ""simd"", ""compact"": true, ""merge_sgs"": 4, ""merge_unroll"": 16, ""sgs"": 4, ""split"": true, ""task_barrier"": false, ""tn"": 16, ""workers"": 160}","{""attention_groups"": 320, ""barrier"": ""simd"", ""compact"": true, ""merge_sgs"": 4, ""merge_unroll"": 4, ""sgs"": 4, ""split"": true, ""task_barrier"": false, ""tn"": 16, ""workers"": 160}",638.7534718960524,652.2222220276793,676.1076388259729,True,0.9999996265052908
refine,8192,"{""attention_groups"": 320, ""barrier"": ""simd"", ""compact"": true, ""merge_sgs"": 4, ""merge_unroll"": 16, ""sgs"": 4, ""split"": true, ""task_barrier"": false, ""tn"": 16, ""workers"": 160}","{""attention_groups"": 320, ""barrier"": ""simd"", ""compact"": true, ""merge_sgs"": 4, ""merge_unroll"": 4, ""sgs"": 4, ""split"": true, ""task_barrier"": false, ""tn"": 16, ""workers"": 160}",1077.4756946290534,1109.7256941720843,1109.5381941025455,True,0.9999998928091576
refine,128,"{""attention_groups"": 320, ""barrier"": ""simd"", ""compact"": true, ""gemm_overrides"": {""0"": {""ksplit"": 1}}, ""sgs"": 4, ""split"": true, ""task_barrier"": false, ""tn"": 16, ""workers"": 160}","{""attention_groups"": 320, ""barrier"": ""simd"", ""compact"": true, ""gemm_overrides"": {""0"": {""ksplit"": 1}}, ""merge_unroll"": 4, ""sgs"": 4, ""split"": true, ""task_barrier"": false, ""tn"": 16, ""workers"": 160}",640.1145833854874,663.7881944576899,678.677083303531,True,0.999999552861712
refine,8192,"{""attention_groups"": 320, ""barrier"": ""simd"", ""compact"": true, ""gemm_overrides"": {""0"": {""ksplit"": 1}}, ""sgs"": 4, ""split"": true, ""task_barrier"": false, ""tn"": 16, ""workers"": 160}","{""attention_groups"": 320, ""barrier"": ""simd"", ""compact"": true, ""gemm_overrides"": {""0"": {""ksplit"": 1}}, ""merge_unroll"": 4, ""sgs"": 4, ""split"": true, ""task_barrier"": false, ""tn"": 16, ""workers"": 160}",1078.0416668082278,1114.5416665822268,1105.0069443881512,True,0.9999998677513101
refine,128,"{""attention_groups"": 320, ""barrier"": ""simd"", ""compact"": true, ""gemm_overrides"": {""1"": {""ksplit"": 1}}, ""sgs"": 4, ""split"": true, ""task_barrier"": false, ""tn"": 16, ""workers"": 160}","{""attention_groups"": 320, ""barrier"": ""simd"", ""compact"": true, ""gemm_overrides"": {""1"": {""ksplit"": 1}}, ""merge_unroll"": 4, ""sgs"": 4, ""split"": true, ""task_barrier"": false, ""tn"": 16, ""workers"": 160}",647.5173610573014,677.7222224821647,689.5347222064933,True,0.9999996389916316
refine,8192,"{""attention_groups"": 320, ""barrier"": ""simd"", ""compact"": true, ""gemm_overrides"": {""1"": {""ksplit"": 1}}, ""sgs"": 4, ""split"": true, ""task_barrier"": false, ""tn"": 16, ""workers"": 160}","{""attention_groups"": 320, ""barrier"": ""simd"", ""compact"": true, ""gemm_overrides"": {""1"": {""ksplit"": 1}}, ""merge_unroll"": 4, ""sgs"": 4, ""split"": true, ""task_barrier"": false, ""tn"": 16, ""workers"": 160}",1080.0451391066115,1117.263888940215,1140.1909723257024,True,0.9999998928091576
refine,128,"{""attention_groups"": 320, ""barrier"": ""simd"", ""compact"": true, ""gemm_overrides"": {""2"": {""ksplit"": 1}}, ""sgs"": 4, ""split"": true, ""task_barrier"": false, ""tn"": 16, ""workers"": 160}","{""attention_groups"": 320, ""barrier"": ""simd"", ""compact"": true, ""gemm_overrides"": {""2"": {""ksplit"": 1}}, ""merge_unroll"": 4, ""sgs"": 4, ""split"": true, ""task_barrier"": false, ""tn"": 16, ""workers"": 160}",641.2673614298304,694.2534723008672,710.673611300687,True,0.9999996305807228
refine,8192,"{""attention_groups"": 320, ""barrier"": ""simd"", ""compact"": true, ""gemm_overrides"": {""2"": {""ksplit"": 1}}, ""sgs"": 4, ""split"": true, ""task_barrier"": false, ""tn"": 16, ""workers"": 160}","{""attention_groups"": 320, ""barrier"": ""simd"", ""compact"": true, ""gemm_overrides"": {""2"": {""ksplit"": 1}}, ""merge_unroll"": 4, ""sgs"": 4, ""split"": true, ""task_barrier"": false, ""tn"": 16, ""workers"": 160}",1076.6805559396744,1145.3159724672635,1132.684027776122,True,0.9999998514866169
refine,128,"{""attention_groups"": 320, ""barrier"": ""simd"", ""compact"": true, ""gemm_overrides"": {""0"": {""ksplit"": 1}, ""1"": {""ksplit"": 1}, ""2"": {""ksplit"": 1}}, ""sgs"": 4, ""split"": true, ""task_barrier"": false, ""tn"": 16, ""workers"": 160}","{""attention_groups"": 320, ""barrier"": ""simd"", ""compact"": true, ""gemm_overrides"": {""0"": {""ksplit"": 1}, ""1"": {""ksplit"": 1}, ""2"": {""ksplit"": 1}}, ""merge_unroll"": 4, ""sgs"": 4, ""split"": true, ""task_barrier"": false, ""tn"": 16, ""workers"": 160}",638.2222219059864,722.0937497913837,721.5833331768712,True,0.9999995962946762
refine,8192,"{""attention_groups"": 320, ""barrier"": ""simd"", ""compact"": true, ""gemm_overrides"": {""0"": {""ksplit"": 1}, ""1"": {""ksplit"": 1}, ""2"": {""ksplit"": 1}}, ""sgs"": 4, ""split"": true, ""task_barrier"": false, ""tn"": 16, ""workers"": 160}","{""attention_groups"": 320, ""barrier"": ""simd"", ""compact"": true, ""gemm_overrides"": {""0"": {""ksplit"": 1}, ""1"": {""ksplit"": 1}, ""2"": {""ksplit"": 1}}, ""merge_unroll"": 4, ""sgs"": 4, ""split"": true, ""task_barrier"": false, ""tn"": 16, ""workers"": 160}",1076.177083266278,1162.3333332439263,1159.9930555870135,True,0.9999998692149085
refine,128,"{""attention_groups"": 320, ""barrier"": ""simd"", ""compact"": true, ""gemm_overrides"": {""0"": {""ksplit"": 2}}, ""sgs"": 4, ""split"": true, ""task_barrier"": false, ""tn"": 16, ""workers"": 160}","{""attention_groups"": 320, ""barrier"": ""simd"", ""compact"": true, ""gemm_overrides"": {""0"": {""ksplit"": 2}}, ""merge_unroll"": 4, ""sgs"": 4, ""split"": true, ""task_barrier"": false, ""tn"": 16, ""workers"": 160}",645.871527493,680.1076391711831,687.8576390445232,True,0.9999993355692974
refine,8192,"{""attention_groups"": 320, ""barrier"": ""simd"", ""compact"": true, ""gemm_overrides"": {""0"": {""ksplit"": 2}}, ""sgs"": 4, ""split"": true, ""task_barrier"": false, ""tn"": 16, ""workers"": 160}","{""attention_groups"": 320, ""barrier"": ""simd"", ""compact"": true, ""gemm_overrides"": {""0"": {""ksplit"": 2}}, ""merge_unroll"": 4, ""sgs"": 4, ""split"": true, ""task_barrier"": false, ""tn"": 16, ""workers"": 160}",1081.1388889948528,1118.2118055100243,1119.7361111020048,True,0.9999998150245981
refine,128,"{""attention_groups"": 320, ""barrier"": ""simd"", ""compact"": true, ""gemm_overrides"": {""1"": {""ksplit"": 2}}, ""sgs"": 4, ""split"": true, ""task_barrier"": false, ""tn"": 16, ""workers"": 160}","{""attention_groups"": 320, ""barrier"": ""simd"", ""compact"": true, ""gemm_overrides"": {""1"": {""ksplit"": 2}}, ""merge_unroll"": 4, ""sgs"": 4, ""split"": true, ""task_barrier"": false, ""tn"": 16, ""workers"": 160}",641.493055348595,679.0486111616095,703.6423611765107,True,0.9999996389916316
refine,8192,"{""attention_groups"": 320, ""barrier"": ""simd"", ""compact"": true, ""gemm_overrides"": {""1"": {""ksplit"": 2}}, ""sgs"": 4, ""split"": true, ""task_barrier"": false, ""tn"": 16, ""workers"": 160}","{""attention_groups"": 320, ""barrier"": ""simd"", ""compact"": true, ""gemm_overrides"": {""1"": {""ksplit"": 2}}, ""merge_unroll"": 4, ""sgs"": 4, ""split"": true, ""task_barrier"": false, ""tn"": 16, ""workers"": 160}",1078.18402753522,1112.0451390743256,1133.6145832513769,True,0.9999998928091576
refine,128,"{""attention_groups"": 320, ""barrier"": ""simd"", ""compact"": true, ""gemm_overrides"": {""2"": {""ksplit"": 2}}, ""sgs"": 4, ""split"": true, ""task_barrier"": false, ""tn"": 16, ""workers"": 160}","{""attention_groups"": 320, ""barrier"": ""simd"", ""compact"": true, ""gemm_overrides"": {""2"": {""ksplit"": 2}}, ""merge_unroll"": 4, ""sgs"": 4, ""split"": true, ""task_barrier"": false, ""tn"": 16, ""workers"": 160}",638.1736109033227,659.4548610349497,684.0625001738468,True,0.9999996354087196
refine,8192,"{""attention_groups"": 320, ""barrier"": ""simd"", ""compact"": true, ""gemm_overrides"": {""2"": {""ksplit"": 2}}, ""sgs"": 4, ""split"": true, ""task_barrier"": false, ""tn"": 16, ""workers"": 160}","{""attention_groups"": 320, ""barrier"": ""simd"", ""compact"": true, ""gemm_overrides"": {""2"": {""ksplit"": 2}}, ""merge_unroll"": 4, ""sgs"": 4, ""split"": true, ""task_barrier"": false, ""tn"": 16, ""workers"": 160}",1075.770833529532,1118.8541666294138,1112.277777865529,True,0.9999998926140877
refine,128,"{""attention_groups"": 320, ""barrier"": ""simd"", ""compact"": true, ""gemm_overrides"": {""0"": {""ksplit"": 2}, ""1"": {""ksplit"": 2}, ""2"": {""ksplit"": 2}}, ""sgs"": 4, ""split"": true, ""task_barrier"": false, ""tn"": 16, ""workers"": 160}","{""attention_groups"": 320, ""barrier"": ""simd"", ""compact"": true, ""gemm_overrides"": {""0"": {""ksplit"": 2}, ""1"": {""ksplit"": 2}, ""2"": {""ksplit"": 2}}, ""merge_unroll"": 4, ""sgs"": 4, ""split"": true, ""task_barrier"": false, ""tn"": 16, ""workers"": 160}",646.4791667337219,699.5173611988624,723.2430555547277,True,0.9999993503299272
refine,8192,"{""attention_groups"": 320, ""barrier"": ""simd"", ""compact"": true, ""gemm_overrides"": {""0"": {""ksplit"": 2}, ""1"": {""ksplit"": 2}, ""2"": {""ksplit"": 2}}, ""sgs"": 4, ""split"": true, ""task_barrier"": false, ""tn"": 16, ""workers"": 160}","{""attention_groups"": 320, ""barrier"": ""simd"", ""compact"": true, ""gemm_overrides"": {""0"": {""ksplit"": 2}, ""1"": {""ksplit"": 2}, ""2"": {""ksplit"": 2}}, ""merge_unroll"": 4, ""sgs"": 4, ""split"": true, ""task_barrier"": false, ""tn"": 16, ""workers"": 160}",1076.9999998932083,1129.5624999329448,1158.7847219780087,True,0.9999997972963889
refine,128,"{""attention_groups"": 320, ""barrier"": ""simd"", ""compact"": true, ""gemm_overrides"": {""0"": {""ksplit"": 4}}, ""sgs"": 4, ""split"": true, ""task_barrier"": false, ""tn"": 16, ""workers"": 160}","{""attention_groups"": 320, ""barrier"": ""simd"", ""compact"": true, ""gemm_overrides"": {""0"": {""ksplit"": 4}}, ""merge_unroll"": 4, ""sgs"": 4, ""split"": true, ""task_barrier"": false, ""tn"": 16, ""workers"": 160}",639.0173612162471,666.6979165747762,675.1909721642733,True,0.9999996265052908
refine,8192,"{""attention_groups"": 320, ""barrier"": ""simd"", ""compact"": true, ""gemm_overrides"": {""0"": {""ksplit"": 4}}, ""sgs"": 4, ""split"": true, ""task_barrier"": false, ""tn"": 16, ""workers"": 160}","{""attention_groups"": 320, ""barrier"": ""simd"", ""compact"": true, ""gemm_overrides"": {""0"": {""ksplit"": 4}}, ""merge_unroll"": 4, ""sgs"": 4, ""split"": true, ""task_barrier"": false, ""tn"": 16, ""workers"": 160}",1075.0069444378216,1106.6979166741173,1106.7777778953314,True,0.9999998928091576
refine,128,"{""attention_groups"": 320, ""barrier"": ""simd"", ""compact"": true, ""gemm_overrides"": {""1"": {""ksplit"": 4}}, ""sgs"": 4, ""split"": true, ""task_barrier"": false, ""tn"": 16, ""workers"": 160}","{""attention_groups"": 320, ""barrier"": ""simd"", ""compact"": true, ""gemm_overrides"": {""1"": {""ksplit"": 4}}, ""merge_unroll"": 4, ""sgs"": 4, ""split"": true, ""task_barrier"": false, ""tn"": 16, ""workers"": 160}",641.770833482345,663.1562501812974,675.7500000918905,True,0.9999996265052908
refine,8192,"{""attention_groups"": 320, ""barrier"": ""simd"", ""compact"": true, ""gemm_overrides"": {""1"": {""ksplit"": 4}}, ""sgs"": 4, ""split"": true, ""task_barrier"": false, ""tn"": 16, ""workers"": 160}","{""attention_groups"": 320, ""barrier"": ""simd"", ""compact"": true, ""gemm_overrides"": {""1"": {""ksplit"": 4}}, ""merge_unroll"": 4, ""sgs"": 4, ""split"": true, ""task_barrier"": false, ""tn"": 16, ""workers"": 160}",1087.5277779996395,1109.3680554380019,1135.1388885329168,True,0.9999998928091576
refine,128,"{""attention_groups"": 320, ""barrier"": ""simd"", ""compact"": true, ""gemm_overrides"": {""2"": {""ksplit"": 4}}, ""sgs"": 4, ""split"": true, ""task_barrier"": false, ""tn"": 16, ""workers"": 160}","{""attention_groups"": 320, ""barrier"": ""simd"", ""compact"": true, ""gemm_overrides"": {""2"": {""ksplit"": 4}}, ""merge_unroll"": 4, ""sgs"": 4, ""split"": true, ""task_barrier"": false, ""tn"": 16, ""workers"": 160}",640.357639019688,653.6701389898857,676.7083331942558,True,0.9999996265052908
refine,8192,"{""attention_groups"": 320, ""barrier"": ""simd"", ""compact"": true, ""gemm_overrides"": {""2"": {""ksplit"": 4}}, ""sgs"": 4, ""split"": true, ""task_barrier"": false, ""tn"": 16, ""workers"": 160}","{""attention_groups"": 320, ""barrier"": ""simd"", ""compact"": true, ""gemm_overrides"": {""2"": {""ksplit"": 4}}, ""merge_unroll"": 4, ""sgs"": 4, ""split"": true, ""task_barrier"": false, ""tn"": 16, ""workers"": 160}",1075.1805556938052,1108.4687498708565,1106.6354168578982,True,0.9999998928091576
refine,128,"{""attention_groups"": 320, ""barrier"": ""simd"", ""compact"": true, ""gemm_overrides"": {""0"": {""ksplit"": 4}, ""1"": {""ksplit"": 4}, ""2"": {""ksplit"": 4}}, ""sgs"": 4, ""split"": true, ""task_barrier"": false, ""tn"": 16, ""workers"": 160}","{""attention_groups"": 320, ""barrier"": ""simd"", ""compact"": true, ""gemm_overrides"": {""0"": {""ksplit"": 4}, ""1"": {""ksplit"": 4}, ""2"": {""ksplit"": 4}}, ""merge_unroll"": 4, ""sgs"": 4, ""split"": true, ""task_barrier"": false, ""tn"": 16, ""workers"": 160}",642.5277777016163,674.2812500645717,679.8576389749845,True,0.9999996265052908
refine,8192,"{""attention_groups"": 320, ""barrier"": ""simd"", ""compact"": true, ""gemm_overrides"": {""0"": {""ksplit"": 4}, ""1"": {""ksplit"": 4}, ""2"": {""ksplit"": 4}}, ""sgs"": 4, ""split"": true, ""task_barrier"": false, ""tn"": 16, ""workers"": 160}","{""attention_groups"": 320, ""barrier"": ""simd"", ""compact"": true, ""gemm_overrides"": {""0"": {""ksplit"": 4}, ""1"": {""ksplit"": 4}, ""2"": {""ksplit"": 4}}, ""merge_unroll"": 4, ""sgs"": 4, ""split"": true, ""task_barrier"": false, ""tn"": 16, ""workers"": 160}",1084.3541665623586,1111.5868057434757,1107.1493057534099,True,0.9999998928091576
refine,128,"{""attention_groups"": 320, ""barrier"": ""simd"", ""compact"": true, ""gemm_overrides"": {""0"": {""groups"": 40}}, ""sgs"": 4, ""split"": true, ""task_barrier"": false, ""tn"": 16, ""workers"": 160}","{""attention_groups"": 320, ""barrier"": ""simd"", ""compact"": true, ""gemm_overrides"": {""0"": {""groups"": 40}}, ""merge_unroll"": 4, ""sgs"": 4, ""split"": true, ""task_barrier"": false, ""tn"": 16, ""workers"": 160}",638.4618058800697,817.1041666840514,846.4340278878808,True,0.9999996265052908
refine,8192,"{""attention_groups"": 320, ""barrier"": ""simd"", ""compact"": true, ""gemm_overrides"": {""0"": {""groups"": 40}}, ""sgs"": 4, ""split"": true, ""task_barrier"": false, ""tn"": 16, ""workers"": 160}","{""attention_groups"": 320, ""barrier"": ""simd"", ""compact"": true, ""gemm_overrides"": {""0"": {""groups"": 40}}, ""merge_unroll"": 4, ""sgs"": 4, ""split"": true, ""task_barrier"": false, ""tn"": 16, ""workers"": 160}",1078.333333445092,1260.8923610920708,1278.0138890569408,True,0.9999998928091576
refine,128,"{""attention_groups"": 320, ""barrier"": ""simd"", ""compact"": true, ""gemm_overrides"": {""0"": {""groups"": 120}}, ""sgs"": 4, ""split"": true, ""task_barrier"": false, ""tn"": 16, ""workers"": 160}","{""attention_groups"": 320, ""barrier"": ""simd"", ""compact"": true, ""gemm_overrides"": {""0"": {""groups"": 120}}, ""merge_unroll"": 4, ""sgs"": 4, ""split"": true, ""task_barrier"": false, ""tn"": 16, ""workers"": 160}",640.354166738689,679.1354166343808,698.0381943285465,True,0.9999996265052908
refine,8192,"{""attention_groups"": 320, ""barrier"": ""simd"", ""compact"": true, ""gemm_overrides"": {""0"": {""groups"": 120}}, ""sgs"": 4, ""split"": true, ""task_barrier"": false, ""tn"": 16, ""workers"": 160}","{""attention_groups"": 320, ""barrier"": ""simd"", ""compact"": true, ""gemm_overrides"": {""0"": {""groups"": 120}}, ""merge_unroll"": 4, ""sgs"": 4, ""split"": true, ""task_barrier"": false, ""tn"": 16, ""workers"": 160}",1075.9201388185222,1126.6215275973082,1128.4201387315989,True,0.9999998928091576
refine,128,"{""attention_groups"": 320, ""barrier"": ""simd"", ""compact"": true, ""gemm_overrides"": {""1"": {""groups"": 40}}, ""sgs"": 4, ""split"": true, ""task_barrier"": false, ""tn"": 16, ""workers"": 160}","{""attention_groups"": 320, ""barrier"": ""simd"", ""compact"": true, ""gemm_overrides"": {""1"": {""groups"": 40}}, ""merge_unroll"": 4, ""sgs"": 4, ""split"": true, ""task_barrier"": false, ""tn"": 16, ""workers"": 160}",640.3159722685814,773.6180555075407,823.2604165871938,True,0.9999996265052908
refine,8192,"{""attention_groups"": 320, ""barrier"": ""simd"", ""compact"": true, ""gemm_overrides"": {""1"": {""groups"": 40}}, ""sgs"": 4, ""split"": true, ""task_barrier"": false, ""tn"": 16, ""workers"": 160}","{""attention_groups"": 320, ""barrier"": ""simd"", ""compact"": true, ""gemm_overrides"": {""1"": {""groups"": 40}}, ""merge_unroll"": 4, ""sgs"": 4, ""split"": true, ""task_barrier"": false, ""tn"": 16, ""workers"": 160}",1077.718749952813,1201.11111116906,1233.15277757744,True,0.9999998928091576
refine,128,"{""attention_groups"": 320, ""barrier"": ""simd"", ""compact"": true, ""gemm_overrides"": {""1"": {""groups"": 120}}, ""sgs"": 4, ""split"": true, ""task_barrier"": false, ""tn"": 16, ""workers"": 160}","{""attention_groups"": 320, ""barrier"": ""simd"", ""compact"": true, ""gemm_overrides"": {""1"": {""groups"": 120}}, ""merge_unroll"": 4, ""sgs"": 4, ""split"": true, ""task_barrier"": false, ""tn"": 16, ""workers"": 160}",639.1631945346793,673.6354166641831,696.791666559875,True,0.9999996265052908
refine,8192,"{""attention_groups"": 320, ""barrier"": ""simd"", ""compact"": true, ""gemm_overrides"": {""1"": {""groups"": 120}}, ""sgs"": 4, ""split"": true, ""task_barrier"": false, ""tn"": 16, ""workers"": 160}","{""attention_groups"": 320, ""barrier"": ""simd"", ""compact"": true, ""gemm_overrides"": {""1"": {""groups"": 120}}, ""merge_unroll"": 4, ""sgs"": 4, ""split"": true, ""task_barrier"": false, ""tn"": 16, ""workers"": 160}",1077.6145833854873,1100.9097220376134,1124.8437498385708,True,0.9999998928091576
refine,128,"{""attention_groups"": 320, ""barrier"": ""simd"", ""compact"": true, ""gemm_overrides"": {""2"": {""groups"": 40}}, ""sgs"": 4, ""split"": true, ""task_barrier"": false, ""tn"": 16, ""workers"": 160}","{""attention_groups"": 320, ""barrier"": ""simd"", ""compact"": true, ""gemm_overrides"": {""2"": {""groups"": 40}}, ""merge_unroll"": 4, ""sgs"": 4, ""split"": true, ""task_barrier"": false, ""tn"": 16, ""workers"": 160}",638.9062500869235,776.8368056664864,810.9895835320154,True,0.9999996265052908
refine,8192,"{""attention_groups"": 320, ""barrier"": ""simd"", ""compact"": true, ""gemm_overrides"": {""2"": {""groups"": 40}}, ""sgs"": 4, ""split"": true, ""task_barrier"": false, ""tn"": 16, ""workers"": 160}","{""attention_groups"": 320, ""barrier"": ""simd"", ""compact"": true, ""gemm_overrides"": {""2"": {""groups"": 40}}, ""merge_unroll"": 4, ""sgs"": 4, ""split"": true, ""task_barrier"": false, ""tn"": 16, ""workers"": 160}",1077.6180556664865,1226.7430555075407,1237.8506946067016,True,0.9999998928091576
refine,128,"{""attention_groups"": 320, ""barrier"": ""simd"", ""compact"": true, ""gemm_overrides"": {""2"": {""groups"": 120}}, ""sgs"": 4, ""split"": true, ""task_barrier"": false, ""tn"": 16, ""workers"": 160}","{""attention_groups"": 320, ""barrier"": ""simd"", ""compact"": true, ""gemm_overrides"": {""2"": {""groups"": 120}}, ""merge_unroll"": 4, ""sgs"": 4, ""split"": true, ""task_barrier"": false, ""tn"": 16, ""workers"": 160}",644.7812498857578,668.3437501390775,693.2152779772878,True,0.9999996265052908
refine,8192,"{""attention_groups"": 320, ""barrier"": ""simd"", ""compact"": true, ""gemm_overrides"": {""2"": {""groups"": 120}}, ""sgs"": 4, ""split"": true, ""task_barrier"": false, ""tn"": 16, ""workers"": 160}","{""attention_groups"": 320, ""barrier"": ""simd"", ""compact"": true, ""gemm_overrides"": {""2"": {""groups"": 120}}, ""merge_unroll"": 4, ""sgs"": 4, ""split"": true, ""task_barrier"": false, ""tn"": 16, ""workers"": 160}",1076.437499995033,1125.2395833532016,1120.3715276593964,True,0.9999998928091576
merge-confirm,128,"{""attention_groups"": 160, ""barrier"": ""simd"", ""compact"": true, ""merge_sgs"": 2, ""merge_unroll"": 1, ""sgs"": 8, ""split"": true, ""task_barrier"": false, ""tn"": 16, ""workers"": 80}","{""attention_groups"": 160, ""barrier"": ""simd"", ""compact"": true, ""merge_sgs"": 2, ""merge_unroll"": 1, ""sgs"": 8, ""split"": true, ""task_barrier"": false, ""tn"": 16, ""workers"": 80}",627.8836807856957,636.1475695545474,649.8559027289351,True,0.9999996342805897
merge-confirm,8192,"{""attention_groups"": 160, ""barrier"": ""simd"", ""compact"": true, ""merge_sgs"": 2, ""merge_unroll"": 1, ""sgs"": 8, ""split"": true, ""task_barrier"": false, ""tn"": 16, ""workers"": 80}","{""attention_groups"": 160, ""barrier"": ""simd"", ""compact"": true, ""merge_sgs"": 2, ""merge_unroll"": 1, ""sgs"": 8, ""split"": true, ""task_barrier"": false, ""tn"": 16, ""workers"": 80}",1062.5729166592162,1072.1961804665625,1263.5607638706763,True,0.9999998948697897
merge-confirm,128,"{""attention_groups"": 160, ""barrier"": ""simd"", ""compact"": true, ""merge_sgs"": 2, ""merge_unroll"": 4, ""sgs"": 8, ""split"": true, ""task_barrier"": false, ""tn"": 16, ""workers"": 80}","{""attention_groups"": 160, ""barrier"": ""simd"", ""compact"": true, ""merge_sgs"": 2, ""merge_unroll"": 4, ""sgs"": 8, ""split"": true, ""task_barrier"": false, ""tn"": 16, ""workers"": 80}",626.9843749081095,634.4357637378076,648.3020833693445,True,0.9999996342805897
merge-confirm,8192,"{""attention_groups"": 160, ""barrier"": ""simd"", ""compact"": true, ""merge_sgs"": 2, ""merge_unroll"": 4, ""sgs"": 8, ""split"": true, ""task_barrier"": false, ""tn"": 16, ""workers"": 80}","{""attention_groups"": 160, ""barrier"": ""simd"", ""compact"": true, ""merge_sgs"": 2, ""merge_unroll"": 4, ""sgs"": 8, ""split"": true, ""task_barrier"": false, ""tn"": 16, ""workers"": 80}",1063.916666743656,1051.284722207735,1194.1892360337079,True,0.9999998948697897
merge-confirm,128,"{""attention_groups"": 160, ""barrier"": ""simd"", ""compact"": true, ""merge_sgs"": 2, ""merge_unroll"": 8, ""sgs"": 8, ""split"": true, ""task_barrier"": false, ""tn"": 16, ""workers"": 80}","{""attention_groups"": 160, ""barrier"": ""simd"", ""compact"": true, ""merge_sgs"": 2, ""merge_unroll"": 8, ""sgs"": 8, ""split"": true, ""task_barrier"": false, ""tn"": 16, ""workers"": 80}",626.7673612261812,633.5781250769893,651.5590276879569,True,0.9999996342805897
merge-confirm,8192,"{""attention_groups"": 160, ""barrier"": ""simd"", ""compact"": true, ""merge_sgs"": 2, ""merge_unroll"": 8, ""sgs"": 8, ""split"": true, ""task_barrier"": false, ""tn"": 16, ""workers"": 80}","{""attention_groups"": 160, ""barrier"": ""simd"", ""compact"": true, ""merge_sgs"": 2, ""merge_unroll"": 8, ""sgs"": 8, ""split"": true, ""task_barrier"": false, ""tn"": 16, ""workers"": 80}",1064.963541769733,1131.2118056230247,1406.6475694999099,True,0.9999998948697897
merge-confirm,128,"{""attention_groups"": 160, ""barrier"": ""simd"", ""compact"": true, ""merge_sgs"": 2, ""merge_unroll"": 16, ""sgs"": 8, ""split"": true, ""task_barrier"": false, ""tn"": 16, ""workers"": 80}","{""attention_groups"": 160, ""barrier"": ""simd"", ""compact"": true, ""merge_sgs"": 2, ""merge_unroll"": 16, ""sgs"": 8, ""split"": true, ""task_barrier"": false, ""tn"": 16, ""workers"": 80}",628.1892360808948,634.3767360473672,653.0347222772738,True,0.9999996342805897
merge-confirm,8192,"{""attention_groups"": 160, ""barrier"": ""simd"", ""compact"": true, ""merge_sgs"": 2, ""merge_unroll"": 16, ""sgs"": 8, ""split"": true, ""task_barrier"": false, ""tn"": 16, ""workers"": 80}","{""attention_groups"": 160, ""barrier"": ""simd"", ""compact"": true, ""merge_sgs"": 2, ""merge_unroll"": 16, ""sgs"": 8, ""split"": true, ""task_barrier"": false, ""tn"": 16, ""workers"": 80}",1181.8697916654248,1193.3819445160527,1444.1354166095455,True,0.9999998948697897
merge-confirm,128,"{""attention_groups"": 160, ""barrier"": ""simd"", ""compact"": true, ""merge_sgs"": 2, ""merge_unroll"": 32, ""sgs"": 8, ""split"": true, ""task_barrier"": false, ""tn"": 16, ""workers"": 80}","{""attention_groups"": 160, ""barrier"": ""simd"", ""compact"": true, ""merge_sgs"": 2, ""merge_unroll"": 32, ""sgs"": 8, ""split"": true, ""task_barrier"": false, ""tn"": 16, ""workers"": 80}",628.2152777227262,636.3923611740271,667.3836805857718,True,0.9999996342805897
merge-confirm,8192,"{""attention_groups"": 160, ""barrier"": ""simd"", ""compact"": true, ""merge_sgs"": 2, ""merge_unroll"": 32, ""sgs"": 8, ""split"": true, ""task_barrier"": false, ""tn"": 16, ""workers"": 80}","{""attention_groups"": 160, ""barrier"": ""simd"", ""compact"": true, ""merge_sgs"": 2, ""merge_unroll"": 32, ""sgs"": 8, ""split"": true, ""task_barrier"": false, ""tn"": 16, ""workers"": 80}",1080.3315971667569,1257.6180555236836,1494.5000000298023,True,0.9999998948697897
merge-confirm,128,"{""attention_groups"": 160, ""barrier"": ""simd"", ""compact"": true, ""merge_sgs"": 8, ""merge_unroll"": 1, ""sgs"": 8, ""split"": true, ""task_barrier"": false, ""tn"": 16, ""workers"": 80}","{""attention_groups"": 160, ""barrier"": ""simd"", ""compact"": true, ""merge_sgs"": 8, ""merge_unroll"": 1, ""sgs"": 8, ""split"": true, ""task_barrier"": false, ""tn"": 16, ""workers"": 80}",628.9548611578842,634.0156250322858,646.4409721083939,True,0.9999996342805897
merge-confirm,8192,"{""attention_groups"": 160, ""barrier"": ""simd"", ""compact"": true, ""merge_sgs"": 8, ""merge_unroll"": 1, ""sgs"": 8, ""split"": true, ""task_barrier"": false, ""tn"": 16, ""workers"": 80}","{""attention_groups"": 160, ""barrier"": ""simd"", ""compact"": true, ""merge_sgs"": 8, ""merge_unroll"": 1, ""sgs"": 8, ""split"": true, ""task_barrier"": false, ""tn"": 16, ""workers"": 80}",1065.322916644315,1072.3125000173848,1142.5173610138397,True,0.9999998948697897
merge-confirm,128,"{""attention_groups"": 160, ""barrier"": ""simd"", ""compact"": true, ""merge_sgs"": 8, ""merge_unroll"": 4, ""sgs"": 8, ""split"": true, ""task_barrier"": false, ""tn"": 16, ""workers"": 80}","{""attention_groups"": 160, ""barrier"": ""simd"", ""compact"": true, ""merge_sgs"": 8, ""merge_unroll"": 4, ""sgs"": 8, ""split"": true, ""task_barrier"": false, ""tn"": 16, ""workers"": 80}",632.1302082700034,633.6371527674297,649.4427084301909,True,0.9999996342805897
merge-confirm,8192,"{""attention_groups"": 160, ""barrier"": ""simd"", ""compact"": true, ""merge_sgs"": 8, ""merge_unroll"": 4, ""sgs"": 8, ""split"": true, ""task_barrier"": false, ""tn"": 16, ""workers"": 80}","{""attention_groups"": 160, ""barrier"": ""simd"", ""compact"": true, ""merge_sgs"": 8, ""merge_unroll"": 4, ""sgs"": 8, ""split"": true, ""task_barrier"": false, ""tn"": 16, ""workers"": 80}",1065.291666580985,1056.5329861516755,1123.4270832501352,True,0.9999998948697897
merge-confirm,128,"{""attention_groups"": 160, ""barrier"": ""simd"", ""compact"": true, ""merge_sgs"": 8, ""merge_unroll"": 8, ""sgs"": 8, ""split"": true, ""task_barrier"": false, ""tn"": 16, ""workers"": 80}","{""attention_groups"": 160, ""barrier"": ""simd"", ""compact"": true, ""merge_sgs"": 8, ""merge_unroll"": 8, ""sgs"": 8, ""split"": true, ""task_barrier"": false, ""tn"": 16, ""workers"": 80}",654.4930554615954,637.7413195247451,657.0572916728755,True,0.9999996342805897
merge-confirm,8192,"{""attention_groups"": 160, ""barrier"": ""simd"", ""compact"": true, ""merge_sgs"": 8, ""merge_unroll"": 8, ""sgs"": 8, ""split"": true, ""task_barrier"": false, ""tn"": 16, ""workers"": 80}","{""attention_groups"": 160, ""barrier"": ""simd"", ""compact"": true, ""merge_sgs"": 8, ""merge_unroll"": 8, ""sgs"": 8, ""split"": true, ""task_barrier"": false, ""tn"": 16, ""workers"": 80}",1066.9045137862365,1130.3888889960945,1212.5000000620882,True,0.9999998948697897
merge-confirm,128,"{""attention_groups"": 160, ""barrier"": ""simd"", ""compact"": true, ""merge_sgs"": 8, ""merge_unroll"": 16, ""sgs"": 8, ""split"": true, ""task_barrier"": false, ""tn"": 16, ""workers"": 80}","{""attention_groups"": 160, ""barrier"": ""simd"", ""compact"": true, ""merge_sgs"": 8, ""merge_unroll"": 16, ""sgs"": 8, ""split"": true, ""task_barrier"": false, ""tn"": 16, ""workers"": 80}",629.7378471742073,635.1284723108014,655.63888878872,True,0.9999996342805897
merge-confirm,8192,"{""attention_groups"": 160, ""barrier"": ""simd"", ""compact"": true, ""merge_sgs"": 8, ""merge_unroll"": 16, ""sgs"": 8, ""split"": true, ""task_barrier"": false, ""tn"": 16, ""workers"": 80}","{""attention_groups"": 160, ""barrier"": ""simd"", ""compact"": true, ""merge_sgs"": 8, ""merge_unroll"": 16, ""sgs"": 8, ""split"": true, ""task_barrier"": false, ""tn"": 16, ""workers"": 80}",1100.3489582799375,1137.66319428881,1245.6111111678183,True,0.9999998948697897
merge-confirm,128,"{""attention_groups"": 160, ""barrier"": ""simd"", ""compact"": true, ""merge_sgs"": 8, ""merge_unroll"": 32, ""sgs"": 8, ""split"": true, ""task_barrier"": false, ""tn"": 16, ""workers"": 80}","{""attention_groups"": 160, ""barrier"": ""simd"", ""compact"": true, ""merge_sgs"": 8, ""merge_unroll"": 32, ""sgs"": 8, ""split"": true, ""task_barrier"": false, ""tn"": 16, ""workers"": 80}",628.8402777475616,640.2361112025877,673.2100693819424,True,0.9999996342805897
merge-confirm,8192,"{""attention_groups"": 160, ""barrier"": ""simd"", ""compact"": true, ""merge_sgs"": 8, ""merge_unroll"": 32, ""sgs"": 8, ""split"": true, ""task_barrier"": false, ""tn"": 16, ""workers"": 80}","{""attention_groups"": 160, ""barrier"": ""simd"", ""compact"": true, ""merge_sgs"": 8, ""merge_unroll"": 32, ""sgs"": 8, ""split"": true, ""task_barrier"": false, ""tn"": 16, ""workers"": 80}",1065.9565972164273,1349.1093750732641,1477.9322915710509,True,0.9999998948697897
merge-confirm,128,"{""attention_groups"": 160, ""barrier"": ""serial"", ""compact"": true, ""sgs"": 8, ""split"": true, ""task_barrier"": false, ""tn"": 16, ""workers"": 80}","{""attention_groups"": 160, ""barrier"": ""serial"", ""compact"": true, ""sgs"": 8, ""split"": true, ""task_barrier"": false, ""tn"": 16, ""workers"": 80}",630.2465278034409,635.1458332501352,679.253472170482,True,0.9999996342805897
merge-confirm,8192,"{""attention_groups"": 160, ""barrier"": ""serial"", ""compact"": true, ""sgs"": 8, ""split"": true, ""task_barrier"": false, ""tn"": 16, ""workers"": 80}","{""attention_groups"": 160, ""barrier"": ""serial"", ""compact"": true, ""sgs"": 8, ""split"": true, ""task_barrier"": false, ""tn"": 16, ""workers"": 80}",1064.9635416145127,1055.230902818342,1153.4739583730698,True,0.9999998948697897
merge-confirm,128,"{""attention_groups"": 160, ""barrier"": ""leader"", ""compact"": true, ""sgs"": 8, ""split"": true, ""task_barrier"": false, ""tn"": 16, ""workers"": 80}","{""attention_groups"": 160, ""barrier"": ""leader"", ""compact"": true, ""sgs"": 8, ""split"": true, ""task_barrier"": false, ""tn"": 16, ""workers"": 80}",630.5052083916962,639.6770834301909,650.2795138706764,True,0.9999996342805897
merge-confirm,8192,"{""attention_groups"": 160, ""barrier"": ""leader"", ""compact"": true, ""sgs"": 8, ""split"": true, ""task_barrier"": false, ""tn"": 16, ""workers"": 80}","{""attention_groups"": 160, ""barrier"": ""leader"", ""compact"": true, ""sgs"": 8, ""split"": true, ""task_barrier"": false, ""tn"": 16, ""workers"": 80}",1066.293402730177,1052.1336804764967,1125.9114583954215,True,0.9999998948697897
merge-confirm,128,"{""attention_groups"": 160, ""barrier"": ""simd"", ""compact"": true, ""sgs"": 8, ""split"": true, ""task_barrier"": true, ""tn"": 16, ""workers"": 80}","{""attention_groups"": 160, ""barrier"": ""simd"", ""compact"": true, ""sgs"": 8, ""split"": true, ""task_barrier"": true, ""tn"": 16, ""workers"": 80}",632.7100694179535,641.0868054566284,656.2795139228305,True,0.9999996342805897
merge-confirm,8192,"{""attention_groups"": 160, ""barrier"": ""simd"", ""compact"": true, ""sgs"": 8, ""split"": true, ""task_barrier"": true, ""tn"": 16, ""workers"": 80}","{""attention_groups"": 160, ""barrier"": ""simd"", ""compact"": true, ""sgs"": 8, ""split"": true, ""task_barrier"": true, ""tn"": 16, ""workers"": 80}",1068.4722221146028,1054.1874999180436,1127.0052082836628,True,0.9999998948697897
merge-confirm,128,"{""attention_groups"": 160, ""barrier"": ""simd"", ""compact"": true, ""noinline"": true, ""sgs"": 8, ""split"": true, ""task_barrier"": false, ""tn"": 16, ""workers"": 80}","{""attention_groups"": 160, ""barrier"": ""simd"", ""compact"": true, ""noinline"": true, ""sgs"": 8, ""split"": true, ""task_barrier"": false, ""tn"": 16, ""workers"": 80}",629.7968750198683,636.3697916579744,650.1006943484148,True,0.9999996342805897
merge-confirm,8192,"{""attention_groups"": 160, ""barrier"": ""simd"", ""compact"": true, ""noinline"": true, ""sgs"": 8, ""split"": true, ""task_barrier"": false, ""tn"": 16, ""workers"": 80}","{""attention_groups"": 160, ""barrier"": ""simd"", ""compact"": true, ""noinline"": true, ""sgs"": 8, ""split"": true, ""task_barrier"": false, ""tn"": 16, ""workers"": 80}",1098.6163195533056,1063.7864582240582,1163.2760417026777,True,0.9999998948697897
merge-confirm,128,"{""attention_groups"": 160, ""barrier"": ""simd"", ""compact"": true, ""schedule"": ""interleave"", ""sgs"": 8, ""split"": true, ""task_barrier"": false, ""tn"": 16, ""workers"": 80}","{""attention_groups"": 160, ""barrier"": ""simd"", ""compact"": true, ""schedule"": ""interleave"", ""sgs"": 8, ""split"": true, ""task_barrier"": false, ""tn"": 16, ""workers"": 80}",630.489583282421,634.0781250037253,713.3350695172945,True,0.9999996342805897
merge-confirm,8192,"{""attention_groups"": 160, ""barrier"": ""simd"", ""compact"": true, ""schedule"": ""interleave"", ""sgs"": 8, ""split"": true, ""task_barrier"": false, ""tn"": 16, ""workers"": 80}","{""attention_groups"": 160, ""barrier"": ""simd"", ""compact"": true, ""schedule"": ""interleave"", ""sgs"": 8, ""split"": true, ""task_barrier"": false, ""tn"": 16, ""workers"": 80}",1068.0694445036352,1053.543402813375,1339.8402778742213,True,0.9999998948697897
merge-confirm,128,"{""attention_groups"": 320, ""barrier"": ""simd"", ""compact"": true, ""merge_sgs"": 2, ""merge_unroll"": 1, ""sgs"": 4, ""split"": true, ""task_barrier"": false, ""tn"": 16, ""workers"": 160}","{""attention_groups"": 320, ""barrier"": ""simd"", ""compact"": true, ""merge_sgs"": 2, ""merge_unroll"": 1, ""sgs"": 4, ""split"": true, ""task_barrier"": false, ""tn"": 16, ""workers"": 160}",630.9027777363857,654.430555490156,671.4895833283663,True,0.9999996265052908
merge-confirm,8192,"{""attention_groups"": 320, ""barrier"": ""simd"", ""compact"": true, ""merge_sgs"": 2, ""merge_unroll"": 1, ""sgs"": 4, ""split"": true, ""task_barrier"": false, ""tn"": 16, ""workers"": 160}","{""attention_groups"": 320, ""barrier"": ""simd"", ""compact"": true, ""merge_sgs"": 2, ""merge_unroll"": 1, ""sgs"": 4, ""split"": true, ""task_barrier"": false, ""tn"": 16, ""workers"": 160}",1067.524305700014,1118.9739583060145,1119.0190971828997,True,0.9999998928091576
merge-confirm,128,"{""attention_groups"": 320, ""barrier"": ""simd"", ""compact"": true, ""merge_sgs"": 2, ""merge_unroll"": 4, ""sgs"": 4, ""split"": true, ""task_barrier"": false, ""tn"": 16, ""workers"": 160}","{""attention_groups"": 320, ""barrier"": ""simd"", ""compact"": true, ""merge_sgs"": 2, ""merge_unroll"": 4, ""sgs"": 4, ""split"": true, ""task_barrier"": false, ""tn"": 16, ""workers"": 160}",632.5347221766909,654.196180558453,669.717013835907,True,0.9999996265052908
merge-confirm,8192,"{""attention_groups"": 320, ""barrier"": ""simd"", ""compact"": true, ""merge_sgs"": 2, ""merge_unroll"": 4, ""sgs"": 4, ""split"": true, ""task_barrier"": false, ""tn"": 16, ""workers"": 160}","{""attention_groups"": 320, ""barrier"": ""simd"", ""compact"": true, ""merge_sgs"": 2, ""merge_unroll"": 4, ""sgs"": 4, ""split"": true, ""task_barrier"": false, ""tn"": 16, ""workers"": 160}",1066.1111112373571,1102.3194443744917,1098.2187500533958,True,0.9999998928091576
merge-confirm,128,"{""attention_groups"": 320, ""barrier"": ""simd"", ""compact"": true, ""merge_sgs"": 2, ""merge_unroll"": 8, ""sgs"": 4, ""split"": true, ""task_barrier"": false, ""tn"": 16, ""workers"": 160}","{""attention_groups"": 320, ""barrier"": ""simd"", ""compact"": true, ""merge_sgs"": 2, ""merge_unroll"": 8, ""sgs"": 4, ""split"": true, ""task_barrier"": false, ""tn"": 16, ""workers"": 160}",629.7413194552064,656.0902778680125,675.0295140470067,True,0.9999996265052908
merge-confirm,8192,"{""attention_groups"": 320, ""barrier"": ""simd"", ""compact"": true, ""merge_sgs"": 2, ""merge_unroll"": 8, ""sgs"": 4, ""split"": true, ""task_barrier"": false, ""tn"": 16, ""workers"": 160}","{""attention_groups"": 320, ""barrier"": ""simd"", ""compact"": true, ""merge_sgs"": 2, ""merge_unroll"": 8, ""sgs"": 4, ""split"": true, ""task_barrier"": false, ""tn"": 16, ""workers"": 160}",1066.8246528754632,1179.5260415722926,1188.4774304926395,True,0.9999998928091576
merge-confirm,128,"{""attention_groups"": 320, ""barrier"": ""simd"", ""compact"": true, ""merge_sgs"": 2, ""merge_unroll"": 16, ""sgs"": 4, ""split"": true, ""task_barrier"": false, ""tn"": 16, ""workers"": 160}","{""attention_groups"": 320, ""barrier"": ""simd"", ""compact"": true, ""merge_sgs"": 2, ""merge_unroll"": 16, ""sgs"": 4, ""split"": true, ""task_barrier"": false, ""tn"": 16, ""workers"": 160}",629.5208333370587,658.6562499093512,672.3246526283523,True,0.9999996265052908
merge-confirm,8192,"{""attention_groups"": 320, ""barrier"": ""simd"", ""compact"": true, ""merge_sgs"": 2, ""merge_unroll"": 16, ""sgs"": 4, ""split"": true, ""task_barrier"": false, ""tn"": 16, ""workers"": 160}","{""attention_groups"": 320, ""barrier"": ""simd"", ""compact"": true, ""merge_sgs"": 2, ""merge_unroll"": 16, ""sgs"": 4, ""split"": true, ""task_barrier"": false, ""tn"": 16, ""workers"": 160}",1066.9045137862365,1148.6770831979811,1218.949652897815,True,0.9999998928091576
merge-confirm,128,"{""attention_groups"": 320, ""barrier"": ""simd"", ""compact"": true, ""merge_sgs"": 2, ""merge_unroll"": 32, ""sgs"": 4, ""split"": true, ""task_barrier"": false, ""tn"": 16, ""workers"": 160}","{""attention_groups"": 320, ""barrier"": ""simd"", ""compact"": true, ""merge_sgs"": 2, ""merge_unroll"": 32, ""sgs"": 4, ""split"": true, ""task_barrier"": false, ""tn"": 16, ""workers"": 160}",629.6788193285465,658.446180789421,691.637152650704,True,0.9999996265052908
merge-confirm,8192,"{""attention_groups"": 320, ""barrier"": ""simd"", ""compact"": true, ""merge_sgs"": 2, ""merge_unroll"": 32, ""sgs"": 4, ""split"": true, ""task_barrier"": false, ""tn"": 16, ""workers"": 160}","{""attention_groups"": 320, ""barrier"": ""simd"", ""compact"": true, ""merge_sgs"": 2, ""merge_unroll"": 32, ""sgs"": 4, ""split"": true, ""task_barrier"": false, ""tn"": 16, ""workers"": 160}",1065.5190972611308,1299.5920137812693,1427.8420138483245,True,0.9999998928091576
merge-confirm,128,"{""attention_groups"": 320, ""barrier"": ""simd"", ""compact"": true, ""merge_sgs"": 4, ""merge_unroll"": 1, ""sgs"": 4, ""split"": true, ""task_barrier"": false, ""tn"": 16, ""workers"": 160}","{""attention_groups"": 320, ""barrier"": ""simd"", ""compact"": true, ""merge_sgs"": 4, ""merge_unroll"": 1, ""sgs"": 4, ""split"": true, ""task_barrier"": false, ""tn"": 16, ""workers"": 160}",632.0243055621783,653.3368054466943,669.0555554814637,True,0.9999996265052908
merge-confirm,8192,"{""attention_groups"": 320, ""barrier"": ""simd"", ""compact"": true, ""merge_sgs"": 4, ""merge_unroll"": 1, ""sgs"": 4, ""split"": true, ""task_barrier"": false, ""tn"": 16, ""workers"": 160}","{""attention_groups"": 320, ""barrier"": ""simd"", ""compact"": true, ""merge_sgs"": 4, ""merge_unroll"": 1, ""sgs"": 4, ""split"": true, ""task_barrier"": false, ""tn"": 16, ""workers"": 160}",1065.9722223257024,1119.4010417287548,1113.6684028121333,True,0.9999998928091576
merge-confirm,128,"{""attention_groups"": 320, ""barrier"": ""simd"", ""compact"": true, ""merge_sgs"": 4, ""merge_unroll"": 4, ""sgs"": 4, ""split"": true, ""task_barrier"": false, ""tn"": 16, ""workers"": 160}","{""attention_groups"": 320, ""barrier"": ""simd"", ""compact"": true, ""merge_sgs"": 4, ""merge_unroll"": 4, ""sgs"": 4, ""split"": true, ""task_barrier"": false, ""tn"": 16, ""workers"": 160}",630.1267361268401,649.6024304069579,670.2013889638087,True,0.9999996265052908
merge-confirm,8192,"{""attention_groups"": 320, ""barrier"": ""simd"", ""compact"": true, ""merge_sgs"": 4, ""merge_unroll"": 4, ""sgs"": 4, ""split"": true, ""task_barrier"": false, ""tn"": 16, ""workers"": 160}","{""attention_groups"": 320, ""barrier"": ""simd"", ""compact"": true, ""merge_sgs"": 4, ""merge_unroll"": 4, ""sgs"": 4, ""split"": true, ""task_barrier"": false, ""tn"": 16, ""workers"": 160}",1066.2725693546236,1100.8420139551163,1097.2743056093652,True,0.9999998928091576
merge-confirm,128,"{""attention_groups"": 320, ""barrier"": ""simd"", ""compact"": true, ""merge_sgs"": 4, ""merge_unroll"": 8, ""sgs"": 4, ""split"": true, ""task_barrier"": false, ""tn"": 16, ""workers"": 160}","{""attention_groups"": 320, ""barrier"": ""simd"", ""compact"": true, ""merge_sgs"": 4, ""merge_unroll"": 8, ""sgs"": 4, ""split"": true, ""task_barrier"": false, ""tn"": 16, ""workers"": 160}",709.7013889191052,734.9496525712311,751.8472221369544,True,0.9999996265052908
merge-confirm,8192,"{""attention_groups"": 320, ""barrier"": ""simd"", ""compact"": true, ""merge_sgs"": 4, ""merge_unroll"": 8, ""sgs"": 4, ""split"": true, ""task_barrier"": false, ""tn"": 16, ""workers"": 160}","{""attention_groups"": 320, ""barrier"": ""simd"", ""compact"": true, ""merge_sgs"": 4, ""merge_unroll"": 8, ""sgs"": 4, ""split"": true, ""task_barrier"": false, ""tn"": 16, ""workers"": 160}",1066.5277778171003,1176.109375121693,1192.4843749341865,True,0.9999998928091576
merge-confirm,128,"{""attention_groups"": 320, ""barrier"": ""simd"", ""compact"": true, ""merge_sgs"": 4, ""merge_unroll"": 16, ""sgs"": 4, ""split"": true, ""task_barrier"": false, ""tn"": 16, ""workers"": 160}","{""attention_groups"": 320, ""barrier"": ""simd"", ""compact"": true, ""merge_sgs"": 4, ""merge_unroll"": 16, ""sgs"": 4, ""split"": true, ""task_barrier"": false, ""tn"": 16, ""workers"": 160}",635.673610959202,668.0920139575998,685.4687499192854,True,0.9999996265052908
merge-confirm,8192,"{""attention_groups"": 320, ""barrier"": ""simd"", ""compact"": true, ""merge_sgs"": 4, ""merge_unroll"": 16, ""sgs"": 4, ""split"": true, ""task_barrier"": false, ""tn"": 16, ""workers"": 160}","{""attention_groups"": 320, ""barrier"": ""simd"", ""compact"": true, ""merge_sgs"": 4, ""merge_unroll"": 16, ""sgs"": 4, ""split"": true, ""task_barrier"": false, ""tn"": 16, ""workers"": 160}",1065.5416666219633,1149.3888888508081,1286.6493055286508,True,0.9999998928091576
merge-confirm,128,"{""attention_groups"": 320, ""barrier"": ""simd"", ""compact"": true, ""merge_sgs"": 4, ""merge_unroll"": 32, ""sgs"": 4, ""split"": true, ""task_barrier"": false, ""tn"": 16, ""workers"": 160}","{""attention_groups"": 320, ""barrier"": ""simd"", ""compact"": true, ""merge_sgs"": 4, ""merge_unroll"": 32, ""sgs"": 4, ""split"": true, ""task_barrier"": false, ""tn"": 16, ""workers"": 160}",629.3559026283523,657.1788194899758,691.701388762643,True,0.9999996265052908
merge-confirm,8192,"{""attention_groups"": 320, ""barrier"": ""simd"", ""compact"": true, ""merge_sgs"": 4, ""merge_unroll"": 32, ""sgs"": 4, ""split"": true, ""task_barrier"": false, ""tn"": 16, ""workers"": 160}","{""attention_groups"": 320, ""barrier"": ""simd"", ""compact"": true, ""merge_sgs"": 4, ""merge_unroll"": 32, ""sgs"": 4, ""split"": true, ""task_barrier"": false, ""tn"": 16, ""workers"": 160}",1065.664930579563,1357.8802083308499,1447.5416666828096,True,0.9999998928091576
merge-confirm,128,"{""attention_groups"": 320, ""barrier"": ""serial"", ""compact"": true, ""sgs"": 4, ""split"": true, ""task_barrier"": false, ""tn"": 16, ""workers"": 160}","{""attention_groups"": 320, ""barrier"": ""serial"", ""compact"": true, ""sgs"": 4, ""split"": true, ""task_barrier"": false, ""tn"": 16, ""workers"": 160}",630.4392359840373,655.0815971568227,794.7725695557892,True,0.9999996265052908
merge-confirm,8192,"{""attention_groups"": 320, ""barrier"": ""serial"", ""compact"": true, ""sgs"": 4, ""split"": true, ""task_barrier"": false, ""tn"": 16, ""workers"": 160}","{""attention_groups"": 320, ""barrier"": ""serial"", ""compact"": true, ""sgs"": 4, ""split"": true, ""task_barrier"": false, ""tn"": 16, ""workers"": 160}",1066.3611109678943,1101.6371527997155,1226.0243056031566,True,0.9999998928091576
merge-confirm,128,"{""attention_groups"": 320, ""barrier"": ""leader"", ""compact"": true, ""sgs"": 4, ""split"": true, ""task_barrier"": false, ""tn"": 16, ""workers"": 160}","{""attention_groups"": 320, ""barrier"": ""leader"", ""compact"": true, ""sgs"": 4, ""split"": true, ""task_barrier"": false, ""tn"": 16, ""workers"": 160}",629.8368054752549,656.2256941882273,671.3472221357127,True,0.9999996265052908
merge-confirm,8192,"{""attention_groups"": 320, ""barrier"": ""leader"", ""compact"": true, ""sgs"": 4, ""split"": true, ""task_barrier"": false, ""tn"": 16, ""workers"": 160}","{""attention_groups"": 320, ""barrier"": ""leader"", ""compact"": true, ""sgs"": 4, ""split"": true, ""task_barrier"": false, ""tn"": 16, ""workers"": 160}",1065.532986074686,1102.2361111827195,1096.847222186625,True,0.9999998928091576
merge-confirm,128,"{""attention_groups"": 320, ""barrier"": ""simd"", ""compact"": true, ""sgs"": 4, ""split"": true, ""task_barrier"": true, ""tn"": 16, ""workers"": 160}","{""attention_groups"": 320, ""barrier"": ""simd"", ""compact"": true, ""sgs"": 4, ""split"": true, ""task_barrier"": true, ""tn"": 16, ""workers"": 160}",629.6006944030523,655.3281250720223,668.2760417461395,True,0.9999996265052908
merge-confirm,8192,"{""attention_groups"": 320, ""barrier"": ""simd"", ""compact"": true, ""sgs"": 4, ""split"": true, ""task_barrier"": true, ""tn"": 16, ""workers"": 160}","{""attention_groups"": 320, ""barrier"": ""simd"", ""compact"": true, ""sgs"": 4, ""split"": true, ""task_barrier"": true, ""tn"": 16, ""workers"": 160}",1066.3888889054458,1101.2204862199724,1100.2951388557751,True,0.9999998928091576
merge-confirm,128,"{""attention_groups"": 320, ""barrier"": ""simd"", ""compact"": true, ""noinline"": true, ""sgs"": 4, ""split"": true, ""task_barrier"": false, ""tn"": 16, ""workers"": 160}","{""attention_groups"": 320, ""barrier"": ""simd"", ""compact"": true, ""noinline"": true, ""sgs"": 4, ""split"": true, ""task_barrier"": false, ""tn"": 16, ""workers"": 160}",629.3819445806245,655.4565971406797,668.7274305149913,True,0.9999996265052908
merge-confirm,8192,"{""attention_groups"": 320, ""barrier"": ""simd"", ""compact"": true, ""noinline"": true, ""sgs"": 4, ""split"": true, ""task_barrier"": false, ""tn"": 16, ""workers"": 160}","{""attention_groups"": 320, ""barrier"": ""simd"", ""compact"": true, ""noinline"": true, ""sgs"": 4, ""split"": true, ""task_barrier"": false, ""tn"": 16, ""workers"": 160}",1065.137152870496,1099.0190973194938,1095.7517361578841,True,0.9999998928091576
merge-confirm,128,"{""attention_groups"": 320, ""barrier"": ""simd"", ""compact"": true, ""schedule"": ""interleave"", ""sgs"": 4, ""split"": true, ""task_barrier"": false, ""tn"": 16, ""workers"": 160}","{""attention_groups"": 320, ""barrier"": ""simd"", ""compact"": true, ""schedule"": ""interleave"", ""sgs"": 4, ""split"": true, ""task_barrier"": false, ""tn"": 16, ""workers"": 160}",628.5503472511967,652.5954860262573,714.0590278431773,True,0.9999996265052908
merge-confirm,8192,"{""attention_groups"": 320, ""barrier"": ""simd"", ""compact"": true, ""schedule"": ""interleave"", ""sgs"": 4, ""split"": true, ""task_barrier"": false, ""tn"": 16, ""workers"": 160}","{""attention_groups"": 320, ""barrier"": ""simd"", ""compact"": true, ""schedule"": ""interleave"", ""sgs"": 4, ""split"": true, ""task_barrier"": false, ""tn"": 16, ""workers"": 160}",1065.593749905626,1101.53124993667,1256.0312499602635,True,0.9999998928091576
